Device: cuda
Train batch=2  grad_accum=8  (effective batch=16)
C:\Users\nvt\AppData\Local\Temp\pids-bench-deberta-20261002\Lib\site-packages\transformers\convert_slow_tokenizer.py:564: UserWarning: The sentencepiece tokenizer that you are converting to a fast tokenizer uses the byte fallback option which is not implemented in the fast tokenizers. In practice this means that the fast version of the tokenizer can produce unknown tokens whereas the sentencepiece version would have converted these unknown tokens into a sequence of byte tokens matching the original piece of text.
  warnings.warn(

Map:   0%|          | 0/27093 [00:00<?, ? examples/s]
Map:   4%|3         | 1000/27093 [00:01<00:37, 688.96 examples/s]
Map:   7%|7         | 2000/27093 [00:02<00:33, 744.58 examples/s]
Map:  11%|#1        | 3000/27093 [00:04<00:33, 728.89 examples/s]
Map:  15%|#4        | 4000/27093 [00:05<00:30, 751.34 examples/s]
Map:  18%|#8        | 5000/27093 [00:07<00:31, 693.02 examples/s]
Map:  22%|##2       | 6000/27093 [00:08<00:31, 674.00 examples/s]
Map:  26%|##5       | 7000/27093 [00:10<00:30, 655.67 examples/s]
Map:  30%|##9       | 8000/27093 [00:12<00:31, 602.75 examples/s]
Map:  33%|###3      | 9000/27093 [00:14<00:33, 540.95 examples/s]
Map:  37%|###6      | 10000/27093 [00:16<00:34, 492.94 examples/s]
Map:  41%|####      | 11000/27093 [00:19<00:34, 471.31 examples/s]
Map:  44%|####4     | 12000/27093 [00:21<00:30, 489.18 examples/s]
Map:  48%|####7     | 13000/27093 [00:22<00:26, 529.94 examples/s]
Map:  52%|#####1    | 14000/27093 [00:24<00:24, 541.61 examples/s]
Map:  55%|#####5    | 15000/27093 [00:26<00:22, 534.52 examples/s]
Map:  59%|#####9    | 16000/27093 [00:28<00:21, 507.40 examples/s]
Map:  63%|######2   | 17000/27093 [00:30<00:19, 525.22 examples/s]
Map:  66%|######6   | 18000/27093 [00:32<00:18, 504.08 examples/s]
Map:  70%|#######   | 19000/27093 [00:34<00:15, 532.31 examples/s]
Map:  74%|#######3  | 20000/27093 [00:35<00:13, 538.39 examples/s]
Map:  78%|#######7  | 21000/27093 [00:37<00:11, 536.44 examples/s]
Map:  81%|########1 | 22000/27093 [00:39<00:08, 573.48 examples/s]
Map:  85%|########4 | 23000/27093 [00:41<00:07, 539.92 examples/s]
Map:  89%|########8 | 24000/27093 [00:43<00:06, 513.76 examples/s]
Map:  92%|#########2| 25000/27093 [00:45<00:04, 495.65 examples/s]
Map:  96%|#########5| 26000/27093 [00:47<00:02, 505.96 examples/s]
Map: 100%|#########9| 27000/27093 [00:49<00:00, 498.10 examples/s]
Map: 100%|##########| 27093/27093 [00:49<00:00, 496.58 examples/s]
Map: 100%|##########| 27093/27093 [00:49<00:00, 544.06 examples/s]

Map:   0%|          | 0/3989 [00:00<?, ? examples/s]
Map:  25%|##5       | 1000/3989 [00:01<00:04, 688.06 examples/s]
Map:  50%|#####     | 2000/3989 [00:02<00:02, 708.57 examples/s]
Map:  75%|#######5  | 3000/3989 [00:04<00:01, 601.88 examples/s]
Map: 100%|##########| 3989/3989 [00:07<00:00, 499.97 examples/s]
Map: 100%|##########| 3989/3989 [00:07<00:00, 545.96 examples/s]

Map:   0%|          | 0/3918 [00:00<?, ? examples/s]
Map:  26%|##5       | 1000/3918 [00:02<00:07, 413.05 examples/s]
Map:  51%|#####1    | 2000/3918 [00:04<00:04, 408.53 examples/s]
Map:  77%|#######6  | 3000/3918 [00:07<00:02, 425.53 examples/s]
Map: 100%|##########| 3918/3918 [00:09<00:00, 437.95 examples/s]
Map: 100%|##########| 3918/3918 [00:09<00:00, 428.86 examples/s]
`torch_dtype` is deprecated! Use `dtype` instead!
Some weights of DebertaV2ForSequenceClassification were not initialized from the model checkpoint at microsoft/deberta-v3-base and are newly initialized: ['classifier.bias', 'classifier.weight', 'pooler.dense.bias', 'pooler.dense.weight']
You should probably TRAIN this model on a down-stream task to be able to use it for predictions and inference.

  0%|          | 0/5082 [00:00<?, ?it/s]
 67%|######6   | 3389/5082 [00:09<00:04, 366.82it/s]
 67%|######6   | 3391/5082 [00:20<00:04, 366.82it/s]
 67%|######6   | 3392/5082 [00:23<00:14, 116.21it/s]
 67%|######6   | 3393/5082 [00:26<00:18, 92.36it/s] 
 67%|######6   | 3395/5082 [00:40<00:18, 92.36it/s]
 67%|######6   | 3396/5082 [00:42<00:41, 40.91it/s]
 67%|######6   | 3397/5082 [00:47<00:51, 32.62it/s]
 67%|######6   | 3399/5082 [01:00<00:51, 32.62it/s]
 67%|######6   | 3400/5082 [01:00<01:28, 18.98it/s]
                                                   
{'loss': 0.0278, 'grad_norm': 0.05831969901919365, 'learning_rate': 7.04626334519573e-06, 'epoch': 2.01}

 67%|######6   | 3400/5082 [01:00<01:28, 18.98it/s]
 67%|######6   | 3401/5082 [01:05<01:46, 15.77it/s]
 67%|######6   | 3404/5082 [01:20<01:46, 15.77it/s]
 67%|######7   | 3405/5082 [01:22<03:25,  8.16it/s]
 67%|######7   | 3406/5082 [01:26<03:56,  7.09it/s]
 67%|######7   | 3408/5082 [01:40<03:56,  7.09it/s]
 67%|######7   | 3409/5082 [01:41<06:43,  4.15it/s]
 67%|######7   | 3410/5082 [01:46<08:02,  3.47it/s]
 67%|######7   | 3413/5082 [02:00<12:54,  2.15it/s]
 67%|######7   | 3414/5082 [02:04<15:14,  1.82it/s]
 67%|######7   | 3416/5082 [02:15<21:48,  1.27it/s]
 67%|######7   | 3417/5082 [02:21<26:49,  1.03it/s]
 67%|######7   | 3418/5082 [02:26<32:51,  1.18s/it]
 67%|######7   | 3419/5082 [02:32<40:29,  1.46s/it]
 67%|######7   | 3420/5082 [02:37<48:37,  1.76s/it]
 67%|######7   | 3421/5082 [02:42<57:34,  2.08s/it]
 67%|######7   | 3422/5082 [02:45<1:02:28,  2.26s/it]
 67%|######7   | 3423/5082 [02:48<1:06:09,  2.39s/it]
 67%|######7   | 3424/5082 [02:54<1:21:44,  2.96s/it]
 67%|######7   | 3425/5082 [02:58<1:33:07,  3.37s/it]
 67%|######7   | 3426/5082 [03:03<1:42:43,  3.72s/it]
 67%|######7   | 3427/5082 [03:07<1:45:04,  3.81s/it]
 67%|######7   | 3428/5082 [03:11<1:45:45,  3.84s/it]
 67%|######7   | 3429/5082 [03:15<1:45:22,  3.83s/it]
 67%|######7   | 3430/5082 [03:19<1:46:41,  3.88s/it]
 68%|######7   | 3431/5082 [03:22<1:41:41,  3.70s/it]
 68%|######7   | 3432/5082 [03:26<1:39:40,  3.62s/it]
 68%|######7   | 3433/5082 [03:29<1:35:31,  3.48s/it]
 68%|######7   | 3434/5082 [03:34<1:48:35,  3.95s/it]
 68%|######7   | 3435/5082 [03:39<1:58:52,  4.33s/it]
 68%|######7   | 3436/5082 [03:44<2:04:43,  4.55s/it]
 68%|######7   | 3437/5082 [03:48<1:53:58,  4.16s/it]
 68%|######7   | 3438/5082 [03:50<1:41:23,  3.70s/it]
 68%|######7   | 3439/5082 [03:54<1:43:07,  3.77s/it]
 68%|######7   | 3440/5082 [03:59<1:51:46,  4.08s/it]
 68%|######7   | 3441/5082 [04:02<1:45:12,  3.85s/it]
 68%|######7   | 3442/5082 [04:06<1:46:38,  3.90s/it]
 68%|######7   | 3443/5082 [04:11<1:50:43,  4.05s/it]
 68%|######7   | 3444/5082 [04:14<1:43:24,  3.79s/it]
 68%|######7   | 3445/5082 [04:17<1:37:32,  3.58s/it]
 68%|######7   | 3446/5082 [04:20<1:32:11,  3.38s/it]
 68%|######7   | 3447/5082 [04:23<1:27:36,  3.21s/it]
 68%|######7   | 3448/5082 [04:27<1:33:10,  3.42s/it]
 68%|######7   | 3449/5082 [04:32<1:47:52,  3.96s/it]
 68%|######7   | 3450/5082 [04:37<1:54:29,  4.21s/it]
                                                     
{'loss': 0.0156, 'grad_norm': 0.009103837423026562, 'learning_rate': 6.836926941595145e-06, 'epoch': 2.04}

 68%|######7   | 3450/5082 [04:37<1:54:29,  4.21s/it]
 68%|######7   | 3451/5082 [04:41<1:59:16,  4.39s/it]
 68%|######7   | 3452/5082 [04:46<1:59:29,  4.40s/it]
 68%|######7   | 3453/5082 [04:51<2:05:32,  4.62s/it]
 68%|######7   | 3454/5082 [04:55<2:04:05,  4.57s/it]
 68%|######7   | 3455/5082 [05:00<2:04:39,  4.60s/it]
 68%|######8   | 3456/5082 [05:05<2:08:03,  4.73s/it]
 68%|######8   | 3457/5082 [05:09<2:01:13,  4.48s/it]
 68%|######8   | 3458/5082 [05:14<2:01:50,  4.50s/it]
 68%|######8   | 3459/5082 [05:18<2:02:12,  4.52s/it]
 68%|######8   | 3460/5082 [05:23<2:02:24,  4.53s/it]
 68%|######8   | 3461/5082 [05:27<2:02:24,  4.53s/it]
 68%|######8   | 3462/5082 [05:30<1:47:29,  3.98s/it]
 68%|######8   | 3463/5082 [05:34<1:45:33,  3.91s/it]
 68%|######8   | 3464/5082 [05:37<1:39:20,  3.68s/it]
 68%|######8   | 3465/5082 [05:41<1:42:16,  3.80s/it]
 68%|######8   | 3466/5082 [05:46<1:49:28,  4.06s/it]
 68%|######8   | 3467/5082 [05:49<1:42:29,  3.81s/it]
 68%|######8   | 3468/5082 [05:51<1:33:17,  3.47s/it]
 68%|######8   | 3469/5082 [05:54<1:26:25,  3.21s/it]
 68%|######8   | 3470/5082 [05:58<1:33:59,  3.50s/it]
 68%|######8   | 3471/5082 [06:03<1:45:27,  3.93s/it]
 68%|######8   | 3472/5082 [06:09<2:00:08,  4.48s/it]
 68%|######8   | 3473/5082 [06:14<2:05:14,  4.67s/it]
 68%|######8   | 3474/5082 [06:19<2:10:14,  4.86s/it]
 68%|######8   | 3475/5082 [06:25<2:17:30,  5.13s/it]
 68%|######8   | 3476/5082 [06:31<2:23:02,  5.34s/it]
 68%|######8   | 3477/5082 [06:36<2:20:47,  5.26s/it]
 68%|######8   | 3478/5082 [06:41<2:18:12,  5.17s/it]
 68%|######8   | 3479/5082 [06:46<2:18:37,  5.19s/it]
 68%|######8   | 3480/5082 [06:51<2:16:24,  5.11s/it]
 68%|######8   | 3481/5082 [06:56<2:16:47,  5.13s/it]
 69%|######8   | 3482/5082 [07:01<2:12:58,  4.99s/it]
 69%|######8   | 3483/5082 [07:05<2:06:30,  4.75s/it]
 69%|######8   | 3484/5082 [07:09<2:02:56,  4.62s/it]
 69%|######8   | 3485/5082 [07:14<2:00:48,  4.54s/it]
 69%|######8   | 3486/5082 [07:19<2:06:23,  4.75s/it]
 69%|######8   | 3487/5082 [07:25<2:11:55,  4.96s/it]
 69%|######8   | 3488/5082 [07:29<2:08:43,  4.85s/it]
 69%|######8   | 3489/5082 [07:33<2:02:52,  4.63s/it]
 69%|######8   | 3490/5082 [07:37<1:51:57,  4.22s/it]
 69%|######8   | 3491/5082 [07:40<1:43:59,  3.92s/it]
 69%|######8   | 3492/5082 [07:44<1:45:35,  3.98s/it]
 69%|######8   | 3493/5082 [07:49<1:53:15,  4.28s/it]
 69%|######8   | 3494/5082 [07:52<1:47:26,  4.06s/it]
 69%|######8   | 3495/5082 [07:56<1:45:01,  3.97s/it]
 69%|######8   | 3496/5082 [08:01<1:50:10,  4.17s/it]
 69%|######8   | 3497/5082 [08:06<1:58:32,  4.49s/it]
 69%|######8   | 3498/5082 [08:10<1:57:37,  4.46s/it]
 69%|######8   | 3499/5082 [08:15<1:59:28,  4.53s/it]
 69%|######8   | 3500/5082 [08:19<1:52:53,  4.28s/it]
                                                     
{'loss': 0.0151, 'grad_norm': 0.0052342223934829235, 'learning_rate': 6.627590537994558e-06, 'epoch': 2.07}

 69%|######8   | 3500/5082 [08:19<1:52:53,  4.28s/it]
 69%|######8   | 3501/5082 [08:23<1:50:41,  4.20s/it]
 69%|######8   | 3502/5082 [08:25<1:38:26,  3.74s/it]
 69%|######8   | 3503/5082 [08:29<1:38:21,  3.74s/it]
 69%|######8   | 3504/5082 [08:34<1:49:16,  4.16s/it]
 69%|######8   | 3505/5082 [08:38<1:44:20,  3.97s/it]
 69%|######8   | 3506/5082 [08:42<1:42:03,  3.89s/it]
 69%|######9   | 3507/5082 [08:45<1:40:04,  3.81s/it]
 69%|######9   | 3508/5082 [08:48<1:31:16,  3.48s/it]
 69%|######9   | 3509/5082 [08:51<1:25:43,  3.27s/it]
 69%|######9   | 3510/5082 [08:55<1:35:57,  3.66s/it]
 69%|######9   | 3511/5082 [08:59<1:37:05,  3.71s/it]
 69%|######9   | 3512/5082 [09:03<1:35:50,  3.66s/it]
 69%|######9   | 3513/5082 [09:06<1:32:40,  3.54s/it]
 69%|######9   | 3514/5082 [09:09<1:26:08,  3.30s/it]
 69%|######9   | 3515/5082 [09:12<1:28:36,  3.39s/it]
 69%|######9   | 3516/5082 [09:16<1:31:14,  3.50s/it]
 69%|######9   | 3517/5082 [09:19<1:27:41,  3.36s/it]
 69%|######9   | 3518/5082 [09:23<1:36:01,  3.68s/it]
 69%|######9   | 3519/5082 [09:29<1:48:20,  4.16s/it]
 69%|######9   | 3520/5082 [09:34<1:54:43,  4.41s/it]
 69%|######9   | 3521/5082 [09:39<1:59:56,  4.61s/it]
 69%|######9   | 3522/5082 [09:44<2:01:11,  4.66s/it]
 69%|######9   | 3523/5082 [09:48<1:57:02,  4.50s/it]
 69%|######9   | 3524/5082 [09:52<1:56:03,  4.47s/it]
 69%|######9   | 3525/5082 [09:56<1:53:35,  4.38s/it]
 69%|######9   | 3526/5082 [10:00<1:52:17,  4.33s/it]
 69%|######9   | 3527/5082 [10:05<1:56:04,  4.48s/it]
 69%|######9   | 3528/5082 [10:10<2:00:09,  4.64s/it]
 69%|######9   | 3529/5082 [10:15<2:00:29,  4.66s/it]
 69%|######9   | 3530/5082 [10:19<1:55:18,  4.46s/it]
 69%|######9   | 3531/5082 [10:23<1:52:43,  4.36s/it]
 70%|######9   | 3532/5082 [10:26<1:44:50,  4.06s/it]
 70%|######9   | 3533/5082 [10:31<1:45:03,  4.07s/it]
 70%|######9   | 3534/5082 [10:35<1:47:43,  4.18s/it]
 70%|######9   | 3535/5082 [10:38<1:41:18,  3.93s/it]
 70%|######9   | 3536/5082 [10:42<1:41:15,  3.93s/it]
 70%|######9   | 3537/5082 [10:45<1:35:28,  3.71s/it]
 70%|######9   | 3538/5082 [10:50<1:44:42,  4.07s/it]
 70%|######9   | 3539/5082 [10:55<1:52:00,  4.36s/it]
 70%|######9   | 3540/5082 [11:00<1:54:24,  4.45s/it]
 70%|######9   | 3541/5082 [11:05<1:55:02,  4.48s/it]
 70%|######9   | 3542/5082 [11:09<1:50:44,  4.31s/it]
 70%|######9   | 3543/5082 [11:12<1:45:09,  4.10s/it]
 70%|######9   | 3544/5082 [11:16<1:41:21,  3.95s/it]
 70%|######9   | 3545/5082 [11:20<1:44:18,  4.07s/it]
 70%|######9   | 3546/5082 [11:25<1:47:55,  4.22s/it]
 70%|######9   | 3547/5082 [11:29<1:47:34,  4.21s/it]
 70%|######9   | 3548/5082 [11:33<1:48:12,  4.23s/it]
 70%|######9   | 3549/5082 [11:38<1:50:54,  4.34s/it]
 70%|######9   | 3550/5082 [11:42<1:47:41,  4.22s/it]
                                                     
{'loss': 0.0215, 'grad_norm': 0.0053702848963439465, 'learning_rate': 6.418254134393972e-06, 'epoch': 2.1}

 70%|######9   | 3550/5082 [11:42<1:47:41,  4.22s/it]
 70%|######9   | 3551/5082 [11:46<1:47:47,  4.22s/it]
 70%|######9   | 3552/5082 [11:51<1:52:06,  4.40s/it]
 70%|######9   | 3553/5082 [11:55<1:50:46,  4.35s/it]
 70%|######9   | 3554/5082 [12:00<1:54:27,  4.49s/it]
 70%|######9   | 3555/5082 [12:05<2:01:56,  4.79s/it]
 70%|######9   | 3556/5082 [12:10<2:03:22,  4.85s/it]
 70%|######9   | 3557/5082 [12:16<2:06:29,  4.98s/it]
 70%|#######   | 3558/5082 [12:20<1:58:56,  4.68s/it]
 70%|#######   | 3559/5082 [12:23<1:46:19,  4.19s/it]
 70%|#######   | 3560/5082 [12:25<1:36:37,  3.81s/it]
 70%|#######   | 3561/5082 [12:30<1:42:39,  4.05s/it]
 70%|#######   | 3562/5082 [12:35<1:50:23,  4.36s/it]
 70%|#######   | 3563/5082 [12:39<1:43:33,  4.09s/it]
 70%|#######   | 3564/5082 [12:41<1:32:06,  3.64s/it]
 70%|#######   | 3565/5082 [12:44<1:25:39,  3.39s/it]
 70%|#######   | 3566/5082 [12:47<1:18:53,  3.12s/it]
 70%|#######   | 3567/5082 [12:50<1:19:03,  3.13s/it]
 70%|#######   | 3568/5082 [12:53<1:17:02,  3.05s/it]
 70%|#######   | 3569/5082 [12:56<1:20:57,  3.21s/it]
 70%|#######   | 3570/5082 [12:59<1:17:16,  3.07s/it]
 70%|#######   | 3571/5082 [13:02<1:14:38,  2.96s/it]
 70%|#######   | 3572/5082 [13:05<1:15:04,  2.98s/it]
 70%|#######   | 3573/5082 [13:08<1:15:22,  3.00s/it]
 70%|#######   | 3574/5082 [13:11<1:15:23,  3.00s/it]
 70%|#######   | 3575/5082 [13:15<1:26:00,  3.42s/it]
 70%|#######   | 3576/5082 [13:18<1:25:15,  3.40s/it]
 70%|#######   | 3577/5082 [13:22<1:28:16,  3.52s/it]
 70%|#######   | 3578/5082 [13:26<1:27:46,  3.50s/it]
 70%|#######   | 3579/5082 [13:30<1:36:13,  3.84s/it]
 70%|#######   | 3580/5082 [13:35<1:42:45,  4.10s/it]
 70%|#######   | 3581/5082 [13:40<1:46:37,  4.26s/it]
 70%|#######   | 3582/5082 [13:45<1:53:14,  4.53s/it]
 71%|#######   | 3583/5082 [13:48<1:46:40,  4.27s/it]
 71%|#######   | 3584/5082 [13:52<1:41:38,  4.07s/it]
 71%|#######   | 3585/5082 [13:55<1:32:23,  3.70s/it]
 71%|#######   | 3586/5082 [13:58<1:28:06,  3.53s/it]
 71%|#######   | 3587/5082 [14:01<1:23:19,  3.34s/it]
 71%|#######   | 3588/5082 [14:05<1:28:42,  3.56s/it]
 71%|#######   | 3589/5082 [14:09<1:29:59,  3.62s/it]
 71%|#######   | 3590/5082 [14:13<1:32:42,  3.73s/it]
 71%|#######   | 3591/5082 [14:17<1:32:44,  3.73s/it]
 71%|#######   | 3592/5082 [14:21<1:36:00,  3.87s/it]
 71%|#######   | 3593/5082 [14:24<1:34:35,  3.81s/it]
 71%|#######   | 3594/5082 [14:29<1:37:33,  3.93s/it]
 71%|#######   | 3595/5082 [14:32<1:35:54,  3.87s/it]
 71%|#######   | 3596/5082 [14:37<1:44:49,  4.23s/it]
 71%|#######   | 3597/5082 [14:41<1:43:20,  4.18s/it]
 71%|#######   | 3598/5082 [14:46<1:46:45,  4.32s/it]
 71%|#######   | 3599/5082 [14:52<1:56:15,  4.70s/it]
 71%|#######   | 3600/5082 [14:56<1:55:53,  4.69s/it]
                                                     

{'loss': 0.0243, 'grad_norm': 0.03693712130188942, 'learning_rate': 6.208917730793386e-06, 'epoch': 2.13}
 71%|#######   | 3600/5082 [14:56<1:55:53,  4.69s/it]
 71%|#######   | 3601/5082 [15:01<1:54:15,  4.63s/it]
 71%|#######   | 3602/5082 [15:05<1:53:52,  4.62s/it]
 71%|#######   | 3603/5082 [15:10<1:50:41,  4.49s/it]
 71%|#######   | 3604/5082 [15:14<1:48:03,  4.39s/it]
 71%|#######   | 3605/5082 [15:18<1:47:26,  4.36s/it]
 71%|#######   | 3606/5082 [15:23<1:49:53,  4.47s/it]
 71%|#######   | 3607/5082 [15:27<1:48:21,  4.41s/it]
 71%|#######   | 3608/5082 [15:32<1:49:09,  4.44s/it]
 71%|#######1  | 3609/5082 [15:37<1:53:05,  4.61s/it]
 71%|#######1  | 3610/5082 [15:42<1:56:24,  4.75s/it]
 71%|#######1  | 3611/5082 [15:47<1:58:56,  4.85s/it]
 71%|#######1  | 3612/5082 [15:51<1:55:59,  4.73s/it]
 71%|#######1  | 3613/5082 [15:55<1:50:12,  4.50s/it]
 71%|#######1  | 3614/5082 [15:59<1:47:05,  4.38s/it]
 71%|#######1  | 3615/5082 [16:03<1:43:21,  4.23s/it]
 71%|#######1  | 3616/5082 [16:07<1:39:43,  4.08s/it]
 71%|#######1  | 3617/5082 [16:12<1:50:13,  4.51s/it]
 71%|#######1  | 3618/5082 [16:17<1:51:34,  4.57s/it]
 71%|#######1  | 3619/5082 [16:23<1:59:38,  4.91s/it]
 71%|#######1  | 3620/5082 [16:28<2:04:34,  5.11s/it]
 71%|#######1  | 3621/5082 [16:34<2:07:39,  5.24s/it]
 71%|#######1  | 3622/5082 [16:39<2:06:35,  5.20s/it]
 71%|#######1  | 3623/5082 [16:43<1:59:28,  4.91s/it]
 71%|#######1  | 3624/5082 [16:46<1:43:20,  4.25s/it]
 71%|#######1  | 3625/5082 [16:49<1:32:42,  3.82s/it]
 71%|#######1  | 3626/5082 [16:51<1:23:42,  3.45s/it]
 71%|#######1  | 3627/5082 [16:55<1:21:38,  3.37s/it]
 71%|#######1  | 3628/5082 [16:58<1:23:02,  3.43s/it]
 71%|#######1  | 3629/5082 [17:03<1:32:41,  3.83s/it]
 71%|#######1  | 3630/5082 [17:08<1:39:04,  4.09s/it]
 71%|#######1  | 3631/5082 [17:12<1:43:39,  4.29s/it]
 71%|#######1  | 3632/5082 [17:17<1:43:44,  4.29s/it]
 71%|#######1  | 3633/5082 [17:19<1:33:18,  3.86s/it]
 72%|#######1  | 3634/5082 [17:24<1:34:56,  3.93s/it]
 72%|#######1  | 3635/5082 [17:28<1:37:42,  4.05s/it]
 72%|#######1  | 3636/5082 [17:32<1:40:07,  4.15s/it]
 72%|#######1  | 3637/5082 [17:37<1:45:39,  4.39s/it]
 72%|#######1  | 3638/5082 [17:40<1:36:52,  4.03s/it]
 72%|#######1  | 3639/5082 [17:44<1:31:31,  3.81s/it]
 72%|#######1  | 3640/5082 [17:49<1:38:37,  4.10s/it]
 72%|#######1  | 3641/5082 [17:54<1:44:59,  4.37s/it]
 72%|#######1  | 3642/5082 [17:58<1:47:12,  4.47s/it]
 72%|#######1  | 3643/5082 [18:03<1:52:04,  4.67s/it]
 72%|#######1  | 3644/5082 [18:09<2:01:02,  5.05s/it]
 72%|#######1  | 3645/5082 [18:15<2:05:14,  5.23s/it]
 72%|#######1  | 3646/5082 [18:20<2:03:52,  5.18s/it]
 72%|#######1  | 3647/5082 [18:26<2:06:34,  5.29s/it]
 72%|#######1  | 3648/5082 [18:31<2:08:27,  5.37s/it]
 72%|#######1  | 3649/5082 [18:36<2:07:34,  5.34s/it]
 72%|#######1  | 3650/5082 [18:41<2:05:35,  5.26s/it]
                                                     
{'loss': 0.0083, 'grad_norm': 0.0150540079921484, 'learning_rate': 5.9995813271928e-06, 'epoch': 2.15}

 72%|#######1  | 3650/5082 [18:41<2:05:35,  5.26s/it]
 72%|#######1  | 3651/5082 [18:47<2:07:23,  5.34s/it]
 72%|#######1  | 3652/5082 [18:51<1:56:55,  4.91s/it]
 72%|#######1  | 3653/5082 [18:56<2:00:08,  5.04s/it]
 72%|#######1  | 3654/5082 [19:01<2:00:57,  5.08s/it]
 72%|#######1  | 3655/5082 [19:06<2:00:48,  5.08s/it]
 72%|#######1  | 3656/5082 [19:11<1:59:30,  5.03s/it]
 72%|#######1  | 3657/5082 [19:16<1:58:21,  4.98s/it]
 72%|#######1  | 3658/5082 [19:21<1:55:46,  4.88s/it]
 72%|#######1  | 3659/5082 [19:25<1:53:28,  4.78s/it]
 72%|#######2  | 3660/5082 [19:30<1:52:28,  4.75s/it]
 72%|#######2  | 3661/5082 [19:34<1:45:56,  4.47s/it]
 72%|#######2  | 3662/5082 [19:39<1:48:52,  4.60s/it]
 72%|#######2  | 3663/5082 [19:43<1:46:51,  4.52s/it]
 72%|#######2  | 3664/5082 [19:48<1:45:45,  4.48s/it]
 72%|#######2  | 3665/5082 [19:52<1:44:48,  4.44s/it]
 72%|#######2  | 3666/5082 [19:56<1:45:43,  4.48s/it]
 72%|#######2  | 3667/5082 [20:01<1:46:58,  4.54s/it]
 72%|#######2  | 3668/5082 [20:07<1:54:20,  4.85s/it]
 72%|#######2  | 3669/5082 [20:12<1:54:12,  4.85s/it]
 72%|#######2  | 3670/5082 [20:17<1:59:11,  5.06s/it]
 72%|#######2  | 3671/5082 [20:20<1:46:32,  4.53s/it]
 72%|#######2  | 3672/5082 [20:24<1:42:07,  4.35s/it]
 72%|#######2  | 3673/5082 [20:28<1:40:39,  4.29s/it]
 72%|#######2  | 3674/5082 [20:33<1:42:11,  4.35s/it]
 72%|#######2  | 3675/5082 [20:36<1:30:44,  3.87s/it]
 72%|#######2  | 3676/5082 [20:38<1:22:01,  3.50s/it]
 72%|#######2  | 3677/5082 [20:42<1:19:58,  3.41s/it]
 72%|#######2  | 3678/5082 [20:45<1:22:00,  3.50s/it]
 72%|#######2  | 3679/5082 [20:50<1:30:34,  3.87s/it]
 72%|#######2  | 3680/5082 [20:55<1:39:07,  4.24s/it]
 72%|#######2  | 3681/5082 [21:00<1:44:04,  4.46s/it]
 72%|#######2  | 3682/5082 [21:05<1:43:54,  4.45s/it]
 72%|#######2  | 3683/5082 [21:09<1:45:20,  4.52s/it]
 72%|#######2  | 3684/5082 [21:13<1:39:47,  4.28s/it]
 73%|#######2  | 3685/5082 [21:16<1:33:11,  4.00s/it]
 73%|#######2  | 3686/5082 [21:21<1:37:30,  4.19s/it]
 73%|#######2  | 3687/5082 [21:25<1:35:56,  4.13s/it]
 73%|#######2  | 3688/5082 [21:29<1:38:41,  4.25s/it]
 73%|#######2  | 3689/5082 [21:34<1:37:36,  4.20s/it]
 73%|#######2  | 3690/5082 [21:39<1:42:55,  4.44s/it]
 73%|#######2  | 3691/5082 [21:44<1:47:20,  4.63s/it]
 73%|#######2  | 3692/5082 [21:48<1:44:00,  4.49s/it]
 73%|#######2  | 3693/5082 [21:53<1:45:38,  4.56s/it]
 73%|#######2  | 3694/5082 [21:58<1:50:16,  4.77s/it]
 73%|#######2  | 3695/5082 [22:03<1:53:34,  4.91s/it]
 73%|#######2  | 3696/5082 [22:09<1:58:40,  5.14s/it]
 73%|#######2  | 3697/5082 [22:14<2:00:56,  5.24s/it]
 73%|#######2  | 3698/5082 [22:19<1:56:25,  5.05s/it]
 73%|#######2  | 3699/5082 [22:23<1:49:02,  4.73s/it]
 73%|#######2  | 3700/5082 [22:28<1:49:17,  4.74s/it]
                                                     
{'loss': 0.0167, 'grad_norm': 0.009534012526273727, 'learning_rate': 5.790244923592213e-06, 'epoch': 2.18}

 73%|#######2  | 3700/5082 [22:28<1:49:17,  4.74s/it]
 73%|#######2  | 3701/5082 [22:33<1:52:14,  4.88s/it]
 73%|#######2  | 3702/5082 [22:38<1:54:47,  4.99s/it]
 73%|#######2  | 3703/5082 [22:43<1:55:40,  5.03s/it]
 73%|#######2  | 3704/5082 [22:49<1:59:23,  5.20s/it]
 73%|#######2  | 3705/5082 [22:54<1:59:39,  5.21s/it]
 73%|#######2  | 3706/5082 [22:59<1:57:41,  5.13s/it]
 73%|#######2  | 3707/5082 [23:03<1:50:17,  4.81s/it]
 73%|#######2  | 3708/5082 [23:06<1:38:57,  4.32s/it]
 73%|#######2  | 3709/5082 [23:10<1:38:17,  4.30s/it]
 73%|#######3  | 3710/5082 [23:15<1:40:06,  4.38s/it]
 73%|#######3  | 3711/5082 [23:19<1:35:44,  4.19s/it]
 73%|#######3  | 3712/5082 [23:22<1:32:44,  4.06s/it]
 73%|#######3  | 3713/5082 [23:27<1:34:01,  4.12s/it]
 73%|#######3  | 3714/5082 [23:31<1:34:16,  4.14s/it]
 73%|#######3  | 3715/5082 [23:35<1:36:52,  4.25s/it]
 73%|#######3  | 3716/5082 [23:41<1:43:29,  4.55s/it]
 73%|#######3  | 3717/5082 [23:45<1:45:36,  4.64s/it]
 73%|#######3  | 3718/5082 [23:50<1:43:13,  4.54s/it]
 73%|#######3  | 3719/5082 [23:54<1:44:07,  4.58s/it]
 73%|#######3  | 3720/5082 [24:00<1:49:04,  4.80s/it]
 73%|#######3  | 3721/5082 [24:03<1:41:32,  4.48s/it]
 73%|#######3  | 3722/5082 [24:08<1:41:17,  4.47s/it]
 73%|#######3  | 3723/5082 [24:11<1:34:36,  4.18s/it]
 73%|#######3  | 3724/5082 [24:17<1:43:08,  4.56s/it]
 73%|#######3  | 3725/5082 [24:22<1:47:04,  4.73s/it]
 73%|#######3  | 3726/5082 [24:27<1:47:58,  4.78s/it]
 73%|#######3  | 3727/5082 [24:32<1:47:27,  4.76s/it]
 73%|#######3  | 3728/5082 [24:37<1:48:55,  4.83s/it]
 73%|#######3  | 3729/5082 [24:42<1:53:32,  5.04s/it]
 73%|#######3  | 3730/5082 [24:47<1:52:29,  4.99s/it]
 73%|#######3  | 3731/5082 [24:52<1:54:57,  5.11s/it]
 73%|#######3  | 3732/5082 [24:57<1:49:45,  4.88s/it]
 73%|#######3  | 3733/5082 [25:02<1:50:06,  4.90s/it]
 73%|#######3  | 3734/5082 [25:06<1:47:53,  4.80s/it]
 73%|#######3  | 3735/5082 [25:10<1:42:39,  4.57s/it]
 74%|#######3  | 3736/5082 [25:15<1:45:16,  4.69s/it]
 74%|#######3  | 3737/5082 [25:20<1:42:37,  4.58s/it]
 74%|#######3  | 3738/5082 [25:24<1:42:09,  4.56s/it]
 74%|#######3  | 3739/5082 [25:29<1:41:30,  4.54s/it]
 74%|#######3  | 3740/5082 [25:33<1:41:37,  4.54s/it]
 74%|#######3  | 3741/5082 [25:37<1:35:33,  4.28s/it]
 74%|#######3  | 3742/5082 [25:41<1:36:35,  4.32s/it]
 74%|#######3  | 3743/5082 [25:46<1:38:13,  4.40s/it]
 74%|#######3  | 3744/5082 [25:50<1:36:23,  4.32s/it]
 74%|#######3  | 3745/5082 [25:55<1:39:40,  4.47s/it]
 74%|#######3  | 3746/5082 [25:59<1:38:48,  4.44s/it]
 74%|#######3  | 3747/5082 [26:04<1:43:29,  4.65s/it]
 74%|#######3  | 3748/5082 [26:10<1:48:40,  4.89s/it]
 74%|#######3  | 3749/5082 [26:15<1:53:08,  5.09s/it]
 74%|#######3  | 3750/5082 [26:21<1:56:43,  5.26s/it]
                                                     
{'loss': 0.0142, 'grad_norm': 2.1219875812530518, 'learning_rate': 5.580908519991627e-06, 'epoch': 2.21}

 74%|#######3  | 3750/5082 [26:21<1:56:43,  5.26s/it]
 74%|#######3  | 3751/5082 [26:27<1:58:59,  5.36s/it]
 74%|#######3  | 3752/5082 [26:32<2:00:51,  5.45s/it]
 74%|#######3  | 3753/5082 [26:38<2:02:55,  5.55s/it]
 74%|#######3  | 3754/5082 [26:43<2:01:12,  5.48s/it]
 74%|#######3  | 3755/5082 [26:48<1:57:19,  5.30s/it]
 74%|#######3  | 3756/5082 [26:53<1:56:19,  5.26s/it]
 74%|#######3  | 3757/5082 [26:59<1:56:41,  5.28s/it]
 74%|#######3  | 3758/5082 [27:03<1:52:23,  5.09s/it]
 74%|#######3  | 3759/5082 [27:08<1:47:04,  4.86s/it]
 74%|#######3  | 3760/5082 [27:12<1:43:28,  4.70s/it]
 74%|#######4  | 3761/5082 [27:16<1:39:50,  4.53s/it]
 74%|#######4  | 3762/5082 [27:20<1:35:02,  4.32s/it]
 74%|#######4  | 3763/5082 [27:24<1:34:42,  4.31s/it]
 74%|#######4  | 3764/5082 [27:28<1:31:11,  4.15s/it]
 74%|#######4  | 3765/5082 [27:32<1:32:33,  4.22s/it]
 74%|#######4  | 3766/5082 [27:37<1:34:14,  4.30s/it]
 74%|#######4  | 3767/5082 [27:42<1:40:34,  4.59s/it]
 74%|#######4  | 3768/5082 [27:48<1:47:46,  4.92s/it]
 74%|#######4  | 3769/5082 [27:53<1:47:02,  4.89s/it]
 74%|#######4  | 3770/5082 [27:57<1:43:28,  4.73s/it]
 74%|#######4  | 3771/5082 [28:02<1:46:39,  4.88s/it]
 74%|#######4  | 3772/5082 [28:08<1:49:08,  5.00s/it]
 74%|#######4  | 3773/5082 [28:13<1:50:19,  5.06s/it]
 74%|#######4  | 3774/5082 [28:18<1:49:24,  5.02s/it]
 74%|#######4  | 3775/5082 [28:22<1:48:04,  4.96s/it]
 74%|#######4  | 3776/5082 [28:28<1:51:36,  5.13s/it]
 74%|#######4  | 3777/5082 [28:33<1:51:21,  5.12s/it]
 74%|#######4  | 3778/5082 [28:38<1:49:53,  5.06s/it]
 74%|#######4  | 3779/5082 [28:43<1:50:15,  5.08s/it]
 74%|#######4  | 3780/5082 [28:48<1:46:38,  4.91s/it]
 74%|#######4  | 3781/5082 [28:52<1:44:09,  4.80s/it]
 74%|#######4  | 3782/5082 [28:56<1:37:51,  4.52s/it]
 74%|#######4  | 3783/5082 [29:01<1:37:49,  4.52s/it]
 74%|#######4  | 3784/5082 [29:05<1:36:27,  4.46s/it]
 74%|#######4  | 3785/5082 [29:09<1:33:32,  4.33s/it]
 74%|#######4  | 3786/5082 [29:13<1:35:11,  4.41s/it]
 75%|#######4  | 3787/5082 [29:18<1:36:59,  4.49s/it]
 75%|#######4  | 3788/5082 [29:23<1:36:31,  4.48s/it]
 75%|#######4  | 3789/5082 [29:28<1:41:25,  4.71s/it]
 75%|#######4  | 3790/5082 [29:33<1:40:59,  4.69s/it]
 75%|#######4  | 3791/5082 [29:36<1:35:14,  4.43s/it]
 75%|#######4  | 3792/5082 [29:39<1:26:47,  4.04s/it]
 75%|#######4  | 3793/5082 [29:44<1:32:05,  4.29s/it]
 75%|#######4  | 3794/5082 [29:49<1:34:43,  4.41s/it]
 75%|#######4  | 3795/5082 [29:54<1:38:20,  4.59s/it]
 75%|#######4  | 3796/5082 [29:59<1:40:15,  4.68s/it]
 75%|#######4  | 3797/5082 [30:04<1:43:40,  4.84s/it]
 75%|#######4  | 3798/5082 [30:11<1:54:27,  5.35s/it]
 75%|#######4  | 3799/5082 [30:16<1:53:09,  5.29s/it]
 75%|#######4  | 3800/5082 [30:22<1:56:37,  5.46s/it]
                                                     
{'loss': 0.0166, 'grad_norm': 0.013628381304442883, 'learning_rate': 5.371572116391041e-06, 'epoch': 2.24}

 75%|#######4  | 3800/5082 [30:22<1:56:37,  5.46s/it]
 75%|#######4  | 3801/5082 [30:27<1:55:47,  5.42s/it]
 75%|#######4  | 3802/5082 [30:33<1:56:38,  5.47s/it]
 75%|#######4  | 3803/5082 [30:37<1:51:58,  5.25s/it]
 75%|#######4  | 3804/5082 [30:43<1:51:41,  5.24s/it]
 75%|#######4  | 3805/5082 [30:48<1:54:31,  5.38s/it]
 75%|#######4  | 3806/5082 [30:54<1:54:11,  5.37s/it]
 75%|#######4  | 3807/5082 [30:59<1:54:11,  5.37s/it]
 75%|#######4  | 3808/5082 [31:03<1:47:13,  5.05s/it]
 75%|#######4  | 3809/5082 [31:08<1:44:01,  4.90s/it]
 75%|#######4  | 3810/5082 [31:13<1:42:57,  4.86s/it]
 75%|#######4  | 3811/5082 [31:17<1:38:05,  4.63s/it]
 75%|#######5  | 3812/5082 [31:21<1:37:44,  4.62s/it]
 75%|#######5  | 3813/5082 [31:25<1:34:53,  4.49s/it]
 75%|#######5  | 3814/5082 [31:30<1:36:12,  4.55s/it]
 75%|#######5  | 3815/5082 [31:35<1:37:21,  4.61s/it]
 75%|#######5  | 3816/5082 [31:40<1:38:35,  4.67s/it]
 75%|#######5  | 3817/5082 [31:45<1:39:10,  4.70s/it]
 75%|#######5  | 3818/5082 [31:50<1:41:41,  4.83s/it]
 75%|#######5  | 3819/5082 [31:55<1:46:07,  5.04s/it]
 75%|#######5  | 3820/5082 [32:00<1:44:16,  4.96s/it]
 75%|#######5  | 3821/5082 [32:05<1:42:39,  4.88s/it]
 75%|#######5  | 3822/5082 [32:10<1:45:23,  5.02s/it]
 75%|#######5  | 3823/5082 [32:15<1:45:43,  5.04s/it]
 75%|#######5  | 3824/5082 [32:20<1:48:01,  5.15s/it]
 75%|#######5  | 3825/5082 [32:26<1:47:46,  5.14s/it]
 75%|#######5  | 3826/5082 [32:31<1:50:50,  5.30s/it]
 75%|#######5  | 3827/5082 [32:36<1:49:09,  5.22s/it]
 75%|#######5  | 3828/5082 [32:41<1:44:46,  5.01s/it]
 75%|#######5  | 3829/5082 [32:46<1:45:45,  5.06s/it]
 75%|#######5  | 3830/5082 [32:51<1:44:50,  5.02s/it]
 75%|#######5  | 3831/5082 [32:55<1:39:37,  4.78s/it]
 75%|#######5  | 3832/5082 [33:00<1:41:10,  4.86s/it]
 75%|#######5  | 3833/5082 [33:05<1:39:51,  4.80s/it]
 75%|#######5  | 3834/5082 [33:10<1:41:28,  4.88s/it]
 75%|#######5  | 3835/5082 [33:14<1:38:45,  4.75s/it]
 75%|#######5  | 3836/5082 [33:18<1:33:41,  4.51s/it]
 76%|#######5  | 3837/5082 [33:23<1:32:47,  4.47s/it]
 76%|#######5  | 3838/5082 [33:27<1:31:25,  4.41s/it]
 76%|#######5  | 3839/5082 [33:31<1:31:04,  4.40s/it]
 76%|#######5  | 3840/5082 [33:35<1:25:55,  4.15s/it]
 76%|#######5  | 3841/5082 [33:39<1:24:43,  4.10s/it]
 76%|#######5  | 3842/5082 [33:43<1:27:19,  4.23s/it]
 76%|#######5  | 3843/5082 [33:48<1:28:12,  4.27s/it]
 76%|#######5  | 3844/5082 [33:52<1:30:43,  4.40s/it]
 76%|#######5  | 3845/5082 [33:57<1:30:21,  4.38s/it]
 76%|#######5  | 3846/5082 [34:02<1:34:44,  4.60s/it]
 76%|#######5  | 3847/5082 [34:06<1:31:22,  4.44s/it]
 76%|#######5  | 3848/5082 [34:12<1:39:10,  4.82s/it]
 76%|#######5  | 3849/5082 [34:15<1:30:55,  4.42s/it]
 76%|#######5  | 3850/5082 [34:21<1:36:15,  4.69s/it]
                                                     
{'loss': 0.0084, 'grad_norm': 0.0034243750851601362, 'learning_rate': 5.162235712790454e-06, 'epoch': 2.27}

 76%|#######5  | 3850/5082 [34:21<1:36:15,  4.69s/it]
 76%|#######5  | 3851/5082 [34:26<1:41:35,  4.95s/it]
 76%|#######5  | 3852/5082 [34:31<1:41:56,  4.97s/it]
 76%|#######5  | 3853/5082 [34:36<1:44:25,  5.10s/it]
 76%|#######5  | 3854/5082 [34:42<1:45:20,  5.15s/it]
 76%|#######5  | 3855/5082 [34:47<1:47:42,  5.27s/it]
 76%|#######5  | 3856/5082 [34:52<1:47:10,  5.25s/it]
 76%|#######5  | 3857/5082 [34:58<1:47:49,  5.28s/it]
 76%|#######5  | 3858/5082 [35:03<1:44:40,  5.13s/it]
 76%|#######5  | 3859/5082 [35:07<1:39:53,  4.90s/it]
 76%|#######5  | 3860/5082 [35:10<1:30:23,  4.44s/it]
 76%|#######5  | 3861/5082 [35:14<1:28:06,  4.33s/it]
 76%|#######5  | 3862/5082 [35:19<1:27:57,  4.33s/it]
 76%|#######6  | 3863/5082 [35:23<1:29:16,  4.39s/it]
 76%|#######6  | 3864/5082 [35:28<1:28:51,  4.38s/it]
 76%|#######6  | 3865/5082 [35:32<1:31:41,  4.52s/it]
 76%|#######6  | 3866/5082 [35:38<1:36:00,  4.74s/it]
 76%|#######6  | 3867/5082 [35:42<1:34:42,  4.68s/it]
 76%|#######6  | 3868/5082 [35:47<1:37:35,  4.82s/it]
 76%|#######6  | 3869/5082 [35:52<1:38:19,  4.86s/it]
 76%|#######6  | 3870/5082 [35:57<1:36:30,  4.78s/it]
 76%|#######6  | 3871/5082 [36:01<1:31:58,  4.56s/it]
 76%|#######6  | 3872/5082 [36:06<1:32:44,  4.60s/it]
 76%|#######6  | 3873/5082 [36:11<1:36:09,  4.77s/it]
 76%|#######6  | 3874/5082 [36:16<1:39:35,  4.95s/it]
 76%|#######6  | 3875/5082 [36:22<1:43:58,  5.17s/it]
 76%|#######6  | 3876/5082 [36:28<1:46:32,  5.30s/it]
 76%|#######6  | 3877/5082 [36:32<1:42:07,  5.08s/it]
 76%|#######6  | 3878/5082 [36:37<1:41:11,  5.04s/it]
 76%|#######6  | 3879/5082 [36:42<1:41:33,  5.06s/it]
 76%|#######6  | 3880/5082 [36:48<1:43:23,  5.16s/it]
 76%|#######6  | 3881/5082 [36:52<1:39:43,  4.98s/it]
 76%|#######6  | 3882/5082 [36:57<1:39:45,  4.99s/it]
 76%|#######6  | 3883/5082 [37:02<1:39:21,  4.97s/it]
 76%|#######6  | 3884/5082 [37:07<1:37:36,  4.89s/it]
 76%|#######6  | 3885/5082 [37:11<1:34:42,  4.75s/it]
 76%|#######6  | 3886/5082 [37:16<1:32:36,  4.65s/it]
 76%|#######6  | 3887/5082 [37:20<1:31:07,  4.57s/it]
 77%|#######6  | 3888/5082 [37:24<1:30:31,  4.55s/it]
 77%|#######6  | 3889/5082 [37:28<1:24:49,  4.27s/it]
 77%|#######6  | 3890/5082 [37:32<1:25:07,  4.28s/it]
 77%|#######6  | 3891/5082 [37:37<1:28:55,  4.48s/it]
 77%|#######6  | 3892/5082 [37:42<1:30:16,  4.55s/it]
 77%|#######6  | 3893/5082 [37:47<1:32:38,  4.68s/it]
 77%|#######6  | 3894/5082 [37:52<1:31:30,  4.62s/it]
 77%|#######6  | 3895/5082 [37:56<1:29:54,  4.54s/it]
 77%|#######6  | 3896/5082 [38:01<1:31:33,  4.63s/it]
 77%|#######6  | 3897/5082 [38:06<1:34:12,  4.77s/it]
 77%|#######6  | 3898/5082 [38:12<1:39:59,  5.07s/it]
 77%|#######6  | 3899/5082 [38:17<1:42:15,  5.19s/it]
 77%|#######6  | 3900/5082 [38:22<1:39:31,  5.05s/it]
                                                     
{'loss': 0.0036, 'grad_norm': 0.002128197345882654, 'learning_rate': 4.952899309189869e-06, 'epoch': 2.3}

 77%|#######6  | 3900/5082 [38:22<1:39:31,  5.05s/it]
 77%|#######6  | 3901/5082 [38:27<1:38:13,  4.99s/it]
 77%|#######6  | 3902/5082 [38:32<1:37:46,  4.97s/it]
 77%|#######6  | 3903/5082 [38:37<1:39:30,  5.06s/it]
 77%|#######6  | 3904/5082 [38:42<1:41:29,  5.17s/it]
 77%|#######6  | 3905/5082 [38:48<1:43:14,  5.26s/it]
 77%|#######6  | 3906/5082 [38:52<1:38:49,  5.04s/it]
 77%|#######6  | 3907/5082 [38:56<1:28:09,  4.50s/it]
 77%|#######6  | 3908/5082 [39:01<1:33:12,  4.76s/it]
 77%|#######6  | 3909/5082 [39:05<1:31:31,  4.68s/it]
 77%|#######6  | 3910/5082 [39:10<1:28:27,  4.53s/it]
 77%|#######6  | 3911/5082 [39:14<1:27:23,  4.48s/it]
 77%|#######6  | 3912/5082 [39:18<1:27:33,  4.49s/it]
 77%|#######6  | 3913/5082 [39:24<1:31:09,  4.68s/it]
 77%|#######7  | 3914/5082 [39:28<1:30:41,  4.66s/it]
 77%|#######7  | 3915/5082 [39:33<1:30:58,  4.68s/it]
 77%|#######7  | 3916/5082 [39:37<1:26:59,  4.48s/it]
 77%|#######7  | 3917/5082 [39:42<1:32:27,  4.76s/it]
 77%|#######7  | 3918/5082 [39:47<1:31:29,  4.72s/it]
 77%|#######7  | 3919/5082 [39:52<1:33:24,  4.82s/it]
 77%|#######7  | 3920/5082 [39:57<1:34:34,  4.88s/it]
 77%|#######7  | 3921/5082 [40:02<1:32:45,  4.79s/it]
 77%|#######7  | 3922/5082 [40:06<1:30:48,  4.70s/it]
 77%|#######7  | 3923/5082 [40:11<1:33:27,  4.84s/it]
 77%|#######7  | 3924/5082 [40:17<1:36:03,  4.98s/it]
 77%|#######7  | 3925/5082 [40:22<1:38:22,  5.10s/it]
 77%|#######7  | 3926/5082 [40:27<1:39:32,  5.17s/it]
 77%|#######7  | 3927/5082 [40:32<1:38:59,  5.14s/it]
 77%|#######7  | 3928/5082 [40:37<1:35:07,  4.95s/it]
 77%|#######7  | 3929/5082 [40:40<1:26:35,  4.51s/it]
 77%|#######7  | 3930/5082 [40:43<1:18:35,  4.09s/it]
 77%|#######7  | 3931/5082 [40:48<1:20:30,  4.20s/it]
 77%|#######7  | 3932/5082 [40:53<1:25:46,  4.48s/it]
 77%|#######7  | 3933/5082 [40:58<1:26:42,  4.53s/it]
 77%|#######7  | 3934/5082 [41:02<1:25:56,  4.49s/it]
 77%|#######7  | 3935/5082 [41:07<1:30:05,  4.71s/it]
 77%|#######7  | 3936/5082 [41:12<1:27:16,  4.57s/it]
 77%|#######7  | 3937/5082 [41:15<1:23:30,  4.38s/it]
 77%|#######7  | 3938/5082 [41:20<1:25:02,  4.46s/it]
 78%|#######7  | 3939/5082 [41:24<1:20:45,  4.24s/it]
 78%|#######7  | 3940/5082 [41:28<1:17:54,  4.09s/it]
 78%|#######7  | 3941/5082 [41:32<1:17:18,  4.07s/it]
 78%|#######7  | 3942/5082 [41:37<1:22:25,  4.34s/it]
 78%|#######7  | 3943/5082 [41:41<1:23:15,  4.39s/it]
 78%|#######7  | 3944/5082 [41:46<1:23:38,  4.41s/it]
 78%|#######7  | 3945/5082 [41:50<1:25:40,  4.52s/it]
 78%|#######7  | 3946/5082 [41:55<1:27:35,  4.63s/it]
 78%|#######7  | 3947/5082 [41:59<1:25:12,  4.50s/it]
 78%|#######7  | 3948/5082 [42:05<1:31:47,  4.86s/it]
 78%|#######7  | 3949/5082 [42:10<1:34:05,  4.98s/it]
 78%|#######7  | 3950/5082 [42:16<1:35:56,  5.09s/it]
                                                     
{'loss': 0.0108, 'grad_norm': 0.0036741134244948626, 'learning_rate': 4.743562905589283e-06, 'epoch': 2.33}

 78%|#######7  | 3950/5082 [42:16<1:35:56,  5.09s/it]
 78%|#######7  | 3951/5082 [42:21<1:38:23,  5.22s/it]
 78%|#######7  | 3952/5082 [42:26<1:38:05,  5.21s/it]
 78%|#######7  | 3953/5082 [42:31<1:37:19,  5.17s/it]
 78%|#######7  | 3954/5082 [42:36<1:34:08,  5.01s/it]
 78%|#######7  | 3955/5082 [42:41<1:31:53,  4.89s/it]
 78%|#######7  | 3956/5082 [42:46<1:32:46,  4.94s/it]
 78%|#######7  | 3957/5082 [42:52<1:37:27,  5.20s/it]
 78%|#######7  | 3958/5082 [42:57<1:38:13,  5.24s/it]
 78%|#######7  | 3959/5082 [43:02<1:35:08,  5.08s/it]
 78%|#######7  | 3960/5082 [43:06<1:33:15,  4.99s/it]
 78%|#######7  | 3961/5082 [43:11<1:29:15,  4.78s/it]
 78%|#######7  | 3962/5082 [43:15<1:26:44,  4.65s/it]
 78%|#######7  | 3963/5082 [43:19<1:22:07,  4.40s/it]
 78%|#######8  | 3964/5082 [43:23<1:22:23,  4.42s/it]
 78%|#######8  | 3965/5082 [43:28<1:24:33,  4.54s/it]
 78%|#######8  | 3966/5082 [43:32<1:22:55,  4.46s/it]
 78%|#######8  | 3967/5082 [43:38<1:27:40,  4.72s/it]
 78%|#######8  | 3968/5082 [43:43<1:32:59,  5.01s/it]
 78%|#######8  | 3969/5082 [43:48<1:32:42,  5.00s/it]
 78%|#######8  | 3970/5082 [43:53<1:31:28,  4.94s/it]
 78%|#######8  | 3971/5082 [43:58<1:30:46,  4.90s/it]
 78%|#######8  | 3972/5082 [44:03<1:30:13,  4.88s/it]
 78%|#######8  | 3973/5082 [44:08<1:29:52,  4.86s/it]
 78%|#######8  | 3974/5082 [44:12<1:28:01,  4.77s/it]
 78%|#######8  | 3975/5082 [44:17<1:28:41,  4.81s/it]
 78%|#######8  | 3976/5082 [44:20<1:19:00,  4.29s/it]
 78%|#######8  | 3977/5082 [44:26<1:26:07,  4.68s/it]
 78%|#######8  | 3978/5082 [44:30<1:26:02,  4.68s/it]
 78%|#######8  | 3979/5082 [44:36<1:29:01,  4.84s/it]
 78%|#######8  | 3980/5082 [44:41<1:29:31,  4.87s/it]
 78%|#######8  | 3981/5082 [44:45<1:28:37,  4.83s/it]
 78%|#######8  | 3982/5082 [44:50<1:28:47,  4.84s/it]
 78%|#######8  | 3983/5082 [44:55<1:29:27,  4.88s/it]
 78%|#######8  | 3984/5082 [45:00<1:28:24,  4.83s/it]
 78%|#######8  | 3985/5082 [45:04<1:24:41,  4.63s/it]
 78%|#######8  | 3986/5082 [45:08<1:22:34,  4.52s/it]
 78%|#######8  | 3987/5082 [45:13<1:21:22,  4.46s/it]
 78%|#######8  | 3988/5082 [45:17<1:22:49,  4.54s/it]
 78%|#######8  | 3989/5082 [45:21<1:18:26,  4.31s/it]
 79%|#######8  | 3990/5082 [45:25<1:18:21,  4.31s/it]
 79%|#######8  | 3991/5082 [45:29<1:16:24,  4.20s/it]
 79%|#######8  | 3992/5082 [45:34<1:18:40,  4.33s/it]
 79%|#######8  | 3993/5082 [45:39<1:20:23,  4.43s/it]
 79%|#######8  | 3994/5082 [45:43<1:20:53,  4.46s/it]
 79%|#######8  | 3995/5082 [45:49<1:26:13,  4.76s/it]
 79%|#######8  | 3996/5082 [45:54<1:28:09,  4.87s/it]
 79%|#######8  | 3997/5082 [45:59<1:27:12,  4.82s/it]
 79%|#######8  | 3998/5082 [46:03<1:26:54,  4.81s/it]
 79%|#######8  | 3999/5082 [46:09<1:29:47,  4.97s/it]
 79%|#######8  | 4000/5082 [46:14<1:31:12,  5.06s/it]
                                                     

{'loss': 0.0127, 'grad_norm': 0.003444795263931155, 'learning_rate': 4.534226501988696e-06, 'epoch': 2.36}
 79%|#######8  | 4000/5082 [46:14<1:31:12,  5.06s/it]
 79%|#######8  | 4001/5082 [46:19<1:32:03,  5.11s/it]
 79%|#######8  | 4002/5082 [46:25<1:36:07,  5.34s/it]
 79%|#######8  | 4003/5082 [46:30<1:35:14,  5.30s/it]
 79%|#######8  | 4004/5082 [46:36<1:36:18,  5.36s/it]
 79%|#######8  | 4005/5082 [46:40<1:32:56,  5.18s/it]
 79%|#######8  | 4006/5082 [46:46<1:34:36,  5.28s/it]
 79%|#######8  | 4007/5082 [46:51<1:32:40,  5.17s/it]
 79%|#######8  | 4008/5082 [46:56<1:32:34,  5.17s/it]
 79%|#######8  | 4009/5082 [47:01<1:33:01,  5.20s/it]
 79%|#######8  | 4010/5082 [47:06<1:29:57,  5.03s/it]
 79%|#######8  | 4011/5082 [47:11<1:27:22,  4.89s/it]
 79%|#######8  | 4012/5082 [47:15<1:24:34,  4.74s/it]
 79%|#######8  | 4013/5082 [47:19<1:21:16,  4.56s/it]
 79%|#######8  | 4014/5082 [47:23<1:20:22,  4.52s/it]
 79%|#######9  | 4015/5082 [47:28<1:20:48,  4.54s/it]
 79%|#######9  | 4016/5082 [47:32<1:19:01,  4.45s/it]
 79%|#######9  | 4017/5082 [47:37<1:21:25,  4.59s/it]
 79%|#######9  | 4018/5082 [47:41<1:18:40,  4.44s/it]
 79%|#######9  | 4019/5082 [47:46<1:17:51,  4.39s/it]
 79%|#######9  | 4020/5082 [47:51<1:20:38,  4.56s/it]
 79%|#######9  | 4021/5082 [47:55<1:20:35,  4.56s/it]
 79%|#######9  | 4022/5082 [48:00<1:23:42,  4.74s/it]
 79%|#######9  | 4023/5082 [48:05<1:25:48,  4.86s/it]
 79%|#######9  | 4024/5082 [48:10<1:26:17,  4.89s/it]
 79%|#######9  | 4025/5082 [48:16<1:27:55,  4.99s/it]
 79%|#######9  | 4026/5082 [48:19<1:21:48,  4.65s/it]
 79%|#######9  | 4027/5082 [48:24<1:22:50,  4.71s/it]
 79%|#######9  | 4028/5082 [48:30<1:27:17,  4.97s/it]
 79%|#######9  | 4029/5082 [48:34<1:24:22,  4.81s/it]
 79%|#######9  | 4030/5082 [48:39<1:26:13,  4.92s/it]
 79%|#######9  | 4031/5082 [48:44<1:25:39,  4.89s/it]
 79%|#######9  | 4032/5082 [48:49<1:23:20,  4.76s/it]
 79%|#######9  | 4033/5082 [48:54<1:26:06,  4.93s/it]
 79%|#######9  | 4034/5082 [48:57<1:17:00,  4.41s/it]
 79%|#######9  | 4035/5082 [49:01<1:15:52,  4.35s/it]
 79%|#######9  | 4036/5082 [49:06<1:14:04,  4.25s/it]
 79%|#######9  | 4037/5082 [49:09<1:12:01,  4.14s/it]
 79%|#######9  | 4038/5082 [49:14<1:15:02,  4.31s/it]
 79%|#######9  | 4039/5082 [49:19<1:17:59,  4.49s/it]
 79%|#######9  | 4040/5082 [49:23<1:15:31,  4.35s/it]
 80%|#######9  | 4041/5082 [49:28<1:18:10,  4.51s/it]
 80%|#######9  | 4042/5082 [49:33<1:19:31,  4.59s/it]
 80%|#######9  | 4043/5082 [49:37<1:19:08,  4.57s/it]
 80%|#######9  | 4044/5082 [49:42<1:21:36,  4.72s/it]
 80%|#######9  | 4045/5082 [49:47<1:19:03,  4.57s/it]
 80%|#######9  | 4046/5082 [49:51<1:20:03,  4.64s/it]
 80%|#######9  | 4047/5082 [49:56<1:19:46,  4.63s/it]
 80%|#######9  | 4048/5082 [50:01<1:20:48,  4.69s/it]
 80%|#######9  | 4049/5082 [50:06<1:21:36,  4.74s/it]
 80%|#######9  | 4050/5082 [50:11<1:25:49,  4.99s/it]
                                                     
{'loss': 0.0031, 'grad_norm': 0.0034601965453475714, 'learning_rate': 4.32489009838811e-06, 'epoch': 2.39}

 80%|#######9  | 4050/5082 [50:11<1:25:49,  4.99s/it]
 80%|#######9  | 4051/5082 [50:17<1:27:54,  5.12s/it]
 80%|#######9  | 4052/5082 [50:22<1:30:51,  5.29s/it]
 80%|#######9  | 4053/5082 [50:28<1:32:57,  5.42s/it]
 80%|#######9  | 4054/5082 [50:34<1:33:41,  5.47s/it]
 80%|#######9  | 4055/5082 [50:39<1:31:25,  5.34s/it]
 80%|#######9  | 4056/5082 [50:44<1:33:21,  5.46s/it]
 80%|#######9  | 4057/5082 [50:49<1:30:41,  5.31s/it]
 80%|#######9  | 4058/5082 [50:54<1:29:57,  5.27s/it]
 80%|#######9  | 4059/5082 [51:00<1:30:21,  5.30s/it]
 80%|#######9  | 4060/5082 [51:05<1:30:16,  5.30s/it]
 80%|#######9  | 4061/5082 [51:10<1:25:46,  5.04s/it]
 80%|#######9  | 4062/5082 [51:14<1:23:37,  4.92s/it]
 80%|#######9  | 4063/5082 [51:19<1:21:01,  4.77s/it]
 80%|#######9  | 4064/5082 [51:24<1:21:51,  4.82s/it]
 80%|#######9  | 4065/5082 [51:28<1:22:01,  4.84s/it]
 80%|########  | 4066/5082 [51:33<1:19:42,  4.71s/it]
 80%|########  | 4067/5082 [51:38<1:22:25,  4.87s/it]
 80%|########  | 4068/5082 [51:42<1:19:10,  4.68s/it]
 80%|########  | 4069/5082 [51:46<1:16:07,  4.51s/it]
 80%|########  | 4070/5082 [51:52<1:20:10,  4.75s/it]
 80%|########  | 4071/5082 [51:57<1:23:32,  4.96s/it]
 80%|########  | 4072/5082 [52:02<1:22:43,  4.91s/it]
 80%|########  | 4073/5082 [52:06<1:17:42,  4.62s/it]
 80%|########  | 4074/5082 [52:10<1:16:02,  4.53s/it]
 80%|########  | 4075/5082 [52:15<1:19:10,  4.72s/it]
 80%|########  | 4076/5082 [52:21<1:22:53,  4.94s/it]
 80%|########  | 4077/5082 [52:26<1:25:19,  5.09s/it]
 80%|########  | 4078/5082 [52:32<1:25:25,  5.11s/it]
 80%|########  | 4079/5082 [52:36<1:21:21,  4.87s/it]
 80%|########  | 4080/5082 [52:40<1:20:15,  4.81s/it]
 80%|########  | 4081/5082 [52:46<1:22:20,  4.94s/it]
 80%|########  | 4082/5082 [52:51<1:23:04,  4.98s/it]
 80%|########  | 4083/5082 [52:56<1:21:56,  4.92s/it]
 80%|########  | 4084/5082 [53:00<1:20:36,  4.85s/it]
 80%|########  | 4085/5082 [53:05<1:20:04,  4.82s/it]
 80%|########  | 4086/5082 [53:09<1:17:18,  4.66s/it]
 80%|########  | 4087/5082 [53:14<1:18:12,  4.72s/it]
 80%|########  | 4088/5082 [53:18<1:14:54,  4.52s/it]
 80%|########  | 4089/5082 [53:22<1:11:32,  4.32s/it]
 80%|########  | 4090/5082 [53:26<1:11:24,  4.32s/it]
 80%|########  | 4091/5082 [53:31<1:12:59,  4.42s/it]
 81%|########  | 4092/5082 [53:36<1:14:51,  4.54s/it]
 81%|########  | 4093/5082 [53:40<1:13:35,  4.47s/it]
 81%|########  | 4094/5082 [53:43<1:05:49,  4.00s/it]
 81%|########  | 4095/5082 [53:46<1:00:59,  3.71s/it]
 81%|########  | 4096/5082 [53:51<1:08:34,  4.17s/it]
 81%|########  | 4097/5082 [53:56<1:11:06,  4.33s/it]
 81%|########  | 4098/5082 [54:00<1:09:32,  4.24s/it]
 81%|########  | 4099/5082 [54:06<1:17:23,  4.72s/it]
 81%|########  | 4100/5082 [54:10<1:14:51,  4.57s/it]
                                                     
{'loss': 0.0178, 'grad_norm': 0.014571033418178558, 'learning_rate': 4.115553694787524e-06, 'epoch': 2.42}

 81%|########  | 4100/5082 [54:10<1:14:51,  4.57s/it]
 81%|########  | 4101/5082 [54:15<1:17:08,  4.72s/it]
 81%|########  | 4102/5082 [54:21<1:21:10,  4.97s/it]
 81%|########  | 4103/5082 [54:24<1:14:40,  4.58s/it]
 81%|########  | 4104/5082 [54:30<1:18:49,  4.84s/it]
 81%|########  | 4105/5082 [54:36<1:22:38,  5.07s/it]
 81%|########  | 4106/5082 [54:40<1:21:00,  4.98s/it]
 81%|########  | 4107/5082 [54:45<1:20:11,  4.93s/it]
 81%|########  | 4108/5082 [54:50<1:20:44,  4.97s/it]
 81%|########  | 4109/5082 [54:55<1:22:16,  5.07s/it]
 81%|########  | 4110/5082 [55:00<1:21:51,  5.05s/it]
 81%|########  | 4111/5082 [55:05<1:21:24,  5.03s/it]
 81%|########  | 4112/5082 [55:10<1:16:47,  4.75s/it]
 81%|########  | 4113/5082 [55:14<1:15:18,  4.66s/it]
 81%|########  | 4114/5082 [55:19<1:17:08,  4.78s/it]
 81%|########  | 4115/5082 [55:24<1:17:22,  4.80s/it]
 81%|########  | 4116/5082 [55:28<1:15:35,  4.70s/it]
 81%|########1 | 4117/5082 [55:33<1:14:26,  4.63s/it]
 81%|########1 | 4118/5082 [55:38<1:15:46,  4.72s/it]
 81%|########1 | 4119/5082 [55:42<1:13:02,  4.55s/it]
 81%|########1 | 4120/5082 [55:47<1:15:38,  4.72s/it]
 81%|########1 | 4121/5082 [55:52<1:15:21,  4.70s/it]
 81%|########1 | 4122/5082 [55:56<1:15:08,  4.70s/it]
 81%|########1 | 4123/5082 [56:02<1:17:37,  4.86s/it]
 81%|########1 | 4124/5082 [56:07<1:19:08,  4.96s/it]
 81%|########1 | 4125/5082 [56:12<1:18:52,  4.94s/it]
 81%|########1 | 4126/5082 [56:17<1:20:18,  5.04s/it]
 81%|########1 | 4127/5082 [56:22<1:19:30,  4.99s/it]
 81%|########1 | 4128/5082 [56:27<1:18:48,  4.96s/it]
 81%|########1 | 4129/5082 [56:32<1:19:45,  5.02s/it]
 81%|########1 | 4130/5082 [56:37<1:20:35,  5.08s/it]
 81%|########1 | 4131/5082 [56:42<1:18:50,  4.97s/it]
 81%|########1 | 4132/5082 [56:47<1:18:24,  4.95s/it]
 81%|########1 | 4133/5082 [56:52<1:21:03,  5.12s/it]
 81%|########1 | 4134/5082 [56:57<1:19:37,  5.04s/it]
 81%|########1 | 4135/5082 [57:02<1:20:00,  5.07s/it]
 81%|########1 | 4136/5082 [57:07<1:17:31,  4.92s/it]
 81%|########1 | 4137/5082 [57:11<1:14:36,  4.74s/it]
 81%|########1 | 4138/5082 [57:16<1:15:10,  4.78s/it]
 81%|########1 | 4139/5082 [57:20<1:12:41,  4.63s/it]
 81%|########1 | 4140/5082 [57:25<1:11:09,  4.53s/it]
 81%|########1 | 4141/5082 [57:29<1:10:20,  4.49s/it]
 82%|########1 | 4142/5082 [57:34<1:12:44,  4.64s/it]
 82%|########1 | 4143/5082 [57:39<1:14:15,  4.74s/it]
 82%|########1 | 4144/5082 [57:44<1:16:25,  4.89s/it]
 82%|########1 | 4145/5082 [57:50<1:18:33,  5.03s/it]
 82%|########1 | 4146/5082 [57:55<1:19:44,  5.11s/it]
 82%|########1 | 4147/5082 [58:00<1:18:24,  5.03s/it]
 82%|########1 | 4148/5082 [58:05<1:19:48,  5.13s/it]
 82%|########1 | 4149/5082 [58:10<1:19:20,  5.10s/it]
 82%|########1 | 4150/5082 [58:15<1:20:08,  5.16s/it]
                                                     
{'loss': 0.0347, 'grad_norm': 0.006774936802685261, 'learning_rate': 3.906217291186938e-06, 'epoch': 2.45}

 82%|########1 | 4150/5082 [58:15<1:20:08,  5.16s/it]
 82%|########1 | 4151/5082 [58:20<1:16:12,  4.91s/it]
 82%|########1 | 4152/5082 [58:24<1:13:43,  4.76s/it]
 82%|########1 | 4153/5082 [58:30<1:16:44,  4.96s/it]
 82%|########1 | 4154/5082 [58:35<1:16:53,  4.97s/it]
 82%|########1 | 4155/5082 [58:40<1:17:15,  5.00s/it]
 82%|########1 | 4156/5082 [58:45<1:17:22,  5.01s/it]
 82%|########1 | 4157/5082 [58:49<1:15:26,  4.89s/it]
 82%|########1 | 4158/5082 [58:54<1:16:05,  4.94s/it]
 82%|########1 | 4159/5082 [58:58<1:11:43,  4.66s/it]
 82%|########1 | 4160/5082 [59:03<1:10:09,  4.57s/it]
 82%|########1 | 4161/5082 [59:07<1:07:33,  4.40s/it]
 82%|########1 | 4162/5082 [59:11<1:07:55,  4.43s/it]
 82%|########1 | 4163/5082 [59:16<1:07:59,  4.44s/it]
 82%|########1 | 4164/5082 [59:20<1:06:48,  4.37s/it]
 82%|########1 | 4165/5082 [59:24<1:07:53,  4.44s/it]
 82%|########1 | 4166/5082 [59:29<1:06:08,  4.33s/it]
 82%|########1 | 4167/5082 [59:33<1:05:27,  4.29s/it]
 82%|########2 | 4168/5082 [59:38<1:07:52,  4.46s/it]
 82%|########2 | 4169/5082 [59:42<1:09:21,  4.56s/it]
 82%|########2 | 4170/5082 [59:47<1:11:13,  4.69s/it]
 82%|########2 | 4171/5082 [59:52<1:12:07,  4.75s/it]
 82%|########2 | 4172/5082 [59:57<1:13:17,  4.83s/it]
 82%|########2 | 4173/5082 [1:00:03<1:16:34,  5.05s/it]
 82%|########2 | 4174/5082 [1:00:07<1:13:31,  4.86s/it]
 82%|########2 | 4175/5082 [1:00:13<1:15:43,  5.01s/it]
 82%|########2 | 4176/5082 [1:00:17<1:14:55,  4.96s/it]
 82%|########2 | 4177/5082 [1:00:23<1:16:05,  5.04s/it]
 82%|########2 | 4178/5082 [1:00:27<1:13:37,  4.89s/it]
 82%|########2 | 4179/5082 [1:00:32<1:11:36,  4.76s/it]
 82%|########2 | 4180/5082 [1:00:36<1:11:28,  4.75s/it]
 82%|########2 | 4181/5082 [1:00:41<1:08:40,  4.57s/it]
 82%|########2 | 4182/5082 [1:00:45<1:09:26,  4.63s/it]
 82%|########2 | 4183/5082 [1:00:51<1:13:46,  4.92s/it]
 82%|########2 | 4184/5082 [1:00:56<1:14:41,  4.99s/it]
 82%|########2 | 4185/5082 [1:01:01<1:13:06,  4.89s/it]
 82%|########2 | 4186/5082 [1:01:05<1:12:06,  4.83s/it]
 82%|########2 | 4187/5082 [1:01:10<1:10:43,  4.74s/it]
 82%|########2 | 4188/5082 [1:01:14<1:09:09,  4.64s/it]
 82%|########2 | 4189/5082 [1:01:18<1:06:25,  4.46s/it]
 82%|########2 | 4190/5082 [1:01:23<1:05:52,  4.43s/it]
 82%|########2 | 4191/5082 [1:01:27<1:03:44,  4.29s/it]
 82%|########2 | 4192/5082 [1:01:31<1:04:50,  4.37s/it]
 83%|########2 | 4193/5082 [1:01:36<1:05:53,  4.45s/it]
 83%|########2 | 4194/5082 [1:01:39<1:01:56,  4.19s/it]
 83%|########2 | 4195/5082 [1:01:44<1:01:30,  4.16s/it]
 83%|########2 | 4196/5082 [1:01:49<1:05:22,  4.43s/it]
 83%|########2 | 4197/5082 [1:01:54<1:07:10,  4.55s/it]
 83%|########2 | 4198/5082 [1:01:58<1:07:09,  4.56s/it]
 83%|########2 | 4199/5082 [1:02:02<1:05:39,  4.46s/it]
 83%|########2 | 4200/5082 [1:02:07<1:07:47,  4.61s/it]
                                                       
{'loss': 0.0216, 'grad_norm': 0.007486633025109768, 'learning_rate': 3.6968808875863517e-06, 'epoch': 2.48}

 83%|########2 | 4200/5082 [1:02:07<1:07:47,  4.61s/it]
 83%|########2 | 4201/5082 [1:02:13<1:11:14,  4.85s/it]
 83%|########2 | 4202/5082 [1:02:18<1:14:56,  5.11s/it]
 83%|########2 | 4203/5082 [1:02:24<1:17:08,  5.27s/it]
 83%|########2 | 4204/5082 [1:02:30<1:18:45,  5.38s/it]
 83%|########2 | 4205/5082 [1:02:34<1:16:08,  5.21s/it]
 83%|########2 | 4206/5082 [1:02:39<1:15:07,  5.15s/it]
 83%|########2 | 4207/5082 [1:02:45<1:15:12,  5.16s/it]
 83%|########2 | 4208/5082 [1:02:49<1:13:10,  5.02s/it]
 83%|########2 | 4209/5082 [1:02:54<1:12:38,  4.99s/it]
 83%|########2 | 4210/5082 [1:02:59<1:11:43,  4.93s/it]
 83%|########2 | 4211/5082 [1:03:03<1:06:43,  4.60s/it]
 83%|########2 | 4212/5082 [1:03:07<1:06:17,  4.57s/it]
 83%|########2 | 4213/5082 [1:03:12<1:05:25,  4.52s/it]
 83%|########2 | 4214/5082 [1:03:16<1:04:19,  4.45s/it]
 83%|########2 | 4215/5082 [1:03:20<1:03:41,  4.41s/it]
 83%|########2 | 4216/5082 [1:03:26<1:06:41,  4.62s/it]
 83%|########2 | 4217/5082 [1:03:30<1:07:38,  4.69s/it]
 83%|########2 | 4218/5082 [1:03:35<1:08:57,  4.79s/it]
 83%|########3 | 4219/5082 [1:03:40<1:06:43,  4.64s/it]
 83%|########3 | 4220/5082 [1:03:44<1:04:56,  4.52s/it]
 83%|########3 | 4221/5082 [1:03:49<1:06:57,  4.67s/it]
 83%|########3 | 4222/5082 [1:03:54<1:09:01,  4.82s/it]
 83%|########3 | 4223/5082 [1:03:59<1:09:30,  4.85s/it]
 83%|########3 | 4224/5082 [1:04:04<1:09:38,  4.87s/it]
 83%|########3 | 4225/5082 [1:04:10<1:12:37,  5.09s/it]
 83%|########3 | 4226/5082 [1:04:13<1:05:49,  4.61s/it]
 83%|########3 | 4227/5082 [1:04:18<1:07:31,  4.74s/it]
 83%|########3 | 4228/5082 [1:04:23<1:06:59,  4.71s/it]
 83%|########3 | 4229/5082 [1:04:27<1:06:02,  4.65s/it]
 83%|########3 | 4230/5082 [1:04:31<1:03:39,  4.48s/it]
 83%|########3 | 4231/5082 [1:04:36<1:06:22,  4.68s/it]
 83%|########3 | 4232/5082 [1:04:42<1:07:59,  4.80s/it]
 83%|########3 | 4233/5082 [1:04:46<1:07:32,  4.77s/it]
 83%|########3 | 4234/5082 [1:04:51<1:08:25,  4.84s/it]
 83%|########3 | 4235/5082 [1:04:56<1:07:54,  4.81s/it]
 83%|########3 | 4236/5082 [1:05:01<1:06:59,  4.75s/it]
 83%|########3 | 4237/5082 [1:05:05<1:04:14,  4.56s/it]
 83%|########3 | 4238/5082 [1:05:09<1:02:08,  4.42s/it]
 83%|########3 | 4239/5082 [1:05:13<1:02:03,  4.42s/it]
 83%|########3 | 4240/5082 [1:05:18<1:03:03,  4.49s/it]
 83%|########3 | 4241/5082 [1:05:22<1:02:05,  4.43s/it]
 83%|########3 | 4242/5082 [1:05:27<1:01:44,  4.41s/it]
 83%|########3 | 4243/5082 [1:05:32<1:04:46,  4.63s/it]
 84%|########3 | 4244/5082 [1:05:37<1:05:45,  4.71s/it]
 84%|########3 | 4245/5082 [1:05:41<1:05:40,  4.71s/it]
 84%|########3 | 4246/5082 [1:05:45<1:02:18,  4.47s/it]
 84%|########3 | 4247/5082 [1:05:50<1:03:18,  4.55s/it]
 84%|########3 | 4248/5082 [1:05:55<1:03:35,  4.58s/it]
 84%|########3 | 4249/5082 [1:06:00<1:05:19,  4.71s/it]
 84%|########3 | 4250/5082 [1:06:05<1:06:17,  4.78s/it]
                                                       
{'loss': 0.0191, 'grad_norm': 0.05227434262633324, 'learning_rate': 3.4875444839857653e-06, 'epoch': 2.51}

 84%|########3 | 4250/5082 [1:06:05<1:06:17,  4.78s/it]
 84%|########3 | 4251/5082 [1:06:08<1:02:39,  4.52s/it]
 84%|########3 | 4252/5082 [1:06:13<1:03:31,  4.59s/it]
 84%|########3 | 4253/5082 [1:06:18<1:04:48,  4.69s/it]
 84%|########3 | 4254/5082 [1:06:23<1:06:59,  4.85s/it]
 84%|########3 | 4255/5082 [1:06:29<1:08:42,  4.99s/it]
 84%|########3 | 4256/5082 [1:06:33<1:07:34,  4.91s/it]
 84%|########3 | 4257/5082 [1:06:39<1:08:57,  5.01s/it]
 84%|########3 | 4258/5082 [1:06:44<1:10:52,  5.16s/it]
 84%|########3 | 4259/5082 [1:06:49<1:11:12,  5.19s/it]
 84%|########3 | 4260/5082 [1:06:55<1:12:14,  5.27s/it]
 84%|########3 | 4261/5082 [1:07:00<1:13:10,  5.35s/it]
 84%|########3 | 4262/5082 [1:07:04<1:07:31,  4.94s/it]
 84%|########3 | 4263/5082 [1:07:09<1:04:03,  4.69s/it]
 84%|########3 | 4264/5082 [1:07:13<1:04:52,  4.76s/it]
 84%|########3 | 4265/5082 [1:07:18<1:02:05,  4.56s/it]
 84%|########3 | 4266/5082 [1:07:22<1:01:05,  4.49s/it]
 84%|########3 | 4267/5082 [1:07:26<1:01:16,  4.51s/it]
 84%|########3 | 4268/5082 [1:07:31<1:01:49,  4.56s/it]
 84%|########4 | 4269/5082 [1:07:36<1:01:17,  4.52s/it]
 84%|########4 | 4270/5082 [1:07:40<1:02:29,  4.62s/it]
 84%|########4 | 4271/5082 [1:07:44<1:00:28,  4.47s/it]
 84%|########4 | 4272/5082 [1:07:49<1:02:16,  4.61s/it]
 84%|########4 | 4273/5082 [1:07:54<1:03:29,  4.71s/it]
 84%|########4 | 4274/5082 [1:07:59<1:01:15,  4.55s/it]
 84%|########4 | 4275/5082 [1:08:05<1:07:38,  5.03s/it]
 84%|########4 | 4276/5082 [1:08:10<1:06:56,  4.98s/it]
 84%|########4 | 4277/5082 [1:08:15<1:07:25,  5.03s/it]
 84%|########4 | 4278/5082 [1:08:19<1:03:44,  4.76s/it]
 84%|########4 | 4279/5082 [1:08:24<1:05:40,  4.91s/it]
 84%|########4 | 4280/5082 [1:08:29<1:07:05,  5.02s/it]
 84%|########4 | 4281/5082 [1:08:34<1:07:27,  5.05s/it]
 84%|########4 | 4282/5082 [1:08:40<1:09:32,  5.22s/it]
 84%|########4 | 4283/5082 [1:08:45<1:08:30,  5.14s/it]
 84%|########4 | 4284/5082 [1:08:50<1:06:50,  5.03s/it]
 84%|########4 | 4285/5082 [1:08:55<1:07:25,  5.08s/it]
 84%|########4 | 4286/5082 [1:08:59<1:03:20,  4.78s/it]
 84%|########4 | 4287/5082 [1:09:03<1:01:07,  4.61s/it]
 84%|########4 | 4288/5082 [1:09:07<59:05,  4.47s/it]  
 84%|########4 | 4289/5082 [1:09:11<57:01,  4.31s/it]
 84%|########4 | 4290/5082 [1:09:15<55:40,  4.22s/it]
 84%|########4 | 4291/5082 [1:09:19<54:31,  4.14s/it]
 84%|########4 | 4292/5082 [1:09:24<56:01,  4.25s/it]
 84%|########4 | 4293/5082 [1:09:29<58:12,  4.43s/it]
 84%|########4 | 4294/5082 [1:09:34<1:01:38,  4.69s/it]
 85%|########4 | 4295/5082 [1:09:38<1:00:25,  4.61s/it]
 85%|########4 | 4296/5082 [1:09:43<1:00:42,  4.63s/it]
 85%|########4 | 4297/5082 [1:09:47<59:23,  4.54s/it]  
 85%|########4 | 4298/5082 [1:09:52<1:00:19,  4.62s/it]
 85%|########4 | 4299/5082 [1:09:57<59:58,  4.60s/it]  
 85%|########4 | 4300/5082 [1:10:02<1:00:32,  4.65s/it]
                                                       
{'loss': 0.0059, 'grad_norm': 0.1340295970439911, 'learning_rate': 3.278208080385179e-06, 'epoch': 2.54}

 85%|########4 | 4300/5082 [1:10:02<1:00:32,  4.65s/it]
 85%|########4 | 4301/5082 [1:10:06<1:01:20,  4.71s/it]
 85%|########4 | 4302/5082 [1:10:12<1:04:18,  4.95s/it]
 85%|########4 | 4303/5082 [1:10:17<1:03:22,  4.88s/it]
 85%|########4 | 4304/5082 [1:10:21<1:02:31,  4.82s/it]
 85%|########4 | 4305/5082 [1:10:24<54:19,  4.19s/it]  
 85%|########4 | 4306/5082 [1:10:27<50:50,  3.93s/it]
 85%|########4 | 4307/5082 [1:10:30<47:38,  3.69s/it]
 85%|########4 | 4308/5082 [1:10:33<43:58,  3.41s/it]
 85%|########4 | 4309/5082 [1:10:36<41:28,  3.22s/it]
 85%|########4 | 4310/5082 [1:10:40<45:05,  3.50s/it]
 85%|########4 | 4311/5082 [1:10:45<51:44,  4.03s/it]
 85%|########4 | 4312/5082 [1:10:50<52:50,  4.12s/it]
 85%|########4 | 4313/5082 [1:10:55<57:13,  4.47s/it]
 85%|########4 | 4314/5082 [1:11:00<58:43,  4.59s/it]
 85%|########4 | 4315/5082 [1:11:05<58:51,  4.60s/it]
 85%|########4 | 4316/5082 [1:11:09<58:02,  4.55s/it]
 85%|########4 | 4317/5082 [1:11:14<58:50,  4.61s/it]
 85%|########4 | 4318/5082 [1:11:18<55:52,  4.39s/it]
 85%|########4 | 4319/5082 [1:11:21<53:37,  4.22s/it]
 85%|########5 | 4320/5082 [1:11:25<52:55,  4.17s/it]
 85%|########5 | 4321/5082 [1:11:30<54:09,  4.27s/it]
 85%|########5 | 4322/5082 [1:11:35<58:34,  4.62s/it]
 85%|########5 | 4323/5082 [1:11:41<1:00:17,  4.77s/it]
 85%|########5 | 4324/5082 [1:11:45<1:00:54,  4.82s/it]
 85%|########5 | 4325/5082 [1:11:49<57:38,  4.57s/it]  
 85%|########5 | 4326/5082 [1:11:54<58:29,  4.64s/it]
 85%|########5 | 4327/5082 [1:11:59<1:00:27,  4.81s/it]
 85%|########5 | 4328/5082 [1:12:04<1:00:45,  4.83s/it]
 85%|########5 | 4329/5082 [1:12:10<1:01:51,  4.93s/it]
 85%|########5 | 4330/5082 [1:12:14<1:01:27,  4.90s/it]
 85%|########5 | 4331/5082 [1:12:20<1:02:37,  5.00s/it]
 85%|########5 | 4332/5082 [1:12:25<1:02:33,  5.00s/it]
 85%|########5 | 4333/5082 [1:12:30<1:04:56,  5.20s/it]
 85%|########5 | 4334/5082 [1:12:35<1:03:07,  5.06s/it]
 85%|########5 | 4335/5082 [1:12:39<1:00:12,  4.84s/it]
 85%|########5 | 4336/5082 [1:12:44<58:46,  4.73s/it]  
 85%|########5 | 4337/5082 [1:12:49<1:00:17,  4.86s/it]
 85%|########5 | 4338/5082 [1:12:54<1:00:43,  4.90s/it]
 85%|########5 | 4339/5082 [1:12:59<1:00:26,  4.88s/it]
 85%|########5 | 4340/5082 [1:13:03<57:56,  4.68s/it]  
 85%|########5 | 4341/5082 [1:13:07<55:12,  4.47s/it]
 85%|########5 | 4342/5082 [1:13:11<53:44,  4.36s/it]
 85%|########5 | 4343/5082 [1:13:16<54:19,  4.41s/it]
 85%|########5 | 4344/5082 [1:13:19<51:48,  4.21s/it]
 85%|########5 | 4345/5082 [1:13:24<51:44,  4.21s/it]
 86%|########5 | 4346/5082 [1:13:27<49:31,  4.04s/it]
 86%|########5 | 4347/5082 [1:13:32<53:01,  4.33s/it]
 86%|########5 | 4348/5082 [1:13:37<54:45,  4.48s/it]
 86%|########5 | 4349/5082 [1:13:42<54:54,  4.50s/it]
 86%|########5 | 4350/5082 [1:13:47<58:47,  4.82s/it]
                                                     
{'loss': 0.0243, 'grad_norm': 0.27174994349479675, 'learning_rate': 3.068871676784593e-06, 'epoch': 2.57}

 86%|########5 | 4350/5082 [1:13:47<58:47,  4.82s/it]
 86%|########5 | 4351/5082 [1:13:52<59:18,  4.87s/it]
 86%|########5 | 4352/5082 [1:13:57<1:00:05,  4.94s/it]
 86%|########5 | 4353/5082 [1:14:02<1:00:33,  4.98s/it]
 86%|########5 | 4354/5082 [1:14:08<1:03:18,  5.22s/it]
 86%|########5 | 4355/5082 [1:14:14<1:04:36,  5.33s/it]
 86%|########5 | 4356/5082 [1:14:18<1:01:03,  5.05s/it]
 86%|########5 | 4357/5082 [1:14:23<59:31,  4.93s/it]  
 86%|########5 | 4358/5082 [1:14:28<1:00:17,  5.00s/it]
 86%|########5 | 4359/5082 [1:14:32<57:03,  4.73s/it]  
 86%|########5 | 4360/5082 [1:14:37<59:10,  4.92s/it]
 86%|########5 | 4361/5082 [1:14:42<58:01,  4.83s/it]
 86%|########5 | 4362/5082 [1:14:47<59:39,  4.97s/it]
 86%|########5 | 4363/5082 [1:14:52<57:26,  4.79s/it]
 86%|########5 | 4364/5082 [1:14:56<56:49,  4.75s/it]
 86%|########5 | 4365/5082 [1:15:02<58:39,  4.91s/it]
 86%|########5 | 4366/5082 [1:15:05<54:39,  4.58s/it]
 86%|########5 | 4367/5082 [1:15:10<53:55,  4.53s/it]
 86%|########5 | 4368/5082 [1:15:14<53:01,  4.46s/it]
 86%|########5 | 4369/5082 [1:15:19<53:59,  4.54s/it]
 86%|########5 | 4370/5082 [1:15:23<52:37,  4.44s/it]
 86%|########6 | 4371/5082 [1:15:27<50:22,  4.25s/it]
 86%|########6 | 4372/5082 [1:15:32<52:14,  4.41s/it]
 86%|########6 | 4373/5082 [1:15:37<55:38,  4.71s/it]
 86%|########6 | 4374/5082 [1:15:42<57:39,  4.89s/it]
 86%|########6 | 4375/5082 [1:15:47<58:12,  4.94s/it]
 86%|########6 | 4376/5082 [1:15:53<59:28,  5.05s/it]
 86%|########6 | 4377/5082 [1:15:58<59:17,  5.05s/it]
 86%|########6 | 4378/5082 [1:16:03<1:01:05,  5.21s/it]
 86%|########6 | 4379/5082 [1:16:09<1:02:05,  5.30s/it]
 86%|########6 | 4380/5082 [1:16:13<58:36,  5.01s/it]  
 86%|########6 | 4381/5082 [1:16:18<58:30,  5.01s/it]
 86%|########6 | 4382/5082 [1:16:23<58:37,  5.02s/it]
 86%|########6 | 4383/5082 [1:16:28<56:41,  4.87s/it]
 86%|########6 | 4384/5082 [1:16:33<57:51,  4.97s/it]
 86%|########6 | 4385/5082 [1:16:38<58:52,  5.07s/it]
 86%|########6 | 4386/5082 [1:16:43<58:56,  5.08s/it]
 86%|########6 | 4387/5082 [1:16:48<57:48,  4.99s/it]
 86%|########6 | 4388/5082 [1:16:53<57:38,  4.98s/it]
 86%|########6 | 4389/5082 [1:16:58<57:23,  4.97s/it]
 86%|########6 | 4390/5082 [1:17:03<56:30,  4.90s/it]
 86%|########6 | 4391/5082 [1:17:07<55:07,  4.79s/it]
 86%|########6 | 4392/5082 [1:17:12<54:36,  4.75s/it]
 86%|########6 | 4393/5082 [1:17:16<53:30,  4.66s/it]
 86%|########6 | 4394/5082 [1:17:21<52:19,  4.56s/it]
 86%|########6 | 4395/5082 [1:17:25<51:19,  4.48s/it]
 87%|########6 | 4396/5082 [1:17:29<48:34,  4.25s/it]
 87%|########6 | 4397/5082 [1:17:33<48:32,  4.25s/it]
 87%|########6 | 4398/5082 [1:17:37<48:25,  4.25s/it]
 87%|########6 | 4399/5082 [1:17:42<49:45,  4.37s/it]
 87%|########6 | 4400/5082 [1:17:47<52:10,  4.59s/it]
                                                     
{'loss': 0.0035, 'grad_norm': 0.004326845519244671, 'learning_rate': 2.859535273184007e-06, 'epoch': 2.6}

 87%|########6 | 4400/5082 [1:17:47<52:10,  4.59s/it]
 87%|########6 | 4401/5082 [1:17:52<52:51,  4.66s/it]
 87%|########6 | 4402/5082 [1:17:56<52:34,  4.64s/it]
 87%|########6 | 4403/5082 [1:18:01<51:30,  4.55s/it]
 87%|########6 | 4404/5082 [1:18:06<55:06,  4.88s/it]
 87%|########6 | 4405/5082 [1:18:12<56:14,  4.98s/it]
 87%|########6 | 4406/5082 [1:18:17<56:19,  5.00s/it]
 87%|########6 | 4407/5082 [1:18:21<55:30,  4.93s/it]
 87%|########6 | 4408/5082 [1:18:27<56:02,  4.99s/it]
 87%|########6 | 4409/5082 [1:18:32<57:32,  5.13s/it]
 87%|########6 | 4410/5082 [1:18:37<57:22,  5.12s/it]
 87%|########6 | 4411/5082 [1:18:42<58:10,  5.20s/it]
 87%|########6 | 4412/5082 [1:18:47<56:46,  5.08s/it]
 87%|########6 | 4413/5082 [1:18:52<55:24,  4.97s/it]
 87%|########6 | 4414/5082 [1:18:58<57:34,  5.17s/it]
 87%|########6 | 4415/5082 [1:19:01<52:55,  4.76s/it]
 87%|########6 | 4416/5082 [1:19:06<52:09,  4.70s/it]
 87%|########6 | 4417/5082 [1:19:09<47:23,  4.28s/it]
 87%|########6 | 4418/5082 [1:19:14<47:33,  4.30s/it]
 87%|########6 | 4419/5082 [1:19:18<46:52,  4.24s/it]
 87%|########6 | 4420/5082 [1:19:22<47:49,  4.33s/it]
 87%|########6 | 4421/5082 [1:19:27<47:55,  4.35s/it]
 87%|########7 | 4422/5082 [1:19:31<48:21,  4.40s/it]
 87%|########7 | 4423/5082 [1:19:36<50:25,  4.59s/it]
 87%|########7 | 4424/5082 [1:19:41<50:22,  4.59s/it]
 87%|########7 | 4425/5082 [1:19:46<51:26,  4.70s/it]
 87%|########7 | 4426/5082 [1:19:51<52:19,  4.79s/it]
 87%|########7 | 4427/5082 [1:19:55<51:25,  4.71s/it]
 87%|########7 | 4428/5082 [1:20:00<51:01,  4.68s/it]
 87%|########7 | 4429/5082 [1:20:06<54:25,  5.00s/it]
 87%|########7 | 4430/5082 [1:20:11<54:34,  5.02s/it]
 87%|########7 | 4431/5082 [1:20:16<54:30,  5.02s/it]
 87%|########7 | 4432/5082 [1:20:21<54:39,  5.05s/it]
 87%|########7 | 4433/5082 [1:20:26<53:46,  4.97s/it]
 87%|########7 | 4434/5082 [1:20:30<52:29,  4.86s/it]
 87%|########7 | 4435/5082 [1:20:35<53:10,  4.93s/it]
 87%|########7 | 4436/5082 [1:20:40<53:19,  4.95s/it]
 87%|########7 | 4437/5082 [1:20:46<54:20,  5.05s/it]
 87%|########7 | 4438/5082 [1:20:51<54:52,  5.11s/it]
 87%|########7 | 4439/5082 [1:20:56<53:24,  4.98s/it]
 87%|########7 | 4440/5082 [1:21:01<53:46,  5.03s/it]
 87%|########7 | 4441/5082 [1:21:05<50:54,  4.77s/it]
 87%|########7 | 4442/5082 [1:21:10<51:57,  4.87s/it]
 87%|########7 | 4443/5082 [1:21:14<48:55,  4.59s/it]
 87%|########7 | 4444/5082 [1:21:17<44:20,  4.17s/it]
 87%|########7 | 4445/5082 [1:21:20<41:39,  3.92s/it]
 87%|########7 | 4446/5082 [1:21:23<37:57,  3.58s/it]
 88%|########7 | 4447/5082 [1:21:26<36:21,  3.44s/it]
 88%|########7 | 4448/5082 [1:21:31<39:52,  3.77s/it]
 88%|########7 | 4449/5082 [1:21:36<45:25,  4.31s/it]
 88%|########7 | 4450/5082 [1:21:41<45:26,  4.31s/it]
                                                     
{'loss': 0.0198, 'grad_norm': 0.00595080154016614, 'learning_rate': 2.6501988695834207e-06, 'epoch': 2.63}

 88%|########7 | 4450/5082 [1:21:41<45:26,  4.31s/it]
 88%|########7 | 4451/5082 [1:21:45<46:18,  4.40s/it]
 88%|########7 | 4452/5082 [1:21:50<48:13,  4.59s/it]
 88%|########7 | 4453/5082 [1:21:55<48:18,  4.61s/it]
 88%|########7 | 4454/5082 [1:21:59<47:21,  4.53s/it]
 88%|########7 | 4455/5082 [1:22:04<47:23,  4.54s/it]
 88%|########7 | 4456/5082 [1:22:09<48:58,  4.69s/it]
 88%|########7 | 4457/5082 [1:22:15<52:01,  4.99s/it]
 88%|########7 | 4458/5082 [1:22:20<53:12,  5.12s/it]
 88%|########7 | 4459/5082 [1:22:25<53:18,  5.13s/it]
 88%|########7 | 4460/5082 [1:22:31<53:27,  5.16s/it]
 88%|########7 | 4461/5082 [1:22:36<53:10,  5.14s/it]
 88%|########7 | 4462/5082 [1:22:41<53:52,  5.21s/it]
 88%|########7 | 4463/5082 [1:22:46<52:38,  5.10s/it]
 88%|########7 | 4464/5082 [1:22:50<50:08,  4.87s/it]
 88%|########7 | 4465/5082 [1:22:54<48:26,  4.71s/it]
 88%|########7 | 4466/5082 [1:23:00<49:34,  4.83s/it]
 88%|########7 | 4467/5082 [1:23:03<46:16,  4.51s/it]
 88%|########7 | 4468/5082 [1:23:08<45:22,  4.43s/it]
 88%|########7 | 4469/5082 [1:23:12<45:39,  4.47s/it]
 88%|########7 | 4470/5082 [1:23:16<44:20,  4.35s/it]
 88%|########7 | 4471/5082 [1:23:21<44:51,  4.40s/it]
 88%|########7 | 4472/5082 [1:23:26<46:06,  4.54s/it]
 88%|########8 | 4473/5082 [1:23:30<45:32,  4.49s/it]
 88%|########8 | 4474/5082 [1:23:35<45:56,  4.53s/it]
 88%|########8 | 4475/5082 [1:23:39<46:11,  4.57s/it]
 88%|########8 | 4476/5082 [1:23:44<46:44,  4.63s/it]
 88%|########8 | 4477/5082 [1:23:48<45:57,  4.56s/it]
 88%|########8 | 4478/5082 [1:23:53<46:50,  4.65s/it]
 88%|########8 | 4479/5082 [1:23:58<45:26,  4.52s/it]
 88%|########8 | 4480/5082 [1:24:03<46:58,  4.68s/it]
 88%|########8 | 4481/5082 [1:24:09<50:55,  5.08s/it]
 88%|########8 | 4482/5082 [1:24:14<51:38,  5.16s/it]
 88%|########8 | 4483/5082 [1:24:18<47:57,  4.80s/it]
 88%|########8 | 4484/5082 [1:24:23<49:03,  4.92s/it]
 88%|########8 | 4485/5082 [1:24:28<48:03,  4.83s/it]
 88%|########8 | 4486/5082 [1:24:32<46:19,  4.66s/it]
 88%|########8 | 4487/5082 [1:24:36<43:49,  4.42s/it]
 88%|########8 | 4488/5082 [1:24:41<45:56,  4.64s/it]
 88%|########8 | 4489/5082 [1:24:46<45:32,  4.61s/it]
 88%|########8 | 4490/5082 [1:24:50<44:52,  4.55s/it]
 88%|########8 | 4491/5082 [1:24:55<46:20,  4.70s/it]
 88%|########8 | 4492/5082 [1:25:00<45:59,  4.68s/it]
 88%|########8 | 4493/5082 [1:25:05<47:10,  4.81s/it]
 88%|########8 | 4494/5082 [1:25:08<43:41,  4.46s/it]
 88%|########8 | 4495/5082 [1:25:13<42:46,  4.37s/it]
 88%|########8 | 4496/5082 [1:25:16<41:11,  4.22s/it]
 88%|########8 | 4497/5082 [1:25:20<39:20,  4.03s/it]
 89%|########8 | 4498/5082 [1:25:24<39:46,  4.09s/it]
 89%|########8 | 4499/5082 [1:25:28<39:31,  4.07s/it]
 89%|########8 | 4500/5082 [1:25:33<41:25,  4.27s/it]
                                                     
{'loss': 0.0239, 'grad_norm': 0.009545045904815197, 'learning_rate': 2.4408624659828347e-06, 'epoch': 2.66}

 89%|########8 | 4500/5082 [1:25:33<41:25,  4.27s/it]
 89%|########8 | 4501/5082 [1:25:38<42:31,  4.39s/it]
 89%|########8 | 4502/5082 [1:25:43<45:04,  4.66s/it]
 89%|########8 | 4503/5082 [1:25:47<43:38,  4.52s/it]
 89%|########8 | 4504/5082 [1:25:52<43:58,  4.57s/it]
 89%|########8 | 4505/5082 [1:25:56<43:30,  4.52s/it]
 89%|########8 | 4506/5082 [1:26:01<44:37,  4.65s/it]
 89%|########8 | 4507/5082 [1:26:07<46:32,  4.86s/it]
 89%|########8 | 4508/5082 [1:26:12<47:35,  4.97s/it]
 89%|########8 | 4509/5082 [1:26:18<49:49,  5.22s/it]
 89%|########8 | 4510/5082 [1:26:23<50:03,  5.25s/it]
 89%|########8 | 4511/5082 [1:26:27<47:59,  5.04s/it]
 89%|########8 | 4512/5082 [1:26:33<48:12,  5.08s/it]
 89%|########8 | 4513/5082 [1:26:37<46:57,  4.95s/it]
 89%|########8 | 4514/5082 [1:26:43<47:47,  5.05s/it]
 89%|########8 | 4515/5082 [1:26:47<47:20,  5.01s/it]
 89%|########8 | 4516/5082 [1:26:53<48:49,  5.18s/it]
 89%|########8 | 4517/5082 [1:26:58<46:42,  4.96s/it]
 89%|########8 | 4518/5082 [1:27:02<46:21,  4.93s/it]
 89%|########8 | 4519/5082 [1:27:06<43:48,  4.67s/it]
 89%|########8 | 4520/5082 [1:27:11<42:06,  4.50s/it]
 89%|########8 | 4521/5082 [1:27:15<40:35,  4.34s/it]
 89%|########8 | 4522/5082 [1:27:18<38:06,  4.08s/it]
 89%|########9 | 4523/5082 [1:27:22<37:25,  4.02s/it]
 89%|########9 | 4524/5082 [1:27:26<38:02,  4.09s/it]
 89%|########9 | 4525/5082 [1:27:30<38:19,  4.13s/it]
 89%|########9 | 4526/5082 [1:27:35<40:04,  4.32s/it]
 89%|########9 | 4527/5082 [1:27:40<40:16,  4.35s/it]
 89%|########9 | 4528/5082 [1:27:44<41:29,  4.49s/it]
 89%|########9 | 4529/5082 [1:27:49<42:57,  4.66s/it]
 89%|########9 | 4530/5082 [1:27:54<42:07,  4.58s/it]
 89%|########9 | 4531/5082 [1:27:57<39:38,  4.32s/it]
 89%|########9 | 4532/5082 [1:28:01<38:30,  4.20s/it]
 89%|########9 | 4533/5082 [1:28:07<42:02,  4.60s/it]
 89%|########9 | 4534/5082 [1:28:12<41:56,  4.59s/it]
 89%|########9 | 4535/5082 [1:28:16<42:47,  4.69s/it]
 89%|########9 | 4536/5082 [1:28:21<41:34,  4.57s/it]
 89%|########9 | 4537/5082 [1:28:26<43:25,  4.78s/it]
 89%|########9 | 4538/5082 [1:28:31<44:07,  4.87s/it]
 89%|########9 | 4539/5082 [1:28:36<44:47,  4.95s/it]
 89%|########9 | 4540/5082 [1:28:41<45:00,  4.98s/it]
 89%|########9 | 4541/5082 [1:28:47<46:48,  5.19s/it]
 89%|########9 | 4542/5082 [1:28:53<47:53,  5.32s/it]
 89%|########9 | 4543/5082 [1:28:58<47:54,  5.33s/it]
 89%|########9 | 4544/5082 [1:29:02<43:44,  4.88s/it]
 89%|########9 | 4545/5082 [1:29:05<40:01,  4.47s/it]
 89%|########9 | 4546/5082 [1:29:10<41:42,  4.67s/it]
 89%|########9 | 4547/5082 [1:29:15<41:12,  4.62s/it]
 89%|########9 | 4548/5082 [1:29:19<40:24,  4.54s/it]
 90%|########9 | 4549/5082 [1:29:24<42:06,  4.74s/it]
 90%|########9 | 4550/5082 [1:29:29<42:09,  4.75s/it]
                                                     

{'loss': 0.0032, 'grad_norm': 0.005887552630156279, 'learning_rate': 2.2315260623822486e-06, 'epoch': 2.69}
 90%|########9 | 4550/5082 [1:29:29<42:09,  4.75s/it]
 90%|########9 | 4551/5082 [1:29:34<42:05,  4.76s/it]
 90%|########9 | 4552/5082 [1:29:39<42:45,  4.84s/it]
 90%|########9 | 4553/5082 [1:29:44<42:53,  4.87s/it]
 90%|########9 | 4554/5082 [1:29:48<41:51,  4.76s/it]
 90%|########9 | 4555/5082 [1:29:53<41:58,  4.78s/it]
 90%|########9 | 4556/5082 [1:29:58<42:20,  4.83s/it]
 90%|########9 | 4557/5082 [1:30:03<41:52,  4.79s/it]
 90%|########9 | 4558/5082 [1:30:08<43:45,  5.01s/it]
 90%|########9 | 4559/5082 [1:30:14<44:12,  5.07s/it]
 90%|########9 | 4560/5082 [1:30:19<45:12,  5.20s/it]
 90%|########9 | 4561/5082 [1:30:25<45:47,  5.27s/it]
 90%|########9 | 4562/5082 [1:30:30<46:04,  5.32s/it]
 90%|########9 | 4563/5082 [1:30:35<44:20,  5.13s/it]
 90%|########9 | 4564/5082 [1:30:40<43:41,  5.06s/it]
 90%|########9 | 4565/5082 [1:30:45<44:11,  5.13s/it]
 90%|########9 | 4566/5082 [1:30:50<44:13,  5.14s/it]
 90%|########9 | 4567/5082 [1:30:55<43:58,  5.12s/it]
 90%|########9 | 4568/5082 [1:30:59<41:47,  4.88s/it]
 90%|########9 | 4569/5082 [1:31:04<40:55,  4.79s/it]
 90%|########9 | 4570/5082 [1:31:08<38:58,  4.57s/it]
 90%|########9 | 4571/5082 [1:31:13<38:44,  4.55s/it]
 90%|########9 | 4572/5082 [1:31:17<37:59,  4.47s/it]
 90%|########9 | 4573/5082 [1:31:21<38:01,  4.48s/it]
 90%|######### | 4574/5082 [1:31:26<37:21,  4.41s/it]
 90%|######### | 4575/5082 [1:31:29<35:47,  4.24s/it]
 90%|######### | 4576/5082 [1:31:34<36:03,  4.28s/it]
 90%|######### | 4577/5082 [1:31:39<39:02,  4.64s/it]
 90%|######### | 4578/5082 [1:31:44<38:12,  4.55s/it]
 90%|######### | 4579/5082 [1:31:47<36:04,  4.30s/it]
 90%|######### | 4580/5082 [1:31:52<36:34,  4.37s/it]
 90%|######### | 4581/5082 [1:31:56<36:37,  4.39s/it]
 90%|######### | 4582/5082 [1:32:01<37:01,  4.44s/it]
 90%|######### | 4583/5082 [1:32:06<39:19,  4.73s/it]
 90%|######### | 4584/5082 [1:32:12<40:42,  4.90s/it]
 90%|######### | 4585/5082 [1:32:18<42:57,  5.19s/it]
 90%|######### | 4586/5082 [1:32:23<43:00,  5.20s/it]
 90%|######### | 4587/5082 [1:32:28<43:18,  5.25s/it]
 90%|######### | 4588/5082 [1:32:33<41:56,  5.09s/it]
 90%|######### | 4589/5082 [1:32:38<40:49,  4.97s/it]
 90%|######### | 4590/5082 [1:32:43<41:00,  5.00s/it]
 90%|######### | 4591/5082 [1:32:47<40:26,  4.94s/it]
 90%|######### | 4592/5082 [1:32:52<40:33,  4.97s/it]
 90%|######### | 4593/5082 [1:32:57<39:17,  4.82s/it]
 90%|######### | 4594/5082 [1:33:02<39:32,  4.86s/it]
 90%|######### | 4595/5082 [1:33:06<37:41,  4.64s/it]
 90%|######### | 4596/5082 [1:33:10<36:31,  4.51s/it]
 90%|######### | 4597/5082 [1:33:15<36:35,  4.53s/it]
 90%|######### | 4598/5082 [1:33:19<35:02,  4.35s/it]
 90%|######### | 4599/5082 [1:33:22<33:39,  4.18s/it]
 91%|######### | 4600/5082 [1:33:27<34:32,  4.30s/it]
                                                     

{'loss': 0.0104, 'grad_norm': 0.011192096397280693, 'learning_rate': 2.022189658781662e-06, 'epoch': 2.72}
 91%|######### | 4600/5082 [1:33:27<34:32,  4.30s/it]
 91%|######### | 4601/5082 [1:33:31<33:07,  4.13s/it]
 91%|######### | 4602/5082 [1:33:35<32:57,  4.12s/it]
 91%|######### | 4603/5082 [1:33:39<32:40,  4.09s/it]
 91%|######### | 4604/5082 [1:33:44<35:49,  4.50s/it]
 91%|######### | 4605/5082 [1:33:49<35:35,  4.48s/it]
 91%|######### | 4606/5082 [1:33:54<36:10,  4.56s/it]
 91%|######### | 4607/5082 [1:33:58<35:55,  4.54s/it]
 91%|######### | 4608/5082 [1:34:03<37:29,  4.75s/it]
 91%|######### | 4609/5082 [1:34:09<38:43,  4.91s/it]
 91%|######### | 4610/5082 [1:34:14<39:42,  5.05s/it]
 91%|######### | 4611/5082 [1:34:20<41:49,  5.33s/it]
 91%|######### | 4612/5082 [1:34:24<38:43,  4.94s/it]
 91%|######### | 4613/5082 [1:34:28<36:20,  4.65s/it]
 91%|######### | 4614/5082 [1:34:32<35:52,  4.60s/it]
 91%|######### | 4615/5082 [1:34:37<36:49,  4.73s/it]
 91%|######### | 4616/5082 [1:34:42<36:09,  4.66s/it]
 91%|######### | 4617/5082 [1:34:46<35:02,  4.52s/it]
 91%|######### | 4618/5082 [1:34:51<36:18,  4.70s/it]
 91%|######### | 4619/5082 [1:34:56<36:54,  4.78s/it]
 91%|######### | 4620/5082 [1:35:01<36:58,  4.80s/it]
 91%|######### | 4621/5082 [1:35:05<34:52,  4.54s/it]
 91%|######### | 4622/5082 [1:35:10<35:43,  4.66s/it]
 91%|######### | 4623/5082 [1:35:14<34:42,  4.54s/it]
 91%|######### | 4624/5082 [1:35:18<34:03,  4.46s/it]
 91%|#########1| 4625/5082 [1:35:22<31:43,  4.17s/it]
 91%|#########1| 4626/5082 [1:35:26<31:22,  4.13s/it]
 91%|#########1| 4627/5082 [1:35:30<31:08,  4.11s/it]
 91%|#########1| 4628/5082 [1:35:34<31:29,  4.16s/it]
 91%|#########1| 4629/5082 [1:35:39<32:45,  4.34s/it]
 91%|#########1| 4630/5082 [1:35:43<31:02,  4.12s/it]
 91%|#########1| 4631/5082 [1:35:47<30:55,  4.12s/it]
 91%|#########1| 4632/5082 [1:35:50<28:58,  3.86s/it]
 91%|#########1| 4633/5082 [1:35:53<27:55,  3.73s/it]
 91%|#########1| 4634/5082 [1:35:57<28:23,  3.80s/it]
 91%|#########1| 4635/5082 [1:36:03<31:47,  4.27s/it]
 91%|#########1| 4636/5082 [1:36:08<33:59,  4.57s/it]
 91%|#########1| 4637/5082 [1:36:14<36:00,  4.86s/it]
 91%|#########1| 4638/5082 [1:36:18<35:57,  4.86s/it]
 91%|#########1| 4639/5082 [1:36:23<35:58,  4.87s/it]
 91%|#########1| 4640/5082 [1:36:28<36:16,  4.92s/it]
 91%|#########1| 4641/5082 [1:36:33<36:25,  4.96s/it]
 91%|#########1| 4642/5082 [1:36:38<34:51,  4.75s/it]
 91%|#########1| 4643/5082 [1:36:43<35:05,  4.80s/it]
 91%|#########1| 4644/5082 [1:36:48<35:25,  4.85s/it]
 91%|#########1| 4645/5082 [1:36:53<36:09,  4.96s/it]
 91%|#########1| 4646/5082 [1:36:57<35:24,  4.87s/it]
 91%|#########1| 4647/5082 [1:37:02<34:51,  4.81s/it]
 91%|#########1| 4648/5082 [1:37:06<32:41,  4.52s/it]
 91%|#########1| 4649/5082 [1:37:11<33:22,  4.63s/it]
 91%|#########1| 4650/5082 [1:37:16<33:45,  4.69s/it]
                                                     
{'loss': 0.0073, 'grad_norm': 0.15519849956035614, 'learning_rate': 1.8128532551810761e-06, 'epoch': 2.75}

 91%|#########1| 4650/5082 [1:37:16<33:45,  4.69s/it]
 92%|#########1| 4651/5082 [1:37:20<32:00,  4.46s/it]
 92%|#########1| 4652/5082 [1:37:24<31:19,  4.37s/it]
 92%|#########1| 4653/5082 [1:37:28<31:34,  4.42s/it]
 92%|#########1| 4654/5082 [1:37:33<31:22,  4.40s/it]
 92%|#########1| 4655/5082 [1:37:37<32:00,  4.50s/it]
 92%|#########1| 4656/5082 [1:37:42<31:50,  4.48s/it]
 92%|#########1| 4657/5082 [1:37:46<30:40,  4.33s/it]
 92%|#########1| 4658/5082 [1:37:50<30:40,  4.34s/it]
 92%|#########1| 4659/5082 [1:37:55<32:00,  4.54s/it]
 92%|#########1| 4660/5082 [1:38:00<33:13,  4.72s/it]
 92%|#########1| 4661/5082 [1:38:06<35:03,  5.00s/it]
 92%|#########1| 4662/5082 [1:38:11<35:07,  5.02s/it]
 92%|#########1| 4663/5082 [1:38:16<35:46,  5.12s/it]
 92%|#########1| 4664/5082 [1:38:22<36:16,  5.21s/it]
 92%|#########1| 4665/5082 [1:38:27<36:03,  5.19s/it]
 92%|#########1| 4666/5082 [1:38:32<36:02,  5.20s/it]
 92%|#########1| 4667/5082 [1:38:38<36:37,  5.30s/it]
 92%|#########1| 4668/5082 [1:38:43<36:36,  5.30s/it]
 92%|#########1| 4669/5082 [1:38:48<36:15,  5.27s/it]
 92%|#########1| 4670/5082 [1:38:53<34:35,  5.04s/it]
 92%|#########1| 4671/5082 [1:38:58<35:00,  5.11s/it]
 92%|#########1| 4672/5082 [1:39:02<32:55,  4.82s/it]
 92%|#########1| 4673/5082 [1:39:06<30:30,  4.47s/it]
 92%|#########1| 4674/5082 [1:39:10<30:20,  4.46s/it]
 92%|#########1| 4675/5082 [1:39:15<30:12,  4.45s/it]
 92%|#########2| 4676/5082 [1:39:18<28:29,  4.21s/it]
 92%|#########2| 4677/5082 [1:39:23<29:03,  4.31s/it]
 92%|#########2| 4678/5082 [1:39:27<28:15,  4.20s/it]
 92%|#########2| 4679/5082 [1:39:31<28:15,  4.21s/it]
 92%|#########2| 4680/5082 [1:39:36<29:35,  4.42s/it]
 92%|#########2| 4681/5082 [1:39:41<30:06,  4.50s/it]
 92%|#########2| 4682/5082 [1:39:46<31:16,  4.69s/it]
 92%|#########2| 4683/5082 [1:39:50<31:05,  4.68s/it]
 92%|#########2| 4684/5082 [1:39:55<30:50,  4.65s/it]
 92%|#########2| 4685/5082 [1:40:00<31:36,  4.78s/it]
 92%|#########2| 4686/5082 [1:40:06<33:53,  5.13s/it]
 92%|#########2| 4687/5082 [1:40:12<34:41,  5.27s/it]
 92%|#########2| 4688/5082 [1:40:17<34:49,  5.30s/it]
 92%|#########2| 4689/5082 [1:40:22<34:34,  5.28s/it]
 92%|#########2| 4690/5082 [1:40:27<33:10,  5.08s/it]
 92%|#########2| 4691/5082 [1:40:31<31:53,  4.89s/it]
 92%|#########2| 4692/5082 [1:40:36<31:58,  4.92s/it]
 92%|#########2| 4693/5082 [1:40:40<30:20,  4.68s/it]
 92%|#########2| 4694/5082 [1:40:45<29:39,  4.59s/it]
 92%|#########2| 4695/5082 [1:40:49<29:39,  4.60s/it]
 92%|#########2| 4696/5082 [1:40:54<29:17,  4.55s/it]
 92%|#########2| 4697/5082 [1:40:59<30:10,  4.70s/it]
 92%|#########2| 4698/5082 [1:41:03<28:56,  4.52s/it]
 92%|#########2| 4699/5082 [1:41:08<29:11,  4.57s/it]
 92%|#########2| 4700/5082 [1:41:12<28:20,  4.45s/it]
                                                     
{'loss': 0.0058, 'grad_norm': 0.005094569642096758, 'learning_rate': 1.60351685158049e-06, 'epoch': 2.77}

 92%|#########2| 4700/5082 [1:41:12<28:20,  4.45s/it]
 93%|#########2| 4701/5082 [1:41:16<27:35,  4.35s/it]
 93%|#########2| 4702/5082 [1:41:20<27:20,  4.32s/it]
 93%|#########2| 4703/5082 [1:41:24<27:02,  4.28s/it]
 93%|#########2| 4704/5082 [1:41:29<28:06,  4.46s/it]
 93%|#########2| 4705/5082 [1:41:34<29:10,  4.64s/it]
 93%|#########2| 4706/5082 [1:41:40<30:31,  4.87s/it]
 93%|#########2| 4707/5082 [1:41:45<30:15,  4.84s/it]
 93%|#########2| 4708/5082 [1:41:49<30:01,  4.82s/it]
 93%|#########2| 4709/5082 [1:41:54<29:30,  4.75s/it]
 93%|#########2| 4710/5082 [1:41:59<29:39,  4.78s/it]
 93%|#########2| 4711/5082 [1:42:04<30:34,  4.94s/it]
 93%|#########2| 4712/5082 [1:42:09<30:31,  4.95s/it]
 93%|#########2| 4713/5082 [1:42:15<32:05,  5.22s/it]
 93%|#########2| 4714/5082 [1:42:20<32:15,  5.26s/it]
 93%|#########2| 4715/5082 [1:42:25<31:49,  5.20s/it]
 93%|#########2| 4716/5082 [1:42:31<32:15,  5.29s/it]
 93%|#########2| 4717/5082 [1:42:36<31:44,  5.22s/it]
 93%|#########2| 4718/5082 [1:42:41<31:53,  5.26s/it]
 93%|#########2| 4719/5082 [1:42:46<31:29,  5.21s/it]
 93%|#########2| 4720/5082 [1:42:51<30:36,  5.07s/it]
 93%|#########2| 4721/5082 [1:42:57<31:47,  5.28s/it]
 93%|#########2| 4722/5082 [1:43:02<31:21,  5.23s/it]
 93%|#########2| 4723/5082 [1:43:06<29:27,  4.92s/it]
 93%|#########2| 4724/5082 [1:43:11<29:28,  4.94s/it]
 93%|#########2| 4725/5082 [1:43:15<27:48,  4.67s/it]
 93%|#########2| 4726/5082 [1:43:19<26:20,  4.44s/it]
 93%|#########3| 4727/5082 [1:43:23<25:23,  4.29s/it]
 93%|#########3| 4728/5082 [1:43:27<25:07,  4.26s/it]
 93%|#########3| 4729/5082 [1:43:32<25:36,  4.35s/it]
 93%|#########3| 4730/5082 [1:43:37<26:24,  4.50s/it]
 93%|#########3| 4731/5082 [1:43:42<27:10,  4.64s/it]
 93%|#########3| 4732/5082 [1:43:46<27:29,  4.71s/it]
 93%|#########3| 4733/5082 [1:43:52<28:44,  4.94s/it]
 93%|#########3| 4734/5082 [1:43:57<28:21,  4.89s/it]
 93%|#########3| 4735/5082 [1:44:01<28:07,  4.86s/it]
 93%|#########3| 4736/5082 [1:44:06<27:22,  4.75s/it]
 93%|#########3| 4737/5082 [1:44:11<27:12,  4.73s/it]
 93%|#########3| 4738/5082 [1:44:16<27:27,  4.79s/it]
 93%|#########3| 4739/5082 [1:44:21<28:21,  4.96s/it]
 93%|#########3| 4740/5082 [1:44:25<26:48,  4.70s/it]
 93%|#########3| 4741/5082 [1:44:29<25:24,  4.47s/it]
 93%|#########3| 4742/5082 [1:44:34<26:29,  4.68s/it]
 93%|#########3| 4743/5082 [1:44:39<26:34,  4.70s/it]
 93%|#########3| 4744/5082 [1:44:43<25:50,  4.59s/it]
 93%|#########3| 4745/5082 [1:44:48<25:59,  4.63s/it]
 93%|#########3| 4746/5082 [1:44:52<25:15,  4.51s/it]
 93%|#########3| 4747/5082 [1:44:57<25:27,  4.56s/it]
 93%|#########3| 4748/5082 [1:45:01<25:07,  4.51s/it]
 93%|#########3| 4749/5082 [1:45:05<24:35,  4.43s/it]
 93%|#########3| 4750/5082 [1:45:10<23:58,  4.33s/it]
                                                     

{'loss': 0.0035, 'grad_norm': 0.008046736009418964, 'learning_rate': 1.3941804479799037e-06, 'epoch': 2.8}
 93%|#########3| 4750/5082 [1:45:10<23:58,  4.33s/it]
 93%|#########3| 4751/5082 [1:45:14<24:25,  4.43s/it]
 94%|#########3| 4752/5082 [1:45:19<24:07,  4.39s/it]
 94%|#########3| 4753/5082 [1:45:23<23:28,  4.28s/it]
 94%|#########3| 4754/5082 [1:45:27<23:26,  4.29s/it]
 94%|#########3| 4755/5082 [1:45:31<22:20,  4.10s/it]
 94%|#########3| 4756/5082 [1:45:36<24:05,  4.43s/it]
 94%|#########3| 4757/5082 [1:45:40<23:08,  4.27s/it]
 94%|#########3| 4758/5082 [1:45:45<24:06,  4.46s/it]
 94%|#########3| 4759/5082 [1:45:49<23:15,  4.32s/it]
 94%|#########3| 4760/5082 [1:45:54<24:42,  4.60s/it]
 94%|#########3| 4761/5082 [1:45:59<25:10,  4.71s/it]
 94%|#########3| 4762/5082 [1:46:04<26:14,  4.92s/it]
 94%|#########3| 4763/5082 [1:46:10<27:21,  5.15s/it]
 94%|#########3| 4764/5082 [1:46:16<28:13,  5.33s/it]
 94%|#########3| 4765/5082 [1:46:21<28:01,  5.30s/it]
 94%|#########3| 4766/5082 [1:46:26<26:57,  5.12s/it]
 94%|#########3| 4767/5082 [1:46:30<26:14,  5.00s/it]
 94%|#########3| 4768/5082 [1:46:35<25:11,  4.81s/it]
 94%|#########3| 4769/5082 [1:46:39<24:18,  4.66s/it]
 94%|#########3| 4770/5082 [1:46:43<24:00,  4.62s/it]
 94%|#########3| 4771/5082 [1:46:48<24:12,  4.67s/it]
 94%|#########3| 4772/5082 [1:46:53<24:54,  4.82s/it]
 94%|#########3| 4773/5082 [1:46:59<25:53,  5.03s/it]
 94%|#########3| 4774/5082 [1:47:04<25:20,  4.94s/it]
 94%|#########3| 4775/5082 [1:47:08<24:10,  4.72s/it]
 94%|#########3| 4776/5082 [1:47:13<24:14,  4.75s/it]
 94%|#########3| 4777/5082 [1:47:18<24:37,  4.84s/it]
 94%|#########4| 4778/5082 [1:47:22<22:57,  4.53s/it]
 94%|#########4| 4779/5082 [1:47:26<22:52,  4.53s/it]
 94%|#########4| 4780/5082 [1:47:30<22:21,  4.44s/it]
 94%|#########4| 4781/5082 [1:47:36<23:39,  4.72s/it]
 94%|#########4| 4782/5082 [1:47:41<24:17,  4.86s/it]
 94%|#########4| 4783/5082 [1:47:45<23:26,  4.70s/it]
 94%|#########4| 4784/5082 [1:47:50<24:10,  4.87s/it]
 94%|#########4| 4785/5082 [1:47:56<24:33,  4.96s/it]
 94%|#########4| 4786/5082 [1:48:01<24:55,  5.05s/it]
 94%|#########4| 4787/5082 [1:48:06<25:04,  5.10s/it]
 94%|#########4| 4788/5082 [1:48:11<25:21,  5.18s/it]
 94%|#########4| 4789/5082 [1:48:17<25:25,  5.21s/it]
 94%|#########4| 4790/5082 [1:48:21<24:31,  5.04s/it]
 94%|#########4| 4791/5082 [1:48:26<23:45,  4.90s/it]
 94%|#########4| 4792/5082 [1:48:31<24:30,  5.07s/it]
 94%|#########4| 4793/5082 [1:48:37<24:30,  5.09s/it]
 94%|#########4| 4794/5082 [1:48:42<24:37,  5.13s/it]
 94%|#########4| 4795/5082 [1:48:47<24:16,  5.08s/it]
 94%|#########4| 4796/5082 [1:48:52<24:05,  5.05s/it]
 94%|#########4| 4797/5082 [1:48:57<24:12,  5.10s/it]
 94%|#########4| 4798/5082 [1:49:01<22:55,  4.84s/it]
 94%|#########4| 4799/5082 [1:49:05<20:57,  4.45s/it]
 94%|#########4| 4800/5082 [1:49:09<20:48,  4.43s/it]
{'loss': 0.0053, 'grad_norm': 0.0030305206310003996, 'learning_rate': 1.1848440443793176e-06, 'epoch': 2.83}
                                                     

 94%|#########4| 4800/5082 [1:49:09<20:48,  4.43s/it]
 94%|#########4| 4801/5082 [1:49:13<20:09,  4.30s/it]
 94%|#########4| 4802/5082 [1:49:17<19:30,  4.18s/it]
 95%|#########4| 4803/5082 [1:49:21<18:32,  3.99s/it]
 95%|#########4| 4804/5082 [1:49:24<18:20,  3.96s/it]
 95%|#########4| 4805/5082 [1:49:29<18:35,  4.03s/it]
 95%|#########4| 4806/5082 [1:49:33<19:13,  4.18s/it]
 95%|#########4| 4807/5082 [1:49:38<19:59,  4.36s/it]
 95%|#########4| 4808/5082 [1:49:43<20:39,  4.52s/it]
 95%|#########4| 4809/5082 [1:49:47<20:18,  4.46s/it]
 95%|#########4| 4810/5082 [1:49:52<20:44,  4.57s/it]
 95%|#########4| 4811/5082 [1:49:57<20:53,  4.62s/it]
 95%|#########4| 4812/5082 [1:50:02<21:29,  4.78s/it]
 95%|#########4| 4813/5082 [1:50:07<22:30,  5.02s/it]
 95%|#########4| 4814/5082 [1:50:13<22:55,  5.13s/it]
 95%|#########4| 4815/5082 [1:50:17<21:39,  4.87s/it]
 95%|#########4| 4816/5082 [1:50:22<22:11,  5.00s/it]
 95%|#########4| 4817/5082 [1:50:27<22:06,  5.00s/it]
 95%|#########4| 4818/5082 [1:50:32<22:00,  5.00s/it]
 95%|#########4| 4819/5082 [1:50:38<22:21,  5.10s/it]
 95%|#########4| 4820/5082 [1:50:43<22:25,  5.14s/it]
 95%|#########4| 4821/5082 [1:50:48<22:46,  5.23s/it]
 95%|#########4| 4822/5082 [1:50:54<22:27,  5.18s/it]
 95%|#########4| 4823/5082 [1:50:59<22:14,  5.15s/it]
 95%|#########4| 4824/5082 [1:51:03<21:34,  5.02s/it]
 95%|#########4| 4825/5082 [1:51:07<20:21,  4.75s/it]
 95%|#########4| 4826/5082 [1:51:11<19:09,  4.49s/it]
 95%|#########4| 4827/5082 [1:51:15<17:33,  4.13s/it]
 95%|#########5| 4828/5082 [1:51:18<16:55,  4.00s/it]
 95%|#########5| 4829/5082 [1:51:21<15:36,  3.70s/it]
 95%|#########5| 4830/5082 [1:51:26<16:59,  4.04s/it]
 95%|#########5| 4831/5082 [1:51:31<18:02,  4.31s/it]
 95%|#########5| 4832/5082 [1:51:36<19:18,  4.64s/it]
 95%|#########5| 4833/5082 [1:51:41<19:14,  4.64s/it]
 95%|#########5| 4834/5082 [1:51:46<19:08,  4.63s/it]
 95%|#########5| 4835/5082 [1:51:51<19:23,  4.71s/it]
 95%|#########5| 4836/5082 [1:51:55<18:48,  4.59s/it]
 95%|#########5| 4837/5082 [1:52:00<18:53,  4.62s/it]
 95%|#########5| 4838/5082 [1:52:04<18:54,  4.65s/it]
 95%|#########5| 4839/5082 [1:52:10<19:30,  4.82s/it]
 95%|#########5| 4840/5082 [1:52:15<20:04,  4.98s/it]
 95%|#########5| 4841/5082 [1:52:20<20:02,  4.99s/it]
 95%|#########5| 4842/5082 [1:52:26<20:51,  5.22s/it]
 95%|#########5| 4843/5082 [1:52:30<20:18,  5.10s/it]
 95%|#########5| 4844/5082 [1:52:35<20:05,  5.07s/it]
 95%|#########5| 4845/5082 [1:52:40<19:30,  4.94s/it]
 95%|#########5| 4846/5082 [1:52:45<19:35,  4.98s/it]
 95%|#########5| 4847/5082 [1:52:50<19:29,  4.98s/it]
 95%|#########5| 4848/5082 [1:52:55<19:49,  5.08s/it]
 95%|#########5| 4849/5082 [1:53:01<19:51,  5.12s/it]
 95%|#########5| 4850/5082 [1:53:05<19:10,  4.96s/it]
                                                     
{'loss': 0.0084, 'grad_norm': 0.043410107493400574, 'learning_rate': 9.755076407787314e-07, 'epoch': 2.86}

 95%|#########5| 4850/5082 [1:53:05<19:10,  4.96s/it]
 95%|#########5| 4851/5082 [1:53:10<18:46,  4.88s/it]
 95%|#########5| 4852/5082 [1:53:14<18:02,  4.71s/it]
 95%|#########5| 4853/5082 [1:53:18<17:13,  4.51s/it]
 96%|#########5| 4854/5082 [1:53:22<16:14,  4.28s/it]
 96%|#########5| 4855/5082 [1:53:26<16:14,  4.29s/it]
 96%|#########5| 4856/5082 [1:53:30<15:54,  4.22s/it]
 96%|#########5| 4857/5082 [1:53:35<16:40,  4.45s/it]
 96%|#########5| 4858/5082 [1:53:40<16:33,  4.43s/it]
 96%|#########5| 4859/5082 [1:53:45<17:24,  4.68s/it]
 96%|#########5| 4860/5082 [1:53:49<17:00,  4.60s/it]
 96%|#########5| 4861/5082 [1:53:54<16:35,  4.50s/it]
 96%|#########5| 4862/5082 [1:53:58<16:44,  4.57s/it]
 96%|#########5| 4863/5082 [1:54:03<16:30,  4.52s/it]
 96%|#########5| 4864/5082 [1:54:09<18:02,  4.97s/it]
 96%|#########5| 4865/5082 [1:54:15<19:22,  5.36s/it]
 96%|#########5| 4866/5082 [1:54:20<18:55,  5.26s/it]
 96%|#########5| 4867/5082 [1:54:26<18:53,  5.27s/it]
 96%|#########5| 4868/5082 [1:54:30<17:43,  4.97s/it]
 96%|#########5| 4869/5082 [1:54:34<17:08,  4.83s/it]
 96%|#########5| 4870/5082 [1:54:39<17:22,  4.92s/it]
 96%|#########5| 4871/5082 [1:54:43<16:02,  4.56s/it]
 96%|#########5| 4872/5082 [1:54:48<16:12,  4.63s/it]
 96%|#########5| 4873/5082 [1:54:53<16:11,  4.65s/it]
 96%|#########5| 4874/5082 [1:54:58<16:38,  4.80s/it]
 96%|#########5| 4875/5082 [1:55:02<16:26,  4.76s/it]
 96%|#########5| 4876/5082 [1:55:06<15:25,  4.49s/it]
 96%|#########5| 4877/5082 [1:55:10<14:47,  4.33s/it]
 96%|#########5| 4878/5082 [1:55:15<14:39,  4.31s/it]
 96%|#########6| 4879/5082 [1:55:18<14:13,  4.21s/it]
 96%|#########6| 4880/5082 [1:55:22<13:38,  4.05s/it]
 96%|#########6| 4881/5082 [1:55:27<13:52,  4.14s/it]
 96%|#########6| 4882/5082 [1:55:31<14:16,  4.28s/it]
 96%|#########6| 4883/5082 [1:55:37<15:27,  4.66s/it]
 96%|#########6| 4884/5082 [1:55:41<14:57,  4.53s/it]
 96%|#########6| 4885/5082 [1:55:45<14:22,  4.38s/it]
 96%|#########6| 4886/5082 [1:55:48<12:49,  3.93s/it]
 96%|#########6| 4887/5082 [1:55:50<11:30,  3.54s/it]
 96%|#########6| 4888/5082 [1:55:53<10:34,  3.27s/it]
 96%|#########6| 4889/5082 [1:55:56<10:16,  3.19s/it]
 96%|#########6| 4890/5082 [1:55:59<09:46,  3.05s/it]
 96%|#########6| 4891/5082 [1:56:03<10:22,  3.26s/it]
 96%|#########6| 4892/5082 [1:56:08<12:26,  3.93s/it]
 96%|#########6| 4893/5082 [1:56:14<14:08,  4.49s/it]
 96%|#########6| 4894/5082 [1:56:19<15:02,  4.80s/it]
 96%|#########6| 4895/5082 [1:56:25<15:32,  4.99s/it]
 96%|#########6| 4896/5082 [1:56:30<15:41,  5.06s/it]
 96%|#########6| 4897/5082 [1:56:35<15:36,  5.06s/it]
 96%|#########6| 4898/5082 [1:56:40<15:24,  5.02s/it]
 96%|#########6| 4899/5082 [1:56:45<15:09,  4.97s/it]
 96%|#########6| 4900/5082 [1:56:50<15:16,  5.04s/it]
                                                     
{'loss': 0.0104, 'grad_norm': 0.004149264190346003, 'learning_rate': 7.661712371781453e-07, 'epoch': 2.89}

 96%|#########6| 4900/5082 [1:56:50<15:16,  5.04s/it]
 96%|#########6| 4901/5082 [1:56:56<15:33,  5.16s/it]
 96%|#########6| 4902/5082 [1:57:00<15:17,  5.10s/it]
 96%|#########6| 4903/5082 [1:57:05<14:30,  4.86s/it]
 96%|#########6| 4904/5082 [1:57:09<13:45,  4.64s/it]
 97%|#########6| 4905/5082 [1:57:13<13:12,  4.48s/it]
 97%|#########6| 4906/5082 [1:57:17<12:56,  4.41s/it]
 97%|#########6| 4907/5082 [1:57:22<12:51,  4.41s/it]
 97%|#########6| 4908/5082 [1:57:26<13:06,  4.52s/it]
 97%|#########6| 4909/5082 [1:57:31<12:56,  4.49s/it]
 97%|#########6| 4910/5082 [1:57:36<13:16,  4.63s/it]
 97%|#########6| 4911/5082 [1:57:41<13:39,  4.79s/it]
 97%|#########6| 4912/5082 [1:57:47<14:27,  5.10s/it]
 97%|#########6| 4913/5082 [1:57:51<13:52,  4.93s/it]
 97%|#########6| 4914/5082 [1:57:56<13:27,  4.80s/it]
 97%|#########6| 4915/5082 [1:58:01<13:34,  4.88s/it]
 97%|#########6| 4916/5082 [1:58:06<13:39,  4.94s/it]
 97%|#########6| 4917/5082 [1:58:12<14:30,  5.27s/it]
 97%|#########6| 4918/5082 [1:58:17<14:12,  5.20s/it]
 97%|#########6| 4919/5082 [1:58:21<13:16,  4.89s/it]
 97%|#########6| 4920/5082 [1:58:26<12:56,  4.80s/it]
 97%|#########6| 4921/5082 [1:58:31<12:50,  4.79s/it]
 97%|#########6| 4922/5082 [1:58:36<13:06,  4.92s/it]
 97%|#########6| 4923/5082 [1:58:41<12:54,  4.87s/it]
 97%|#########6| 4924/5082 [1:58:46<12:53,  4.89s/it]
 97%|#########6| 4925/5082 [1:58:51<12:54,  4.93s/it]
 97%|#########6| 4926/5082 [1:58:56<12:58,  4.99s/it]
 97%|#########6| 4927/5082 [1:59:01<12:58,  5.02s/it]
 97%|#########6| 4928/5082 [1:59:05<12:17,  4.79s/it]
 97%|#########6| 4929/5082 [1:59:09<11:20,  4.45s/it]
 97%|#########7| 4930/5082 [1:59:13<10:48,  4.27s/it]
 97%|#########7| 4931/5082 [1:59:17<11:00,  4.38s/it]
 97%|#########7| 4932/5082 [1:59:21<10:38,  4.25s/it]
 97%|#########7| 4933/5082 [1:59:25<10:13,  4.12s/it]
 97%|#########7| 4934/5082 [1:59:29<10:22,  4.21s/it]
 97%|#########7| 4935/5082 [1:59:33<10:15,  4.19s/it]
 97%|#########7| 4936/5082 [1:59:38<10:38,  4.37s/it]
 97%|#########7| 4937/5082 [1:59:43<10:48,  4.47s/it]
 97%|#########7| 4938/5082 [1:59:48<11:19,  4.72s/it]
 97%|#########7| 4939/5082 [1:59:53<10:56,  4.59s/it]
 97%|#########7| 4940/5082 [1:59:57<11:03,  4.67s/it]
 97%|#########7| 4941/5082 [2:00:01<10:24,  4.43s/it]
 97%|#########7| 4942/5082 [2:00:07<11:00,  4.72s/it]
 97%|#########7| 4943/5082 [2:00:12<11:24,  4.92s/it]
 97%|#########7| 4944/5082 [2:00:17<11:27,  4.98s/it]
 97%|#########7| 4945/5082 [2:00:22<11:22,  4.98s/it]
 97%|#########7| 4946/5082 [2:00:27<11:19,  4.99s/it]
 97%|#########7| 4947/5082 [2:00:32<10:59,  4.89s/it]
 97%|#########7| 4948/5082 [2:00:37<11:07,  4.98s/it]
 97%|#########7| 4949/5082 [2:00:41<10:24,  4.70s/it]
 97%|#########7| 4950/5082 [2:00:46<10:42,  4.87s/it]
                                                     
{'loss': 0.0053, 'grad_norm': 9.843375205993652, 'learning_rate': 5.568348335775592e-07, 'epoch': 2.92}

 97%|#########7| 4950/5082 [2:00:46<10:42,  4.87s/it]
 97%|#########7| 4951/5082 [2:00:51<10:36,  4.86s/it]
 97%|#########7| 4952/5082 [2:00:56<10:22,  4.79s/it]
 97%|#########7| 4953/5082 [2:01:01<10:21,  4.82s/it]
 97%|#########7| 4954/5082 [2:01:05<10:15,  4.81s/it]
 98%|#########7| 4955/5082 [2:01:10<10:16,  4.85s/it]
 98%|#########7| 4956/5082 [2:01:15<10:04,  4.80s/it]
 98%|#########7| 4957/5082 [2:01:19<09:22,  4.50s/it]
 98%|#########7| 4958/5082 [2:01:23<09:12,  4.46s/it]
 98%|#########7| 4959/5082 [2:01:28<09:02,  4.41s/it]
 98%|#########7| 4960/5082 [2:01:32<09:06,  4.48s/it]
 98%|#########7| 4961/5082 [2:01:37<09:03,  4.49s/it]
 98%|#########7| 4962/5082 [2:01:41<08:52,  4.44s/it]
 98%|#########7| 4963/5082 [2:01:46<09:17,  4.68s/it]
 98%|#########7| 4964/5082 [2:01:51<09:04,  4.62s/it]
 98%|#########7| 4965/5082 [2:01:56<09:12,  4.73s/it]
 98%|#########7| 4966/5082 [2:02:00<08:55,  4.62s/it]
 98%|#########7| 4967/5082 [2:02:05<08:56,  4.66s/it]
 98%|#########7| 4968/5082 [2:02:10<09:16,  4.88s/it]
 98%|#########7| 4969/5082 [2:02:16<09:33,  5.07s/it]
 98%|#########7| 4970/5082 [2:02:21<09:32,  5.11s/it]
 98%|#########7| 4971/5082 [2:02:27<09:53,  5.34s/it]
 98%|#########7| 4972/5082 [2:02:32<09:45,  5.32s/it]
 98%|#########7| 4973/5082 [2:02:37<09:32,  5.25s/it]
 98%|#########7| 4974/5082 [2:02:42<09:17,  5.16s/it]
 98%|#########7| 4975/5082 [2:02:47<08:59,  5.04s/it]
 98%|#########7| 4976/5082 [2:02:53<09:13,  5.23s/it]
 98%|#########7| 4977/5082 [2:02:57<08:58,  5.13s/it]
 98%|#########7| 4978/5082 [2:03:02<08:40,  5.00s/it]
 98%|#########7| 4979/5082 [2:03:06<08:06,  4.73s/it]
 98%|#########7| 4980/5082 [2:03:11<07:53,  4.65s/it]
 98%|#########8| 4981/5082 [2:03:16<07:57,  4.73s/it]
 98%|#########8| 4982/5082 [2:03:20<07:29,  4.49s/it]
 98%|#########8| 4983/5082 [2:03:24<07:12,  4.36s/it]
 98%|#########8| 4984/5082 [2:03:28<07:08,  4.37s/it]
 98%|#########8| 4985/5082 [2:03:32<07:06,  4.40s/it]
 98%|#########8| 4986/5082 [2:03:37<07:04,  4.43s/it]
 98%|#########8| 4987/5082 [2:03:42<07:08,  4.51s/it]
 98%|#########8| 4988/5082 [2:03:46<06:57,  4.44s/it]
 98%|#########8| 4989/5082 [2:03:51<07:19,  4.73s/it]
 98%|#########8| 4990/5082 [2:03:57<07:26,  4.85s/it]
 98%|#########8| 4991/5082 [2:04:01<07:12,  4.76s/it]
 98%|#########8| 4992/5082 [2:04:07<07:30,  5.01s/it]
 98%|#########8| 4993/5082 [2:04:12<07:32,  5.08s/it]
 98%|#########8| 4994/5082 [2:04:17<07:31,  5.13s/it]
 98%|#########8| 4995/5082 [2:04:22<07:18,  5.04s/it]
 98%|#########8| 4996/5082 [2:04:27<07:15,  5.07s/it]
 98%|#########8| 4997/5082 [2:04:32<07:08,  5.04s/it]
 98%|#########8| 4998/5082 [2:04:35<06:06,  4.36s/it]
 98%|#########8| 4999/5082 [2:04:40<06:09,  4.46s/it]
 98%|#########8| 5000/5082 [2:04:43<05:51,  4.29s/it]
                                                     
{'loss': 0.0182, 'grad_norm': 0.0023826374672353268, 'learning_rate': 3.4749842997697307e-07, 'epoch': 2.95}

 98%|#########8| 5000/5082 [2:04:43<05:51,  4.29s/it]
 98%|#########8| 5001/5082 [2:04:48<06:06,  4.52s/it]
 98%|#########8| 5002/5082 [2:04:53<05:55,  4.44s/it]
 98%|#########8| 5003/5082 [2:04:57<05:58,  4.54s/it]
 98%|#########8| 5004/5082 [2:05:02<05:47,  4.46s/it]
 98%|#########8| 5005/5082 [2:05:07<06:07,  4.77s/it]
 99%|#########8| 5006/5082 [2:05:11<05:48,  4.59s/it]
 99%|#########8| 5007/5082 [2:05:16<05:46,  4.62s/it]
 99%|#########8| 5008/5082 [2:05:21<05:39,  4.59s/it]
 99%|#########8| 5009/5082 [2:05:25<05:40,  4.67s/it]
 99%|#########8| 5010/5082 [2:05:30<05:22,  4.48s/it]
 99%|#########8| 5011/5082 [2:05:34<05:15,  4.44s/it]
 99%|#########8| 5012/5082 [2:05:38<05:05,  4.37s/it]
 99%|#########8| 5013/5082 [2:05:43<05:05,  4.42s/it]
 99%|#########8| 5014/5082 [2:05:46<04:47,  4.22s/it]
 99%|#########8| 5015/5082 [2:05:51<04:43,  4.23s/it]
 99%|#########8| 5016/5082 [2:05:55<04:43,  4.29s/it]
 99%|#########8| 5017/5082 [2:05:59<04:38,  4.29s/it]
 99%|#########8| 5018/5082 [2:06:05<05:05,  4.77s/it]
 99%|#########8| 5019/5082 [2:06:11<05:15,  5.00s/it]
 99%|#########8| 5020/5082 [2:06:17<05:27,  5.28s/it]
 99%|#########8| 5021/5082 [2:06:22<05:24,  5.31s/it]
 99%|#########8| 5022/5082 [2:06:27<05:19,  5.32s/it]
 99%|#########8| 5023/5082 [2:06:33<05:13,  5.32s/it]
 99%|#########8| 5024/5082 [2:06:38<05:09,  5.33s/it]
 99%|#########8| 5025/5082 [2:06:43<05:01,  5.29s/it]
 99%|#########8| 5026/5082 [2:06:49<05:04,  5.44s/it]
 99%|#########8| 5027/5082 [2:06:54<04:57,  5.42s/it]
 99%|#########8| 5028/5082 [2:07:00<04:52,  5.41s/it]
 99%|#########8| 5029/5082 [2:07:05<04:37,  5.23s/it]
 99%|#########8| 5030/5082 [2:07:09<04:19,  4.99s/it]
 99%|#########8| 5031/5082 [2:07:13<03:57,  4.65s/it]
 99%|#########9| 5032/5082 [2:07:17<03:47,  4.55s/it]
 99%|#########9| 5033/5082 [2:07:22<03:44,  4.57s/it]
 99%|#########9| 5034/5082 [2:07:27<03:41,  4.61s/it]
 99%|#########9| 5035/5082 [2:07:31<03:31,  4.50s/it]
 99%|#########9| 5036/5082 [2:07:36<03:33,  4.65s/it]
 99%|#########9| 5037/5082 [2:07:41<03:32,  4.73s/it]
 99%|#########9| 5038/5082 [2:07:46<03:36,  4.91s/it]
 99%|#########9| 5039/5082 [2:07:52<03:38,  5.09s/it]
 99%|#########9| 5040/5082 [2:07:56<03:31,  5.03s/it]
 99%|#########9| 5041/5082 [2:08:01<03:19,  4.87s/it]
 99%|#########9| 5042/5082 [2:08:06<03:10,  4.77s/it]
 99%|#########9| 5043/5082 [2:08:10<03:02,  4.67s/it]
 99%|#########9| 5044/5082 [2:08:15<03:04,  4.86s/it]
 99%|#########9| 5045/5082 [2:08:20<02:56,  4.77s/it]
 99%|#########9| 5046/5082 [2:08:24<02:49,  4.70s/it]
 99%|#########9| 5047/5082 [2:08:29<02:47,  4.80s/it]
 99%|#########9| 5048/5082 [2:08:34<02:45,  4.86s/it]
 99%|#########9| 5049/5082 [2:08:39<02:42,  4.93s/it]
 99%|#########9| 5050/5082 [2:08:44<02:38,  4.95s/it]
                                                     
{'loss': 0.0076, 'grad_norm': 0.0028638208750635386, 'learning_rate': 1.3816202637638685e-07, 'epoch': 2.98}

 99%|#########9| 5050/5082 [2:08:45<02:38,  4.95s/it]
 99%|#########9| 5051/5082 [2:08:49<02:30,  4.86s/it]
 99%|#########9| 5052/5082 [2:08:54<02:28,  4.95s/it]
 99%|#########9| 5053/5082 [2:08:59<02:20,  4.83s/it]
 99%|#########9| 5054/5082 [2:09:03<02:11,  4.68s/it]
 99%|#########9| 5055/5082 [2:09:07<02:00,  4.48s/it]
 99%|#########9| 5056/5082 [2:09:12<01:59,  4.58s/it]
100%|#########9| 5057/5082 [2:09:16<01:53,  4.52s/it]
100%|#########9| 5058/5082 [2:09:20<01:45,  4.39s/it]
100%|#########9| 5059/5082 [2:09:25<01:42,  4.46s/it]
100%|#########9| 5060/5082 [2:09:28<01:30,  4.12s/it]
100%|#########9| 5061/5082 [2:09:33<01:29,  4.26s/it]
100%|#########9| 5062/5082 [2:09:37<01:26,  4.32s/it]
100%|#########9| 5063/5082 [2:09:43<01:28,  4.64s/it]
100%|#########9| 5064/5082 [2:09:47<01:22,  4.59s/it]
100%|#########9| 5065/5082 [2:09:52<01:19,  4.68s/it]
100%|#########9| 5066/5082 [2:09:57<01:15,  4.69s/it]
100%|#########9| 5067/5082 [2:10:02<01:13,  4.89s/it]
100%|#########9| 5068/5082 [2:10:07<01:08,  4.92s/it]
100%|#########9| 5069/5082 [2:10:13<01:05,  5.02s/it]
100%|#########9| 5070/5082 [2:10:18<01:02,  5.19s/it]
100%|#########9| 5071/5082 [2:10:23<00:57,  5.25s/it]
100%|#########9| 5072/5082 [2:10:29<00:52,  5.30s/it]
100%|#########9| 5073/5082 [2:10:34<00:46,  5.18s/it]
100%|#########9| 5074/5082 [2:10:39<00:41,  5.16s/it]
100%|#########9| 5075/5082 [2:10:44<00:36,  5.27s/it]
100%|#########9| 5076/5082 [2:10:49<00:30,  5.15s/it]
100%|#########9| 5077/5082 [2:10:55<00:26,  5.21s/it]
100%|#########9| 5078/5082 [2:10:59<00:20,  5.08s/it]
100%|#########9| 5079/5082 [2:11:04<00:14,  4.86s/it]
100%|#########9| 5080/5082 [2:11:08<00:09,  4.72s/it]
100%|#########9| 5081/5082 [2:11:13<00:04,  4.66s/it]
100%|##########| 5082/5082 [2:11:15<00:00,  3.85s/it]

  0%|          | 0/1995 [00:00<?, ?it/s][A

  0%|          | 2/1995 [00:00<02:38, 12.55it/s][A

  0%|          | 4/1995 [00:00<04:14,  7.82it/s][A

  0%|          | 5/1995 [00:00<04:08,  7.99it/s][A

  0%|          | 6/1995 [00:00<04:39,  7.11it/s][A

  0%|          | 7/1995 [00:00<04:36,  7.20it/s][A

  0%|          | 8/1995 [00:01<04:15,  7.79it/s][A

  0%|          | 9/1995 [00:01<04:11,  7.89it/s][A

  1%|          | 10/1995 [00:01<03:59,  8.30it/s][A

  1%|          | 11/1995 [00:01<03:54,  8.46it/s][A

  1%|          | 12/1995 [00:01<03:52,  8.51it/s][A

  1%|          | 13/1995 [00:01<04:12,  7.84it/s][A

  1%|          | 14/1995 [00:01<04:33,  7.25it/s][A

  1%|          | 15/1995 [00:02<06:11,  5.34it/s][A

  1%|          | 16/1995 [00:02<06:00,  5.49it/s][A

  1%|          | 17/1995 [00:02<06:23,  5.15it/s][A

  1%|          | 18/1995 [00:02<06:18,  5.22it/s][A

  1%|          | 19/1995 [00:02<05:57,  5.52it/s][A

  1%|1         | 20/1995 [00:02<05:48,  5.66it/s][A

  1%|1         | 21/1995 [00:03<06:34,  5.01it/s][A

  1%|1         | 22/1995 [00:03<05:59,  5.49it/s][A

  1%|1         | 23/1995 [00:03<05:16,  6.22it/s][A

  1%|1         | 24/1995 [00:03<05:39,  5.81it/s][A

  1%|1         | 25/1995 [00:04<07:09,  4.59it/s][A

  1%|1         | 26/1995 [00:04<06:16,  5.23it/s][A

  1%|1         | 27/1995 [00:04<06:31,  5.03it/s][A

  1%|1         | 28/1995 [00:04<06:07,  5.35it/s][A

  1%|1         | 29/1995 [00:04<05:52,  5.58it/s][A

  2%|1         | 30/1995 [00:04<06:32,  5.01it/s][A

  2%|1         | 31/1995 [00:05<07:05,  4.62it/s][A

  2%|1         | 32/1995 [00:05<07:44,  4.23it/s][A

  2%|1         | 33/1995 [00:05<07:22,  4.44it/s][A

  2%|1         | 34/1995 [00:05<07:55,  4.12it/s][A

  2%|1         | 35/1995 [00:06<07:37,  4.29it/s][A

  2%|1         | 36/1995 [00:06<06:41,  4.88it/s][A

  2%|1         | 37/1995 [00:06<06:08,  5.31it/s][A

  2%|1         | 38/1995 [00:06<05:52,  5.55it/s][A

  2%|1         | 39/1995 [00:06<06:41,  4.87it/s][A

  2%|2         | 40/1995 [00:07<07:53,  4.13it/s][A

  2%|2         | 41/1995 [00:07<07:04,  4.61it/s][A

  2%|2         | 42/1995 [00:07<07:08,  4.55it/s][A

  2%|2         | 43/1995 [00:07<07:18,  4.45it/s][A

  2%|2         | 44/1995 [00:08<08:15,  3.94it/s][A

  2%|2         | 45/1995 [00:08<07:40,  4.24it/s][A

  2%|2         | 46/1995 [00:08<07:20,  4.43it/s][A

  2%|2         | 47/1995 [00:08<06:35,  4.93it/s][A

  2%|2         | 48/1995 [00:08<06:55,  4.68it/s][A

  2%|2         | 49/1995 [00:09<07:24,  4.38it/s][A

  3%|2         | 50/1995 [00:09<06:55,  4.68it/s][A

  3%|2         | 51/1995 [00:09<05:58,  5.42it/s][A

  3%|2         | 52/1995 [00:09<05:29,  5.89it/s][A

  3%|2         | 53/1995 [00:09<06:45,  4.79it/s][A

  3%|2         | 54/1995 [00:10<07:08,  4.53it/s][A

  3%|2         | 55/1995 [00:10<06:15,  5.17it/s][A

  3%|2         | 56/1995 [00:10<05:44,  5.62it/s][A

  3%|2         | 57/1995 [00:10<05:18,  6.08it/s][A

  3%|2         | 58/1995 [00:10<05:15,  6.13it/s][A

  3%|2         | 59/1995 [00:10<06:04,  5.31it/s][A

  3%|3         | 60/1995 [00:11<06:25,  5.02it/s][A

  3%|3         | 61/1995 [00:11<06:42,  4.81it/s][A

  3%|3         | 62/1995 [00:11<07:06,  4.53it/s][A

  3%|3         | 63/1995 [00:11<07:43,  4.17it/s][A

  3%|3         | 64/1995 [00:12<06:52,  4.68it/s][A

  3%|3         | 65/1995 [00:12<06:24,  5.03it/s][A

  3%|3         | 66/1995 [00:12<05:36,  5.73it/s][A

  3%|3         | 67/1995 [00:12<05:17,  6.07it/s][A

  3%|3         | 68/1995 [00:12<05:26,  5.91it/s][A

  3%|3         | 69/1995 [00:12<05:26,  5.90it/s][A

  4%|3         | 70/1995 [00:13<06:29,  4.94it/s][A

  4%|3         | 71/1995 [00:13<07:05,  4.53it/s][A

  4%|3         | 72/1995 [00:13<06:42,  4.78it/s][A

  4%|3         | 73/1995 [00:13<06:37,  4.84it/s][A

  4%|3         | 74/1995 [00:13<06:03,  5.29it/s][A

  4%|3         | 75/1995 [00:14<06:20,  5.04it/s][A

  4%|3         | 76/1995 [00:14<06:11,  5.16it/s][A

  4%|3         | 77/1995 [00:14<05:41,  5.62it/s][A

  4%|3         | 78/1995 [00:14<05:29,  5.82it/s][A

  4%|3         | 79/1995 [00:14<06:08,  5.20it/s][A

  4%|4         | 80/1995 [00:15<06:13,  5.13it/s][A

  4%|4         | 81/1995 [00:15<06:56,  4.60it/s][A

  4%|4         | 82/1995 [00:15<07:17,  4.37it/s][A

  4%|4         | 83/1995 [00:15<07:03,  4.52it/s][A

  4%|4         | 84/1995 [00:16<07:27,  4.27it/s][A

  4%|4         | 85/1995 [00:16<06:39,  4.79it/s][A

  4%|4         | 86/1995 [00:16<07:29,  4.25it/s][A

  4%|4         | 87/1995 [00:16<07:16,  4.38it/s][A

  4%|4         | 88/1995 [00:16<07:04,  4.49it/s][A

  4%|4         | 89/1995 [00:17<06:24,  4.96it/s][A

  5%|4         | 90/1995 [00:17<06:22,  4.99it/s][A

  5%|4         | 91/1995 [00:17<06:24,  4.96it/s][A

  5%|4         | 92/1995 [00:17<05:58,  5.31it/s][A

  5%|4         | 93/1995 [00:17<06:27,  4.91it/s][A

  5%|4         | 94/1995 [00:18<05:51,  5.40it/s][A

  5%|4         | 95/1995 [00:18<06:40,  4.75it/s][A

  5%|4         | 96/1995 [00:18<07:25,  4.27it/s][A

  5%|4         | 97/1995 [00:18<08:30,  3.72it/s][A

  5%|4         | 98/1995 [00:19<08:40,  3.64it/s][A

  5%|4         | 99/1995 [00:19<08:34,  3.68it/s][A

  5%|5         | 100/1995 [00:19<09:09,  3.45it/s][A

  5%|5         | 101/1995 [00:19<07:35,  4.15it/s][A

  5%|5         | 102/1995 [00:20<07:58,  3.96it/s][A

  5%|5         | 103/1995 [00:20<07:53,  4.00it/s][A

  5%|5         | 104/1995 [00:20<07:47,  4.05it/s][A

  5%|5         | 105/1995 [00:20<07:30,  4.19it/s][A

  5%|5         | 106/1995 [00:21<08:09,  3.86it/s][A

  5%|5         | 107/1995 [00:21<07:52,  3.99it/s][A

  5%|5         | 108/1995 [00:21<07:13,  4.36it/s][A

  5%|5         | 109/1995 [00:21<07:16,  4.32it/s][A

  6%|5         | 110/1995 [00:22<06:51,  4.58it/s][A

  6%|5         | 111/1995 [00:22<07:11,  4.37it/s][A

  6%|5         | 112/1995 [00:22<07:06,  4.41it/s][A

  6%|5         | 113/1995 [00:22<07:02,  4.45it/s][A

  6%|5         | 114/1995 [00:23<07:51,  3.99it/s][A

  6%|5         | 115/1995 [00:23<07:36,  4.12it/s][A

  6%|5         | 116/1995 [00:23<06:44,  4.64it/s][A

  6%|5         | 117/1995 [00:23<06:11,  5.06it/s][A

  6%|5         | 118/1995 [00:23<05:31,  5.67it/s][A

  6%|5         | 119/1995 [00:24<06:32,  4.78it/s][A

  6%|6         | 120/1995 [00:24<06:55,  4.51it/s][A

  6%|6         | 121/1995 [00:24<07:27,  4.19it/s][A

  6%|6         | 122/1995 [00:24<07:10,  4.35it/s][A

  6%|6         | 123/1995 [00:25<07:32,  4.14it/s][A

  6%|6         | 124/1995 [00:25<07:07,  4.38it/s][A

  6%|6         | 125/1995 [00:25<06:56,  4.49it/s][A

  6%|6         | 126/1995 [00:25<06:39,  4.68it/s][A

  6%|6         | 127/1995 [00:25<07:04,  4.40it/s][A

  6%|6         | 128/1995 [00:26<06:24,  4.86it/s][A

  6%|6         | 129/1995 [00:26<06:32,  4.75it/s][A

  7%|6         | 130/1995 [00:26<06:47,  4.58it/s][A

  7%|6         | 131/1995 [00:26<07:11,  4.32it/s][A

  7%|6         | 132/1995 [00:27<07:20,  4.23it/s][A

  7%|6         | 133/1995 [00:27<07:28,  4.15it/s][A

  7%|6         | 134/1995 [00:27<07:44,  4.01it/s][A

  7%|6         | 135/1995 [00:27<08:14,  3.76it/s][A

  7%|6         | 136/1995 [00:28<07:41,  4.03it/s][A

  7%|6         | 137/1995 [00:28<08:18,  3.72it/s][A

  7%|6         | 138/1995 [00:28<07:24,  4.18it/s][A

  7%|6         | 139/1995 [00:28<07:28,  4.14it/s][A

  7%|7         | 140/1995 [00:29<07:44,  3.99it/s][A

  7%|7         | 141/1995 [00:29<08:14,  3.75it/s][A

  7%|7         | 142/1995 [00:29<07:41,  4.02it/s][A

  7%|7         | 143/1995 [00:29<07:34,  4.08it/s][A

  7%|7         | 144/1995 [00:30<07:07,  4.33it/s][A

  7%|7         | 145/1995 [00:30<06:08,  5.01it/s][A

  7%|7         | 146/1995 [00:30<05:43,  5.39it/s][A

  7%|7         | 147/1995 [00:30<05:21,  5.74it/s][A

  7%|7         | 148/1995 [00:30<05:47,  5.32it/s][A

  7%|7         | 149/1995 [00:30<06:21,  4.84it/s][A

  8%|7         | 150/1995 [00:31<06:37,  4.64it/s][A

  8%|7         | 151/1995 [00:31<06:29,  4.74it/s][A

  8%|7         | 152/1995 [00:31<06:07,  5.01it/s][A

  8%|7         | 153/1995 [00:31<06:52,  4.46it/s][A

  8%|7         | 154/1995 [00:32<07:23,  4.15it/s][A

  8%|7         | 155/1995 [00:32<07:03,  4.35it/s][A

  8%|7         | 156/1995 [00:32<07:53,  3.89it/s][A

  8%|7         | 157/1995 [00:32<07:22,  4.16it/s][A

  8%|7         | 158/1995 [00:33<07:02,  4.35it/s][A

  8%|7         | 159/1995 [00:33<07:17,  4.20it/s][A

  8%|8         | 160/1995 [00:33<06:54,  4.43it/s][A

  8%|8         | 161/1995 [00:33<06:33,  4.66it/s][A

  8%|8         | 162/1995 [00:33<05:55,  5.15it/s][A

  8%|8         | 163/1995 [00:34<06:26,  4.74it/s][A

  8%|8         | 164/1995 [00:34<05:59,  5.09it/s][A

  8%|8         | 165/1995 [00:34<05:51,  5.20it/s][A

  8%|8         | 166/1995 [00:34<06:07,  4.98it/s][A

  8%|8         | 167/1995 [00:34<06:49,  4.47it/s][A

  8%|8         | 168/1995 [00:35<06:38,  4.59it/s][A

  8%|8         | 169/1995 [00:35<07:19,  4.15it/s][A

  9%|8         | 170/1995 [00:35<06:34,  4.62it/s][A

  9%|8         | 171/1995 [00:35<05:41,  5.34it/s][A

  9%|8         | 172/1995 [00:35<06:10,  4.92it/s][A

  9%|8         | 173/1995 [00:36<06:12,  4.89it/s][A

  9%|8         | 174/1995 [00:36<06:26,  4.71it/s][A

  9%|8         | 175/1995 [00:36<06:33,  4.63it/s][A

  9%|8         | 176/1995 [00:36<05:37,  5.38it/s][A

  9%|8         | 177/1995 [00:36<04:58,  6.09it/s][A

  9%|8         | 178/1995 [00:37<05:46,  5.24it/s][A

  9%|8         | 179/1995 [00:37<06:07,  4.94it/s][A

  9%|9         | 180/1995 [00:37<06:06,  4.95it/s][A

  9%|9         | 181/1995 [00:37<05:20,  5.66it/s][A

  9%|9         | 182/1995 [00:37<05:04,  5.96it/s][A

  9%|9         | 183/1995 [00:37<04:44,  6.38it/s][A

  9%|9         | 184/1995 [00:38<05:13,  5.78it/s][A

  9%|9         | 185/1995 [00:38<06:53,  4.38it/s][A

  9%|9         | 186/1995 [00:38<07:17,  4.14it/s][A

  9%|9         | 187/1995 [00:38<06:35,  4.57it/s][A

  9%|9         | 188/1995 [00:39<06:02,  4.98it/s][A

  9%|9         | 189/1995 [00:39<06:54,  4.35it/s][A

 10%|9         | 190/1995 [00:39<07:00,  4.30it/s][A

 10%|9         | 191/1995 [00:39<05:59,  5.02it/s][A

 10%|9         | 192/1995 [00:39<05:49,  5.17it/s][A

 10%|9         | 193/1995 [00:40<05:12,  5.77it/s][A

 10%|9         | 194/1995 [00:40<05:40,  5.28it/s][A

 10%|9         | 195/1995 [00:40<06:25,  4.67it/s][A

 10%|9         | 196/1995 [00:40<06:22,  4.71it/s][A

 10%|9         | 197/1995 [00:40<06:15,  4.79it/s][A

 10%|9         | 198/1995 [00:41<06:35,  4.54it/s][A

 10%|9         | 199/1995 [00:41<07:06,  4.21it/s][A

 10%|#         | 200/1995 [00:41<07:11,  4.16it/s][A

 10%|#         | 201/1995 [00:41<07:26,  4.02it/s][A

 10%|#         | 202/1995 [00:42<06:49,  4.38it/s][A

 10%|#         | 203/1995 [00:42<07:15,  4.11it/s][A

 10%|#         | 204/1995 [00:42<06:32,  4.56it/s][A

 10%|#         | 205/1995 [00:42<05:51,  5.09it/s][A

 10%|#         | 206/1995 [00:42<05:21,  5.56it/s][A

 10%|#         | 207/1995 [00:43<06:27,  4.61it/s][A

 10%|#         | 208/1995 [00:43<06:49,  4.36it/s][A

 10%|#         | 209/1995 [00:43<07:29,  3.97it/s][A

 11%|#         | 210/1995 [00:44<08:05,  3.68it/s][A

 11%|#         | 211/1995 [00:44<07:27,  3.99it/s][A

 11%|#         | 212/1995 [00:44<07:57,  3.74it/s][A

 11%|#         | 213/1995 [00:44<07:23,  4.02it/s][A

 11%|#         | 214/1995 [00:44<06:36,  4.49it/s][A

 11%|#         | 215/1995 [00:45<05:57,  4.98it/s][A

 11%|#         | 216/1995 [00:45<05:15,  5.64it/s][A

 11%|#         | 217/1995 [00:45<05:48,  5.10it/s][A

 11%|#         | 218/1995 [00:45<05:41,  5.20it/s][A

 11%|#         | 219/1995 [00:45<06:23,  4.63it/s][A

 11%|#1        | 220/1995 [00:46<06:27,  4.58it/s][A

 11%|#1        | 221/1995 [00:46<07:01,  4.21it/s][A

 11%|#1        | 222/1995 [00:46<07:54,  3.74it/s][A

 11%|#1        | 223/1995 [00:47<07:53,  3.74it/s][A

 11%|#1        | 224/1995 [00:47<08:10,  3.61it/s][A

 11%|#1        | 225/1995 [00:47<07:30,  3.93it/s][A

 11%|#1        | 226/1995 [00:47<07:16,  4.05it/s][A

 11%|#1        | 227/1995 [00:47<06:56,  4.25it/s][A

 11%|#1        | 228/1995 [00:48<08:00,  3.68it/s][A

 11%|#1        | 229/1995 [00:48<08:08,  3.62it/s][A

 12%|#1        | 230/1995 [00:48<08:31,  3.45it/s][A

 12%|#1        | 231/1995 [00:49<08:39,  3.40it/s][A

 12%|#1        | 232/1995 [00:49<08:31,  3.45it/s][A

 12%|#1        | 233/1995 [00:49<07:32,  3.90it/s][A

 12%|#1        | 234/1995 [00:49<07:20,  4.00it/s][A

 12%|#1        | 235/1995 [00:50<07:52,  3.72it/s][A

 12%|#1        | 236/1995 [00:50<08:05,  3.63it/s][A

 12%|#1        | 237/1995 [00:50<07:11,  4.08it/s][A

 12%|#1        | 238/1995 [00:50<06:51,  4.27it/s][A

 12%|#1        | 239/1995 [00:51<06:15,  4.68it/s][A

 12%|#2        | 240/1995 [00:51<07:01,  4.16it/s][A

 12%|#2        | 241/1995 [00:51<06:46,  4.31it/s][A

 12%|#2        | 242/1995 [00:51<06:11,  4.72it/s][A

 12%|#2        | 243/1995 [00:51<05:51,  4.99it/s][A

 12%|#2        | 244/1995 [00:52<05:17,  5.52it/s][A

 12%|#2        | 245/1995 [00:52<04:54,  5.95it/s][A

 12%|#2        | 246/1995 [00:52<04:34,  6.37it/s][A

 12%|#2        | 247/1995 [00:52<05:17,  5.50it/s][A

 12%|#2        | 248/1995 [00:52<06:11,  4.70it/s][A

 12%|#2        | 249/1995 [00:53<06:21,  4.57it/s][A

 13%|#2        | 250/1995 [00:53<07:02,  4.13it/s][A

 13%|#2        | 251/1995 [00:53<07:27,  3.89it/s][A

 13%|#2        | 252/1995 [00:53<07:21,  3.95it/s][A

 13%|#2        | 253/1995 [00:54<07:21,  3.95it/s][A

 13%|#2        | 254/1995 [00:54<07:28,  3.88it/s][A

 13%|#2        | 255/1995 [00:54<07:17,  3.97it/s][A

 13%|#2        | 256/1995 [00:54<07:19,  3.96it/s][A

 13%|#2        | 257/1995 [00:55<07:15,  3.99it/s][A

 13%|#2        | 258/1995 [00:55<07:28,  3.88it/s][A

 13%|#2        | 259/1995 [00:55<08:25,  3.44it/s][A

 13%|#3        | 260/1995 [00:56<08:14,  3.51it/s][A

 13%|#3        | 261/1995 [00:56<08:29,  3.40it/s][A

 13%|#3        | 262/1995 [00:56<08:30,  3.39it/s][A

 13%|#3        | 263/1995 [00:57<08:53,  3.25it/s][A

 13%|#3        | 264/1995 [00:57<09:06,  3.17it/s][A

 13%|#3        | 265/1995 [00:57<09:12,  3.13it/s][A

 13%|#3        | 266/1995 [00:58<08:49,  3.26it/s][A

 13%|#3        | 267/1995 [00:58<08:09,  3.53it/s][A

 13%|#3        | 268/1995 [00:58<08:41,  3.31it/s][A

 13%|#3        | 269/1995 [00:58<07:08,  4.02it/s][A

 14%|#3        | 270/1995 [00:58<07:05,  4.06it/s][A

 14%|#3        | 271/1995 [00:59<07:14,  3.97it/s][A

 14%|#3        | 272/1995 [00:59<07:51,  3.65it/s][A

 14%|#3        | 273/1995 [00:59<08:14,  3.48it/s][A

 14%|#3        | 274/1995 [01:00<07:41,  3.73it/s][A

 14%|#3        | 275/1995 [01:00<07:06,  4.03it/s][A

 14%|#3        | 276/1995 [01:00<07:05,  4.04it/s][A

 14%|#3        | 277/1995 [01:00<06:16,  4.57it/s][A

 14%|#3        | 278/1995 [01:00<05:39,  5.05it/s][A

 14%|#3        | 279/1995 [01:01<06:47,  4.22it/s][A

 14%|#4        | 280/1995 [01:01<06:47,  4.21it/s][A

 14%|#4        | 281/1995 [01:01<07:48,  3.66it/s][A

 14%|#4        | 282/1995 [01:01<07:34,  3.77it/s][A

 14%|#4        | 283/1995 [01:02<07:34,  3.77it/s][A

 14%|#4        | 284/1995 [01:02<07:35,  3.75it/s][A

 14%|#4        | 285/1995 [01:02<07:36,  3.74it/s][A

 14%|#4        | 286/1995 [01:03<07:51,  3.62it/s][A

 14%|#4        | 287/1995 [01:03<07:40,  3.71it/s][A

 14%|#4        | 288/1995 [01:03<07:04,  4.02it/s][A

 14%|#4        | 289/1995 [01:03<07:25,  3.83it/s][A

 15%|#4        | 290/1995 [01:03<06:29,  4.38it/s][A

 15%|#4        | 291/1995 [01:04<06:52,  4.13it/s][A

 15%|#4        | 292/1995 [01:04<06:10,  4.60it/s][A

 15%|#4        | 293/1995 [01:04<06:05,  4.66it/s][A

 15%|#4        | 294/1995 [01:04<06:19,  4.48it/s][A

 15%|#4        | 295/1995 [01:05<06:29,  4.37it/s][A

 15%|#4        | 296/1995 [01:05<07:11,  3.94it/s][A

 15%|#4        | 297/1995 [01:05<07:04,  4.00it/s][A

 15%|#4        | 298/1995 [01:05<07:29,  3.77it/s][A

 15%|#4        | 299/1995 [01:06<07:15,  3.89it/s][A

 15%|#5        | 300/1995 [01:06<07:59,  3.54it/s][A

 15%|#5        | 301/1995 [01:06<07:34,  3.73it/s][A

 15%|#5        | 302/1995 [01:07<07:04,  3.99it/s][A

 15%|#5        | 303/1995 [01:07<07:32,  3.74it/s][A

 15%|#5        | 304/1995 [01:07<07:47,  3.62it/s][A

 15%|#5        | 305/1995 [01:07<07:26,  3.79it/s][A

 15%|#5        | 306/1995 [01:08<07:00,  4.02it/s][A

 15%|#5        | 307/1995 [01:08<07:45,  3.62it/s][A

 15%|#5        | 308/1995 [01:08<07:56,  3.54it/s][A

 15%|#5        | 309/1995 [01:08<07:49,  3.59it/s][A

 16%|#5        | 310/1995 [01:09<07:57,  3.53it/s][A

 16%|#5        | 311/1995 [01:09<07:57,  3.53it/s][A

 16%|#5        | 312/1995 [01:09<07:52,  3.56it/s][A

 16%|#5        | 313/1995 [01:10<07:32,  3.72it/s][A

 16%|#5        | 314/1995 [01:10<07:26,  3.76it/s][A

 16%|#5        | 315/1995 [01:10<07:45,  3.61it/s][A

 16%|#5        | 316/1995 [01:10<07:28,  3.74it/s][A

 16%|#5        | 317/1995 [01:11<06:28,  4.32it/s][A

 16%|#5        | 318/1995 [01:11<06:21,  4.39it/s][A

 16%|#5        | 319/1995 [01:11<06:41,  4.18it/s][A

 16%|#6        | 320/1995 [01:11<06:38,  4.20it/s][A

 16%|#6        | 321/1995 [01:11<06:34,  4.24it/s][A

 16%|#6        | 322/1995 [01:12<06:02,  4.62it/s][A

 16%|#6        | 323/1995 [01:12<06:28,  4.31it/s][A

 16%|#6        | 324/1995 [01:12<06:49,  4.08it/s][A

 16%|#6        | 325/1995 [01:12<05:43,  4.86it/s][A

 16%|#6        | 326/1995 [01:13<06:03,  4.59it/s][A

 16%|#6        | 327/1995 [01:13<06:36,  4.21it/s][A

 16%|#6        | 328/1995 [01:13<07:24,  3.75it/s][A

 16%|#6        | 329/1995 [01:13<06:50,  4.06it/s][A

 17%|#6        | 330/1995 [01:14<06:25,  4.32it/s][A

 17%|#6        | 331/1995 [01:14<06:39,  4.16it/s][A

 17%|#6        | 332/1995 [01:14<07:22,  3.75it/s][A

 17%|#6        | 333/1995 [01:14<07:59,  3.47it/s][A

 17%|#6        | 334/1995 [01:15<07:29,  3.69it/s][A

 17%|#6        | 335/1995 [01:15<06:45,  4.10it/s][A

 17%|#6        | 336/1995 [01:15<06:41,  4.13it/s][A

 17%|#6        | 337/1995 [01:15<05:36,  4.93it/s][A

 17%|#6        | 338/1995 [01:16<06:24,  4.31it/s][A

 17%|#6        | 339/1995 [01:16<06:13,  4.43it/s][A

 17%|#7        | 340/1995 [01:16<06:01,  4.57it/s][A

 17%|#7        | 341/1995 [01:16<06:12,  4.44it/s][A

 17%|#7        | 342/1995 [01:16<05:38,  4.88it/s][A

 17%|#7        | 343/1995 [01:16<05:02,  5.47it/s][A

 17%|#7        | 344/1995 [01:17<04:22,  6.29it/s][A

 17%|#7        | 345/1995 [01:17<04:20,  6.32it/s][A

 17%|#7        | 346/1995 [01:17<04:05,  6.71it/s][A

 17%|#7        | 347/1995 [01:17<04:00,  6.85it/s][A

 17%|#7        | 348/1995 [01:17<04:58,  5.52it/s][A

 17%|#7        | 349/1995 [01:18<05:51,  4.69it/s][A

 18%|#7        | 350/1995 [01:18<06:52,  3.99it/s][A

 18%|#7        | 351/1995 [01:18<06:20,  4.32it/s][A

 18%|#7        | 352/1995 [01:18<06:24,  4.27it/s][A

 18%|#7        | 353/1995 [01:19<06:20,  4.32it/s][A

 18%|#7        | 354/1995 [01:19<07:17,  3.75it/s][A

 18%|#7        | 355/1995 [01:19<07:18,  3.74it/s][A

 18%|#7        | 356/1995 [01:20<07:54,  3.46it/s][A

 18%|#7        | 357/1995 [01:20<07:29,  3.64it/s][A

 18%|#7        | 358/1995 [01:20<07:05,  3.85it/s][A

 18%|#7        | 359/1995 [01:20<06:07,  4.45it/s][A

 18%|#8        | 360/1995 [01:20<06:13,  4.37it/s][A

 18%|#8        | 361/1995 [01:21<06:08,  4.43it/s][A

 18%|#8        | 362/1995 [01:21<05:58,  4.55it/s][A

 18%|#8        | 363/1995 [01:21<06:40,  4.07it/s][A

 18%|#8        | 364/1995 [01:21<06:35,  4.13it/s][A

 18%|#8        | 365/1995 [01:21<06:04,  4.47it/s][A

 18%|#8        | 366/1995 [01:22<05:14,  5.18it/s][A

 18%|#8        | 367/1995 [01:22<05:17,  5.13it/s][A

 18%|#8        | 368/1995 [01:22<06:02,  4.49it/s][A

 18%|#8        | 369/1995 [01:22<05:31,  4.90it/s][A

 19%|#8        | 370/1995 [01:23<05:46,  4.68it/s][A

 19%|#8        | 371/1995 [01:23<05:04,  5.33it/s][A

 19%|#8        | 372/1995 [01:23<05:42,  4.74it/s][A

 19%|#8        | 373/1995 [01:23<06:33,  4.12it/s][A

 19%|#8        | 374/1995 [01:23<06:40,  4.05it/s][A

 19%|#8        | 375/1995 [01:24<05:53,  4.58it/s][A

 19%|#8        | 376/1995 [01:24<05:57,  4.53it/s][A

 19%|#8        | 377/1995 [01:24<06:33,  4.11it/s][A

 19%|#8        | 378/1995 [01:24<06:03,  4.44it/s][A

 19%|#8        | 379/1995 [01:25<06:13,  4.33it/s][A

 19%|#9        | 380/1995 [01:25<06:36,  4.08it/s][A

 19%|#9        | 381/1995 [01:25<05:57,  4.52it/s][A

 19%|#9        | 382/1995 [01:25<06:22,  4.22it/s][A

 19%|#9        | 383/1995 [01:26<06:23,  4.20it/s][A

 19%|#9        | 384/1995 [01:26<05:20,  5.03it/s][A

 19%|#9        | 385/1995 [01:26<05:44,  4.68it/s][A

 19%|#9        | 386/1995 [01:26<06:41,  4.01it/s][A

 19%|#9        | 387/1995 [01:27<07:00,  3.82it/s][A

 19%|#9        | 388/1995 [01:27<06:26,  4.16it/s][A

 19%|#9        | 389/1995 [01:27<07:03,  3.79it/s][A

 20%|#9        | 390/1995 [01:27<06:23,  4.19it/s][A

 20%|#9        | 391/1995 [01:27<05:53,  4.54it/s][A

 20%|#9        | 392/1995 [01:27<05:07,  5.21it/s][A

 20%|#9        | 393/1995 [01:28<05:18,  5.04it/s][A

 20%|#9        | 394/1995 [01:28<05:47,  4.60it/s][A

 20%|#9        | 395/1995 [01:28<05:39,  4.72it/s][A

 20%|#9        | 396/1995 [01:29<06:48,  3.91it/s][A

 20%|#9        | 397/1995 [01:29<06:06,  4.36it/s][A

 20%|#9        | 398/1995 [01:29<05:26,  4.89it/s][A

 20%|##        | 399/1995 [01:29<06:39,  3.99it/s][A

 20%|##        | 400/1995 [01:29<06:57,  3.82it/s][A

 20%|##        | 401/1995 [01:30<06:27,  4.11it/s][A

 20%|##        | 402/1995 [01:30<06:04,  4.37it/s][A

 20%|##        | 403/1995 [01:30<05:09,  5.15it/s][A

 20%|##        | 404/1995 [01:30<05:09,  5.14it/s][A

 20%|##        | 405/1995 [01:30<04:48,  5.51it/s][A

 20%|##        | 406/1995 [01:31<05:03,  5.23it/s][A

 20%|##        | 407/1995 [01:31<04:55,  5.37it/s][A

 20%|##        | 408/1995 [01:31<05:27,  4.85it/s][A

 21%|##        | 409/1995 [01:31<05:16,  5.00it/s][A

 21%|##        | 410/1995 [01:31<05:23,  4.90it/s][A

 21%|##        | 411/1995 [01:32<05:19,  4.96it/s][A

 21%|##        | 412/1995 [01:32<04:33,  5.79it/s][A

 21%|##        | 413/1995 [01:32<04:23,  5.99it/s][A

 21%|##        | 414/1995 [01:32<05:10,  5.10it/s][A

 21%|##        | 415/1995 [01:32<04:51,  5.42it/s][A

 21%|##        | 416/1995 [01:32<04:45,  5.53it/s][A

 21%|##        | 417/1995 [01:33<05:01,  5.23it/s][A

 21%|##        | 418/1995 [01:33<05:30,  4.77it/s][A

 21%|##1       | 419/1995 [01:33<06:07,  4.29it/s][A

 21%|##1       | 420/1995 [01:33<05:26,  4.82it/s][A

 21%|##1       | 421/1995 [01:34<05:53,  4.46it/s][A

 21%|##1       | 422/1995 [01:34<06:32,  4.01it/s][A

 21%|##1       | 423/1995 [01:34<06:16,  4.17it/s][A

 21%|##1       | 424/1995 [01:34<05:47,  4.52it/s][A

 21%|##1       | 425/1995 [01:35<05:43,  4.57it/s][A

 21%|##1       | 426/1995 [01:35<05:49,  4.49it/s][A

 21%|##1       | 427/1995 [01:35<05:36,  4.65it/s][A

 21%|##1       | 428/1995 [01:35<05:23,  4.85it/s][A

 22%|##1       | 429/1995 [01:35<05:50,  4.47it/s][A

 22%|##1       | 430/1995 [01:36<06:15,  4.17it/s][A

 22%|##1       | 431/1995 [01:36<06:13,  4.19it/s][A

 22%|##1       | 432/1995 [01:36<06:17,  4.14it/s][A

 22%|##1       | 433/1995 [01:36<06:29,  4.01it/s][A

 22%|##1       | 434/1995 [01:37<06:28,  4.02it/s][A

 22%|##1       | 435/1995 [01:37<06:44,  3.86it/s][A

 22%|##1       | 436/1995 [01:37<07:09,  3.63it/s][A

 22%|##1       | 437/1995 [01:37<06:39,  3.90it/s][A

 22%|##1       | 438/1995 [01:38<07:16,  3.57it/s][A

 22%|##2       | 439/1995 [01:38<07:21,  3.52it/s][A

 22%|##2       | 440/1995 [01:38<06:52,  3.77it/s][A

 22%|##2       | 441/1995 [01:39<07:24,  3.49it/s][A

 22%|##2       | 442/1995 [01:39<06:45,  3.83it/s][A

 22%|##2       | 443/1995 [01:39<06:56,  3.73it/s][A

 22%|##2       | 444/1995 [01:39<06:29,  3.98it/s][A

 22%|##2       | 445/1995 [01:40<06:29,  3.98it/s][A

 22%|##2       | 446/1995 [01:40<06:58,  3.70it/s][A

 22%|##2       | 447/1995 [01:40<06:48,  3.79it/s][A

 22%|##2       | 448/1995 [01:40<06:33,  3.93it/s][A

 23%|##2       | 449/1995 [01:41<06:58,  3.70it/s][A

 23%|##2       | 450/1995 [01:41<07:20,  3.51it/s][A

 23%|##2       | 451/1995 [01:41<06:55,  3.72it/s][A

 23%|##2       | 452/1995 [01:41<05:56,  4.33it/s][A

 23%|##2       | 453/1995 [01:42<05:26,  4.73it/s][A

 23%|##2       | 454/1995 [01:42<04:46,  5.37it/s][A

 23%|##2       | 455/1995 [01:42<05:29,  4.67it/s][A

 23%|##2       | 456/1995 [01:42<05:07,  5.00it/s][A

 23%|##2       | 457/1995 [01:42<05:11,  4.93it/s][A

 23%|##2       | 458/1995 [01:43<05:41,  4.50it/s][A

 23%|##3       | 459/1995 [01:43<05:17,  4.84it/s][A

 23%|##3       | 460/1995 [01:43<05:46,  4.42it/s][A

 23%|##3       | 461/1995 [01:43<06:42,  3.81it/s][A

 23%|##3       | 462/1995 [01:44<07:01,  3.64it/s][A

 23%|##3       | 463/1995 [01:44<06:24,  3.99it/s][A

 23%|##3       | 464/1995 [01:44<05:49,  4.38it/s][A

 23%|##3       | 465/1995 [01:44<05:29,  4.65it/s][A

 23%|##3       | 466/1995 [01:44<05:28,  4.65it/s][A

 23%|##3       | 467/1995 [01:45<05:45,  4.42it/s][A

 23%|##3       | 468/1995 [01:45<05:15,  4.84it/s][A

 24%|##3       | 469/1995 [01:45<05:53,  4.32it/s][A

 24%|##3       | 470/1995 [01:45<05:46,  4.40it/s][A

 24%|##3       | 471/1995 [01:46<06:36,  3.85it/s][A

 24%|##3       | 472/1995 [01:46<05:46,  4.39it/s][A

 24%|##3       | 473/1995 [01:46<04:52,  5.20it/s][A

 24%|##3       | 474/1995 [01:46<04:17,  5.92it/s][A

 24%|##3       | 475/1995 [01:46<04:20,  5.83it/s][A

 24%|##3       | 476/1995 [01:46<04:19,  5.85it/s][A

 24%|##3       | 477/1995 [01:47<05:17,  4.78it/s][A

 24%|##3       | 478/1995 [01:47<05:16,  4.79it/s][A

 24%|##4       | 479/1995 [01:47<04:52,  5.18it/s][A

 24%|##4       | 480/1995 [01:47<04:25,  5.71it/s][A

 24%|##4       | 481/1995 [01:48<05:00,  5.03it/s][A

 24%|##4       | 482/1995 [01:48<04:58,  5.07it/s][A

 24%|##4       | 483/1995 [01:48<05:11,  4.85it/s][A

 24%|##4       | 484/1995 [01:48<05:43,  4.40it/s][A

 24%|##4       | 485/1995 [01:48<05:24,  4.66it/s][A

 24%|##4       | 486/1995 [01:49<05:34,  4.52it/s][A

 24%|##4       | 487/1995 [01:49<05:23,  4.66it/s][A

 24%|##4       | 488/1995 [01:49<05:55,  4.24it/s][A

 25%|##4       | 489/1995 [01:49<05:26,  4.62it/s][A

 25%|##4       | 490/1995 [01:50<05:19,  4.70it/s][A

 25%|##4       | 491/1995 [01:50<04:48,  5.21it/s][A

 25%|##4       | 492/1995 [01:50<04:32,  5.52it/s][A

 25%|##4       | 493/1995 [01:50<04:06,  6.08it/s][A

 25%|##4       | 494/1995 [01:50<05:00,  4.99it/s][A

 25%|##4       | 495/1995 [01:50<04:59,  5.01it/s][A

 25%|##4       | 496/1995 [01:51<06:01,  4.15it/s][A

 25%|##4       | 497/1995 [01:51<05:58,  4.18it/s][A

 25%|##4       | 498/1995 [01:51<05:46,  4.32it/s][A

 25%|##5       | 499/1995 [01:51<06:06,  4.08it/s][A

 25%|##5       | 500/1995 [01:52<05:31,  4.51it/s][A

 25%|##5       | 501/1995 [01:52<05:38,  4.41it/s][A

 25%|##5       | 502/1995 [01:52<06:08,  4.06it/s][A

 25%|##5       | 503/1995 [01:52<06:31,  3.81it/s][A

 25%|##5       | 504/1995 [01:53<06:44,  3.68it/s][A

 25%|##5       | 505/1995 [01:53<05:36,  4.43it/s][A

 25%|##5       | 506/1995 [01:53<04:51,  5.11it/s][A

 25%|##5       | 507/1995 [01:53<04:50,  5.13it/s][A

 25%|##5       | 508/1995 [01:53<05:10,  4.80it/s][A

 26%|##5       | 509/1995 [01:54<05:23,  4.59it/s][A

 26%|##5       | 510/1995 [01:54<05:04,  4.87it/s][A

 26%|##5       | 511/1995 [01:54<05:18,  4.66it/s][A

 26%|##5       | 512/1995 [01:54<05:27,  4.53it/s][A

 26%|##5       | 513/1995 [01:55<05:35,  4.42it/s][A

 26%|##5       | 514/1995 [01:55<05:58,  4.13it/s][A

 26%|##5       | 515/1995 [01:55<05:36,  4.40it/s][A

 26%|##5       | 516/1995 [01:55<05:37,  4.38it/s][A

 26%|##5       | 517/1995 [01:55<04:58,  4.95it/s][A

 26%|##5       | 518/1995 [01:56<05:26,  4.52it/s][A

 26%|##6       | 519/1995 [01:56<05:57,  4.12it/s][A

 26%|##6       | 520/1995 [01:56<06:21,  3.87it/s][A

 26%|##6       | 521/1995 [01:57<06:55,  3.54it/s][A

 26%|##6       | 522/1995 [01:57<06:15,  3.92it/s][A

 26%|##6       | 523/1995 [01:57<05:47,  4.24it/s][A

 26%|##6       | 524/1995 [01:57<05:48,  4.22it/s][A

 26%|##6       | 525/1995 [01:57<05:59,  4.09it/s][A

 26%|##6       | 526/1995 [01:58<06:00,  4.07it/s][A

 26%|##6       | 527/1995 [01:58<06:10,  3.97it/s][A

 26%|##6       | 528/1995 [01:58<05:56,  4.12it/s][A

 27%|##6       | 529/1995 [01:58<05:13,  4.68it/s][A

 27%|##6       | 530/1995 [01:59<04:52,  5.01it/s][A

 27%|##6       | 531/1995 [01:59<05:11,  4.70it/s][A

 27%|##6       | 532/1995 [01:59<04:33,  5.36it/s][A

 27%|##6       | 533/1995 [01:59<05:06,  4.76it/s][A

 27%|##6       | 534/1995 [01:59<04:42,  5.18it/s][A

 27%|##6       | 535/1995 [01:59<04:17,  5.66it/s][A

 27%|##6       | 536/1995 [02:00<04:31,  5.38it/s][A

 27%|##6       | 537/1995 [02:00<04:35,  5.29it/s][A

 27%|##7       | 539/1995 [02:00<03:46,  6.44it/s][A

 27%|##7       | 540/1995 [02:00<04:10,  5.81it/s][A

 27%|##7       | 541/1995 [02:01<04:32,  5.33it/s][A

 27%|##7       | 542/1995 [02:01<04:03,  5.96it/s][A

 27%|##7       | 543/1995 [02:01<03:53,  6.22it/s][A

 27%|##7       | 544/1995 [02:01<03:47,  6.38it/s][A

 27%|##7       | 545/1995 [02:01<04:35,  5.26it/s][A

 27%|##7       | 546/1995 [02:02<05:22,  4.49it/s][A

 27%|##7       | 547/1995 [02:02<04:49,  4.99it/s][A

 27%|##7       | 548/1995 [02:02<04:57,  4.87it/s][A

 28%|##7       | 549/1995 [02:02<05:19,  4.52it/s][A

 28%|##7       | 550/1995 [02:02<05:05,  4.73it/s][A

 28%|##7       | 551/1995 [02:03<05:48,  4.15it/s][A

 28%|##7       | 552/1995 [02:03<05:07,  4.69it/s][A

 28%|##7       | 553/1995 [02:03<04:55,  4.88it/s][A

 28%|##7       | 554/1995 [02:03<04:35,  5.22it/s][A

 28%|##7       | 555/1995 [02:03<04:07,  5.81it/s][A

 28%|##7       | 556/1995 [02:03<04:07,  5.81it/s][A

 28%|##7       | 557/1995 [02:04<04:00,  5.97it/s][A

 28%|##7       | 558/1995 [02:04<03:45,  6.38it/s][A

 28%|##8       | 559/1995 [02:04<03:33,  6.71it/s][A

 28%|##8       | 560/1995 [02:04<03:15,  7.35it/s][A

 28%|##8       | 561/1995 [02:04<03:35,  6.65it/s][A

 28%|##8       | 562/1995 [02:04<04:15,  5.60it/s][A

 28%|##8       | 563/1995 [02:05<04:55,  4.85it/s][A

 28%|##8       | 564/1995 [02:05<04:54,  4.86it/s][A

 28%|##8       | 565/1995 [02:05<04:25,  5.39it/s][A

 28%|##8       | 566/1995 [02:05<04:21,  5.47it/s][A

 28%|##8       | 567/1995 [02:05<04:46,  4.99it/s][A

 28%|##8       | 568/1995 [02:06<05:05,  4.67it/s][A

 29%|##8       | 569/1995 [02:06<05:23,  4.41it/s][A

 29%|##8       | 570/1995 [02:06<05:12,  4.56it/s][A

 29%|##8       | 571/1995 [02:06<05:12,  4.56it/s][A

 29%|##8       | 572/1995 [02:07<04:49,  4.92it/s][A

 29%|##8       | 573/1995 [02:07<04:45,  4.99it/s][A

 29%|##8       | 574/1995 [02:07<04:05,  5.78it/s][A

 29%|##8       | 575/1995 [02:07<03:51,  6.14it/s][A

 29%|##8       | 576/1995 [02:07<03:50,  6.16it/s][A

 29%|##8       | 577/1995 [02:07<04:02,  5.86it/s][A

 29%|##8       | 578/1995 [02:08<04:11,  5.63it/s][A

 29%|##9       | 579/1995 [02:08<04:44,  4.97it/s][A

 29%|##9       | 580/1995 [02:08<04:39,  5.06it/s][A

 29%|##9       | 581/1995 [02:08<05:07,  4.60it/s][A

 29%|##9       | 582/1995 [02:09<05:44,  4.11it/s][A

 29%|##9       | 583/1995 [02:09<05:25,  4.34it/s][A

 29%|##9       | 584/1995 [02:09<05:42,  4.12it/s][A

 29%|##9       | 585/1995 [02:09<05:39,  4.15it/s][A

 29%|##9       | 586/1995 [02:09<05:03,  4.64it/s][A

 29%|##9       | 587/1995 [02:10<05:43,  4.09it/s][A

 29%|##9       | 588/1995 [02:10<05:33,  4.22it/s][A

 30%|##9       | 589/1995 [02:10<04:58,  4.71it/s][A

 30%|##9       | 590/1995 [02:10<04:28,  5.24it/s][A

 30%|##9       | 591/1995 [02:10<04:31,  5.17it/s][A

 30%|##9       | 592/1995 [02:11<04:46,  4.90it/s][A

 30%|##9       | 593/1995 [02:11<05:27,  4.28it/s][A

 30%|##9       | 594/1995 [02:11<05:20,  4.37it/s][A

 30%|##9       | 595/1995 [02:11<04:39,  5.01it/s][A

 30%|##9       | 596/1995 [02:12<05:11,  4.49it/s][A

 30%|##9       | 597/1995 [02:12<05:19,  4.38it/s][A

 30%|##9       | 598/1995 [02:12<05:24,  4.30it/s][A

 30%|###       | 599/1995 [02:12<04:41,  4.95it/s][A

 30%|###       | 600/1995 [02:12<04:18,  5.40it/s][A

 30%|###       | 601/1995 [02:12<04:04,  5.70it/s][A

 30%|###       | 602/1995 [02:13<03:48,  6.09it/s][A

 30%|###       | 603/1995 [02:13<03:57,  5.85it/s][A

 30%|###       | 604/1995 [02:13<04:08,  5.60it/s][A

 30%|###       | 605/1995 [02:13<05:14,  4.42it/s][A

 30%|###       | 606/1995 [02:14<05:44,  4.03it/s][A

 30%|###       | 607/1995 [02:14<06:08,  3.77it/s][A

 30%|###       | 608/1995 [02:14<06:07,  3.78it/s][A

 31%|###       | 609/1995 [02:14<05:34,  4.14it/s][A

 31%|###       | 610/1995 [02:15<05:24,  4.27it/s][A

 31%|###       | 611/1995 [02:15<05:29,  4.20it/s][A

 31%|###       | 612/1995 [02:15<04:50,  4.76it/s][A

 31%|###       | 613/1995 [02:15<05:17,  4.36it/s][A

 31%|###       | 614/1995 [02:15<05:07,  4.49it/s][A

 31%|###       | 615/1995 [02:16<04:28,  5.14it/s][A

 31%|###       | 616/1995 [02:16<04:44,  4.85it/s][A

 31%|###       | 617/1995 [02:16<04:12,  5.46it/s][A

 31%|###       | 618/1995 [02:16<04:33,  5.03it/s][A

 31%|###1      | 619/1995 [02:16<04:53,  4.69it/s][A

 31%|###1      | 620/1995 [02:17<04:45,  4.81it/s][A

 31%|###1      | 621/1995 [02:17<04:24,  5.19it/s][A

 31%|###1      | 622/1995 [02:17<04:18,  5.32it/s][A

 31%|###1      | 623/1995 [02:17<03:48,  6.01it/s][A

 31%|###1      | 624/1995 [02:17<03:32,  6.45it/s][A

 31%|###1      | 625/1995 [02:17<03:54,  5.85it/s][A

 31%|###1      | 626/1995 [02:18<04:53,  4.66it/s][A

 31%|###1      | 627/1995 [02:18<04:43,  4.82it/s][A

 31%|###1      | 628/1995 [02:18<04:23,  5.18it/s][A

 32%|###1      | 629/1995 [02:18<04:20,  5.24it/s][A

 32%|###1      | 630/1995 [02:18<03:49,  5.94it/s][A

 32%|###1      | 631/1995 [02:19<04:22,  5.20it/s][A

 32%|###1      | 632/1995 [02:19<04:46,  4.76it/s][A

 32%|###1      | 633/1995 [02:19<05:22,  4.22it/s][A

 32%|###1      | 634/1995 [02:19<05:26,  4.17it/s][A

 32%|###1      | 635/1995 [02:20<05:43,  3.96it/s][A

 32%|###1      | 636/1995 [02:20<05:34,  4.06it/s][A

 32%|###1      | 637/1995 [02:20<05:54,  3.83it/s][A

 32%|###1      | 638/1995 [02:21<06:12,  3.64it/s][A

 32%|###2      | 639/1995 [02:21<05:20,  4.23it/s][A

 32%|###2      | 640/1995 [02:21<05:19,  4.24it/s][A

 32%|###2      | 641/1995 [02:21<05:36,  4.02it/s][A

 32%|###2      | 642/1995 [02:21<05:39,  3.99it/s][A

 32%|###2      | 643/1995 [02:22<05:56,  3.79it/s][A

 32%|###2      | 644/1995 [02:22<05:42,  3.95it/s][A

 32%|###2      | 645/1995 [02:22<05:24,  4.16it/s][A

 32%|###2      | 646/1995 [02:22<05:33,  4.05it/s][A

 32%|###2      | 647/1995 [02:23<05:06,  4.40it/s][A

 32%|###2      | 648/1995 [02:23<05:22,  4.18it/s][A

 33%|###2      | 649/1995 [02:23<05:06,  4.40it/s][A

 33%|###2      | 650/1995 [02:23<05:33,  4.03it/s][A

 33%|###2      | 651/1995 [02:24<05:47,  3.86it/s][A

 33%|###2      | 652/1995 [02:24<05:57,  3.76it/s][A

 33%|###2      | 653/1995 [02:24<05:52,  3.81it/s][A

 33%|###2      | 654/1995 [02:25<06:15,  3.57it/s][A

 33%|###2      | 655/1995 [02:25<05:32,  4.03it/s][A

 33%|###2      | 656/1995 [02:25<04:48,  4.64it/s][A

 33%|###2      | 657/1995 [02:25<05:23,  4.13it/s][A

 33%|###2      | 658/1995 [02:25<05:37,  3.96it/s][A

 33%|###3      | 659/1995 [02:26<06:01,  3.69it/s][A

 33%|###3      | 660/1995 [02:26<06:03,  3.67it/s][A

 33%|###3      | 661/1995 [02:26<05:53,  3.77it/s][A

 33%|###3      | 662/1995 [02:27<06:11,  3.59it/s][A

 33%|###3      | 663/1995 [02:27<05:23,  4.12it/s][A

 33%|###3      | 664/1995 [02:27<05:08,  4.31it/s][A

 33%|###3      | 665/1995 [02:27<04:41,  4.73it/s][A

 33%|###3      | 666/1995 [02:27<04:24,  5.03it/s][A

 33%|###3      | 667/1995 [02:28<05:00,  4.42it/s][A

 33%|###3      | 668/1995 [02:28<05:25,  4.08it/s][A

 34%|###3      | 669/1995 [02:28<05:01,  4.40it/s][A

 34%|###3      | 670/1995 [02:28<04:26,  4.97it/s][A

 34%|###3      | 671/1995 [02:28<04:00,  5.50it/s][A

 34%|###3      | 672/1995 [02:29<03:55,  5.62it/s][A

 34%|###3      | 673/1995 [02:29<04:56,  4.45it/s][A

 34%|###3      | 674/1995 [02:29<05:26,  4.04it/s][A

 34%|###3      | 675/1995 [02:29<05:08,  4.28it/s][A

 34%|###3      | 676/1995 [02:30<04:49,  4.55it/s][A

 34%|###3      | 677/1995 [02:30<05:23,  4.07it/s][A

 34%|###3      | 678/1995 [02:30<05:17,  4.15it/s][A

 34%|###4      | 679/1995 [02:30<04:58,  4.41it/s][A

 34%|###4      | 680/1995 [02:30<04:56,  4.43it/s][A

 34%|###4      | 681/1995 [02:31<05:04,  4.31it/s][A

 34%|###4      | 682/1995 [02:31<05:34,  3.92it/s][A

 34%|###4      | 683/1995 [02:31<05:33,  3.94it/s][A

 34%|###4      | 684/1995 [02:32<05:22,  4.07it/s][A

 34%|###4      | 685/1995 [02:32<04:55,  4.44it/s][A

 34%|###4      | 686/1995 [02:32<05:04,  4.29it/s][A

 34%|###4      | 687/1995 [02:32<04:38,  4.70it/s][A

 34%|###4      | 688/1995 [02:32<05:14,  4.16it/s][A

 35%|###4      | 689/1995 [02:33<05:17,  4.11it/s][A

 35%|###4      | 690/1995 [02:33<05:14,  4.15it/s][A

 35%|###4      | 691/1995 [02:33<05:32,  3.93it/s][A

 35%|###4      | 692/1995 [02:33<05:39,  3.84it/s][A

 35%|###4      | 693/1995 [02:34<05:31,  3.92it/s][A

 35%|###4      | 694/1995 [02:34<04:42,  4.60it/s][A

 35%|###4      | 695/1995 [02:34<04:51,  4.46it/s][A

 35%|###4      | 696/1995 [02:34<04:45,  4.55it/s][A

 35%|###4      | 697/1995 [02:35<05:15,  4.11it/s][A

 35%|###4      | 698/1995 [02:35<05:17,  4.09it/s][A

 35%|###5      | 699/1995 [02:35<05:08,  4.21it/s][A

 35%|###5      | 700/1995 [02:35<04:27,  4.85it/s][A

 35%|###5      | 701/1995 [02:35<04:01,  5.35it/s][A

 35%|###5      | 702/1995 [02:36<04:21,  4.94it/s][A

 35%|###5      | 703/1995 [02:36<04:31,  4.76it/s][A

 35%|###5      | 704/1995 [02:36<04:05,  5.25it/s][A

 35%|###5      | 705/1995 [02:36<04:44,  4.54it/s][A

 35%|###5      | 706/1995 [02:36<04:26,  4.84it/s][A

 35%|###5      | 707/1995 [02:37<04:24,  4.87it/s][A

 35%|###5      | 708/1995 [02:37<04:49,  4.45it/s][A

 36%|###5      | 709/1995 [02:37<04:29,  4.78it/s][A

 36%|###5      | 710/1995 [02:37<04:39,  4.59it/s][A

 36%|###5      | 711/1995 [02:38<05:08,  4.16it/s][A

 36%|###5      | 712/1995 [02:38<04:21,  4.91it/s][A

 36%|###5      | 713/1995 [02:38<04:43,  4.53it/s][A

 36%|###5      | 714/1995 [02:38<04:32,  4.71it/s][A

 36%|###5      | 715/1995 [02:38<05:17,  4.03it/s][A

 36%|###5      | 716/1995 [02:39<05:05,  4.19it/s][A

 36%|###5      | 717/1995 [02:39<05:25,  3.93it/s][A

 36%|###5      | 718/1995 [02:39<04:48,  4.43it/s][A

 36%|###6      | 719/1995 [02:39<04:58,  4.27it/s][A

 36%|###6      | 720/1995 [02:40<05:02,  4.21it/s][A

 36%|###6      | 721/1995 [02:40<04:58,  4.26it/s][A

 36%|###6      | 722/1995 [02:40<05:22,  3.94it/s][A

 36%|###6      | 723/1995 [02:41<05:59,  3.54it/s][A

 36%|###6      | 724/1995 [02:41<05:23,  3.93it/s][A

 36%|###6      | 725/1995 [02:41<05:03,  4.18it/s][A

 36%|###6      | 726/1995 [02:41<04:35,  4.61it/s][A

 36%|###6      | 727/1995 [02:41<03:51,  5.49it/s][A

 36%|###6      | 728/1995 [02:41<03:38,  5.79it/s][A

 37%|###6      | 729/1995 [02:42<04:17,  4.92it/s][A

 37%|###6      | 730/1995 [02:42<04:07,  5.10it/s][A

 37%|###6      | 731/1995 [02:42<04:26,  4.75it/s][A

 37%|###6      | 732/1995 [02:42<03:49,  5.49it/s][A

 37%|###6      | 733/1995 [02:42<03:23,  6.19it/s][A

 37%|###6      | 734/1995 [02:42<03:48,  5.52it/s][A

 37%|###6      | 735/1995 [02:43<03:49,  5.48it/s][A

 37%|###6      | 736/1995 [02:43<04:05,  5.13it/s][A

 37%|###6      | 737/1995 [02:43<03:45,  5.59it/s][A

 37%|###6      | 738/1995 [02:43<03:41,  5.68it/s][A

 37%|###7      | 739/1995 [02:43<04:11,  4.99it/s][A

 37%|###7      | 740/1995 [02:44<04:23,  4.76it/s][A

 37%|###7      | 741/1995 [02:44<05:05,  4.11it/s][A

 37%|###7      | 742/1995 [02:44<05:20,  3.91it/s][A

 37%|###7      | 743/1995 [02:45<05:07,  4.08it/s][A

 37%|###7      | 744/1995 [02:45<04:17,  4.86it/s][A

 37%|###7      | 745/1995 [02:45<04:05,  5.09it/s][A

 37%|###7      | 746/1995 [02:45<03:38,  5.71it/s][A

 37%|###7      | 747/1995 [02:45<03:26,  6.04it/s][A

 37%|###7      | 748/1995 [02:45<03:53,  5.35it/s][A

 38%|###7      | 749/1995 [02:46<04:31,  4.59it/s][A

 38%|###7      | 750/1995 [02:46<05:18,  3.91it/s][A

 38%|###7      | 751/1995 [02:46<05:35,  3.71it/s][A

 38%|###7      | 752/1995 [02:46<05:22,  3.86it/s][A

 38%|###7      | 753/1995 [02:47<04:58,  4.15it/s][A

 38%|###7      | 754/1995 [02:47<04:59,  4.15it/s][A

 38%|###7      | 755/1995 [02:47<04:26,  4.65it/s][A

 38%|###7      | 756/1995 [02:47<04:31,  4.57it/s][A

 38%|###7      | 757/1995 [02:48<05:01,  4.11it/s][A

 38%|###7      | 758/1995 [02:48<05:40,  3.63it/s][A

 38%|###8      | 759/1995 [02:48<05:41,  3.62it/s][A

 38%|###8      | 760/1995 [02:49<06:04,  3.38it/s][A

 38%|###8      | 761/1995 [02:49<06:08,  3.35it/s][A

 38%|###8      | 762/1995 [02:49<06:13,  3.30it/s][A

 38%|###8      | 763/1995 [02:50<06:18,  3.26it/s][A

 38%|###8      | 764/1995 [02:50<05:39,  3.63it/s][A

 38%|###8      | 765/1995 [02:50<05:47,  3.54it/s][A

 38%|###8      | 766/1995 [02:50<05:35,  3.66it/s][A

 38%|###8      | 767/1995 [02:50<05:16,  3.88it/s][A

 38%|###8      | 768/1995 [02:51<05:11,  3.94it/s][A

 39%|###8      | 769/1995 [02:51<05:36,  3.65it/s][A

 39%|###8      | 770/1995 [02:51<05:33,  3.67it/s][A

 39%|###8      | 771/1995 [02:52<05:09,  3.96it/s][A

 39%|###8      | 772/1995 [02:52<05:26,  3.74it/s][A

 39%|###8      | 773/1995 [02:52<05:34,  3.65it/s][A

 39%|###8      | 774/1995 [02:52<05:35,  3.64it/s][A

 39%|###8      | 775/1995 [02:53<05:43,  3.55it/s][A

 39%|###8      | 776/1995 [02:53<05:25,  3.75it/s][A

 39%|###8      | 777/1995 [02:53<05:18,  3.83it/s][A

 39%|###8      | 778/1995 [02:54<05:41,  3.56it/s][A

 39%|###9      | 779/1995 [02:54<05:54,  3.43it/s][A

 39%|###9      | 780/1995 [02:54<05:56,  3.41it/s][A

 39%|###9      | 781/1995 [02:54<05:01,  4.02it/s][A

 39%|###9      | 782/1995 [02:55<05:37,  3.59it/s][A

 39%|###9      | 783/1995 [02:55<05:49,  3.47it/s][A

 39%|###9      | 784/1995 [02:55<05:42,  3.54it/s][A

 39%|###9      | 785/1995 [02:55<05:40,  3.55it/s][A

 39%|###9      | 786/1995 [02:56<05:51,  3.44it/s][A

 39%|###9      | 787/1995 [02:56<06:05,  3.30it/s][A

 39%|###9      | 788/1995 [02:56<05:33,  3.61it/s][A

 40%|###9      | 789/1995 [02:57<05:46,  3.48it/s][A

 40%|###9      | 790/1995 [02:57<05:21,  3.74it/s][A

 40%|###9      | 791/1995 [02:57<05:19,  3.77it/s][A

 40%|###9      | 792/1995 [02:57<04:48,  4.18it/s][A

 40%|###9      | 793/1995 [02:58<05:02,  3.98it/s][A

 40%|###9      | 794/1995 [02:58<05:13,  3.83it/s][A

 40%|###9      | 795/1995 [02:58<05:26,  3.68it/s][A

 40%|###9      | 796/1995 [02:58<04:37,  4.33it/s][A

 40%|###9      | 797/1995 [02:59<05:01,  3.97it/s][A

 40%|####      | 798/1995 [02:59<04:38,  4.30it/s][A

 40%|####      | 799/1995 [02:59<04:18,  4.63it/s][A

 40%|####      | 800/1995 [02:59<03:48,  5.24it/s][A

 40%|####      | 801/1995 [02:59<03:26,  5.78it/s][A

 40%|####      | 802/1995 [02:59<03:35,  5.53it/s][A

 40%|####      | 803/1995 [03:00<04:12,  4.73it/s][A

 40%|####      | 804/1995 [03:00<04:57,  4.00it/s][A

 40%|####      | 805/1995 [03:00<04:51,  4.08it/s][A

 40%|####      | 806/1995 [03:01<04:43,  4.19it/s][A

 40%|####      | 807/1995 [03:01<05:04,  3.90it/s][A

 41%|####      | 808/1995 [03:01<05:30,  3.60it/s][A

 41%|####      | 809/1995 [03:01<05:16,  3.75it/s][A

 41%|####      | 810/1995 [03:02<04:47,  4.12it/s][A

 41%|####      | 811/1995 [03:02<04:29,  4.40it/s][A

 41%|####      | 812/1995 [03:02<04:58,  3.97it/s][A

 41%|####      | 813/1995 [03:02<05:12,  3.78it/s][A

 41%|####      | 814/1995 [03:03<05:11,  3.79it/s][A

 41%|####      | 815/1995 [03:03<05:18,  3.70it/s][A

 41%|####      | 816/1995 [03:03<05:13,  3.77it/s][A

 41%|####      | 817/1995 [03:03<05:07,  3.84it/s][A

 41%|####1     | 818/1995 [03:04<04:47,  4.09it/s][A

 41%|####1     | 819/1995 [03:04<04:46,  4.11it/s][A

 41%|####1     | 820/1995 [03:04<05:08,  3.80it/s][A

 41%|####1     | 821/1995 [03:04<04:29,  4.35it/s][A

 41%|####1     | 822/1995 [03:05<04:16,  4.58it/s][A

 41%|####1     | 823/1995 [03:05<04:21,  4.48it/s][A

 41%|####1     | 824/1995 [03:05<04:49,  4.05it/s][A

 41%|####1     | 825/1995 [03:05<04:52,  4.01it/s][A

 41%|####1     | 826/1995 [03:06<04:51,  4.01it/s][A

 41%|####1     | 827/1995 [03:06<04:32,  4.29it/s][A

 42%|####1     | 828/1995 [03:06<04:41,  4.15it/s][A

 42%|####1     | 829/1995 [03:06<04:26,  4.37it/s][A

 42%|####1     | 830/1995 [03:06<04:42,  4.12it/s][A

 42%|####1     | 831/1995 [03:07<04:45,  4.08it/s][A

 42%|####1     | 832/1995 [03:07<05:04,  3.82it/s][A

 42%|####1     | 833/1995 [03:07<05:02,  3.84it/s][A

 42%|####1     | 834/1995 [03:08<05:08,  3.76it/s][A

 42%|####1     | 835/1995 [03:08<05:29,  3.52it/s][A

 42%|####1     | 836/1995 [03:08<05:25,  3.57it/s][A

 42%|####1     | 837/1995 [03:08<05:16,  3.66it/s][A

 42%|####2     | 838/1995 [03:09<04:43,  4.08it/s][A

 42%|####2     | 839/1995 [03:09<05:04,  3.80it/s][A

 42%|####2     | 840/1995 [03:09<05:16,  3.65it/s][A

 42%|####2     | 841/1995 [03:09<04:39,  4.14it/s][A

 42%|####2     | 842/1995 [03:10<04:44,  4.05it/s][A

 42%|####2     | 843/1995 [03:10<05:21,  3.59it/s][A

 42%|####2     | 844/1995 [03:10<04:27,  4.30it/s][A

 42%|####2     | 845/1995 [03:10<04:36,  4.15it/s][A

 42%|####2     | 846/1995 [03:11<05:09,  3.71it/s][A

 42%|####2     | 847/1995 [03:11<05:28,  3.49it/s][A

 43%|####2     | 848/1995 [03:11<04:59,  3.83it/s][A

 43%|####2     | 849/1995 [03:11<04:18,  4.43it/s][A

 43%|####2     | 850/1995 [03:12<04:18,  4.43it/s][A

 43%|####2     | 851/1995 [03:12<04:47,  3.98it/s][A

 43%|####2     | 852/1995 [03:12<04:33,  4.17it/s][A

 43%|####2     | 853/1995 [03:12<04:19,  4.41it/s][A

 43%|####2     | 854/1995 [03:13<04:21,  4.37it/s][A

 43%|####2     | 855/1995 [03:13<04:57,  3.83it/s][A

 43%|####2     | 856/1995 [03:13<04:51,  3.91it/s][A

 43%|####2     | 857/1995 [03:13<04:26,  4.26it/s][A

 43%|####3     | 858/1995 [03:13<03:51,  4.92it/s][A

 43%|####3     | 859/1995 [03:14<04:01,  4.70it/s][A

 43%|####3     | 860/1995 [03:14<03:48,  4.96it/s][A

 43%|####3     | 861/1995 [03:14<04:34,  4.12it/s][A

 43%|####3     | 862/1995 [03:14<04:51,  3.88it/s][A

 43%|####3     | 863/1995 [03:15<05:09,  3.66it/s][A

 43%|####3     | 864/1995 [03:15<04:51,  3.88it/s][A

 43%|####3     | 865/1995 [03:15<04:50,  3.89it/s][A

 43%|####3     | 866/1995 [03:15<04:05,  4.59it/s][A

 43%|####3     | 867/1995 [03:16<04:05,  4.60it/s][A

 44%|####3     | 868/1995 [03:16<03:49,  4.91it/s][A

 44%|####3     | 869/1995 [03:16<03:25,  5.49it/s][A

 44%|####3     | 870/1995 [03:16<03:50,  4.88it/s][A

 44%|####3     | 871/1995 [03:16<03:25,  5.48it/s][A

 44%|####3     | 872/1995 [03:17<03:49,  4.90it/s][A

 44%|####3     | 873/1995 [03:17<04:17,  4.36it/s][A

 44%|####3     | 874/1995 [03:17<03:58,  4.70it/s][A

 44%|####3     | 875/1995 [03:17<04:03,  4.60it/s][A

 44%|####3     | 876/1995 [03:17<03:36,  5.17it/s][A

 44%|####3     | 877/1995 [03:18<03:06,  5.98it/s][A

 44%|####4     | 878/1995 [03:18<03:26,  5.40it/s][A

 44%|####4     | 879/1995 [03:18<03:49,  4.86it/s][A

 44%|####4     | 880/1995 [03:18<03:42,  5.02it/s][A

 44%|####4     | 881/1995 [03:18<03:33,  5.21it/s][A

 44%|####4     | 882/1995 [03:19<03:47,  4.88it/s][A

 44%|####4     | 883/1995 [03:19<04:08,  4.48it/s][A

 44%|####4     | 884/1995 [03:19<04:16,  4.33it/s][A

 44%|####4     | 885/1995 [03:19<04:51,  3.81it/s][A

 44%|####4     | 886/1995 [03:20<04:44,  3.90it/s][A

 44%|####4     | 887/1995 [03:20<04:20,  4.25it/s][A

 45%|####4     | 888/1995 [03:20<03:54,  4.72it/s][A

 45%|####4     | 889/1995 [03:20<03:57,  4.66it/s][A

 45%|####4     | 890/1995 [03:21<04:28,  4.12it/s][A

 45%|####4     | 891/1995 [03:21<03:53,  4.73it/s][A

 45%|####4     | 892/1995 [03:21<04:15,  4.31it/s][A

 45%|####4     | 893/1995 [03:21<03:52,  4.75it/s][A

 45%|####4     | 894/1995 [03:21<03:48,  4.83it/s][A

 45%|####4     | 895/1995 [03:21<03:31,  5.20it/s][A

 45%|####4     | 896/1995 [03:22<03:10,  5.78it/s][A

 45%|####4     | 897/1995 [03:22<02:50,  6.45it/s][A

 45%|####5     | 898/1995 [03:22<02:37,  6.95it/s][A

 45%|####5     | 899/1995 [03:22<02:33,  7.12it/s][A

 45%|####5     | 900/1995 [03:22<02:42,  6.73it/s][A

 45%|####5     | 901/1995 [03:22<02:34,  7.07it/s][A

 45%|####5     | 902/1995 [03:22<02:26,  7.46it/s][A

 45%|####5     | 903/1995 [03:23<02:27,  7.41it/s][A

 45%|####5     | 904/1995 [03:23<02:28,  7.33it/s][A

 45%|####5     | 905/1995 [03:23<02:19,  7.82it/s][A

 45%|####5     | 906/1995 [03:23<02:14,  8.07it/s][A

 45%|####5     | 907/1995 [03:23<02:11,  8.26it/s][A

 46%|####5     | 908/1995 [03:23<02:14,  8.07it/s][A

 46%|####5     | 909/1995 [03:23<02:15,  8.00it/s][A

 46%|####5     | 910/1995 [03:23<02:16,  7.97it/s][A

 46%|####5     | 911/1995 [03:24<02:35,  6.99it/s][A

 46%|####5     | 912/1995 [03:24<02:37,  6.89it/s][A

 46%|####5     | 913/1995 [03:24<02:26,  7.38it/s][A

 46%|####5     | 914/1995 [03:24<02:27,  7.31it/s][A

 46%|####5     | 915/1995 [03:24<02:43,  6.62it/s][A

 46%|####5     | 916/1995 [03:24<03:18,  5.44it/s][A

 46%|####5     | 917/1995 [03:25<03:02,  5.92it/s][A

 46%|####6     | 918/1995 [03:25<03:34,  5.02it/s][A

 46%|####6     | 919/1995 [03:25<03:45,  4.78it/s][A

 46%|####6     | 920/1995 [03:25<03:50,  4.66it/s][A

 46%|####6     | 921/1995 [03:25<03:48,  4.70it/s][A

 46%|####6     | 922/1995 [03:26<03:57,  4.51it/s][A

 46%|####6     | 923/1995 [03:26<04:20,  4.12it/s][A

 46%|####6     | 924/1995 [03:26<04:20,  4.12it/s][A

 46%|####6     | 925/1995 [03:26<03:44,  4.77it/s][A

 46%|####6     | 926/1995 [03:27<03:25,  5.20it/s][A

 46%|####6     | 927/1995 [03:27<03:14,  5.48it/s][A

 47%|####6     | 928/1995 [03:27<03:46,  4.71it/s][A

 47%|####6     | 929/1995 [03:27<04:30,  3.94it/s][A

 47%|####6     | 930/1995 [03:28<04:33,  3.89it/s][A

 47%|####6     | 931/1995 [03:28<04:46,  3.71it/s][A

 47%|####6     | 932/1995 [03:28<05:07,  3.45it/s][A

 47%|####6     | 933/1995 [03:29<05:04,  3.49it/s][A

 47%|####6     | 934/1995 [03:29<05:26,  3.25it/s][A

 47%|####6     | 935/1995 [03:29<05:14,  3.37it/s][A

 47%|####6     | 936/1995 [03:29<05:30,  3.21it/s][A

 47%|####6     | 937/1995 [03:30<05:36,  3.14it/s][A

 47%|####7     | 938/1995 [03:30<05:31,  3.19it/s][A

 47%|####7     | 939/1995 [03:30<05:31,  3.19it/s][A

 47%|####7     | 940/1995 [03:31<05:10,  3.40it/s][A

 47%|####7     | 941/1995 [03:31<05:34,  3.15it/s][A

 47%|####7     | 942/1995 [03:31<05:15,  3.34it/s][A

 47%|####7     | 943/1995 [03:32<04:47,  3.65it/s][A

 47%|####7     | 944/1995 [03:32<03:59,  4.38it/s][A

 47%|####7     | 945/1995 [03:32<03:40,  4.76it/s][A

 47%|####7     | 946/1995 [03:32<03:11,  5.46it/s][A

 47%|####7     | 947/1995 [03:32<02:52,  6.08it/s][A

 48%|####7     | 948/1995 [03:32<02:45,  6.32it/s][A

 48%|####7     | 949/1995 [03:32<02:31,  6.93it/s][A

 48%|####7     | 950/1995 [03:32<02:20,  7.45it/s][A

 48%|####7     | 951/1995 [03:33<02:13,  7.85it/s][A

 48%|####7     | 952/1995 [03:33<02:28,  7.04it/s][A

 48%|####7     | 953/1995 [03:33<02:19,  7.45it/s][A

 48%|####7     | 954/1995 [03:33<02:35,  6.69it/s][A

 48%|####7     | 955/1995 [03:33<02:58,  5.83it/s][A

 48%|####7     | 956/1995 [03:33<03:01,  5.74it/s][A

 48%|####7     | 957/1995 [03:34<02:45,  6.28it/s][A

 48%|####8     | 958/1995 [03:34<03:28,  4.98it/s][A

 48%|####8     | 959/1995 [03:34<03:15,  5.30it/s][A

 48%|####8     | 960/1995 [03:34<03:22,  5.10it/s][A

 48%|####8     | 961/1995 [03:34<03:29,  4.93it/s][A

 48%|####8     | 962/1995 [03:35<03:23,  5.08it/s][A

 48%|####8     | 963/1995 [03:35<03:37,  4.73it/s][A

 48%|####8     | 964/1995 [03:35<03:35,  4.77it/s][A

 48%|####8     | 965/1995 [03:35<04:03,  4.23it/s][A

 48%|####8     | 966/1995 [03:36<03:39,  4.69it/s][A

 48%|####8     | 967/1995 [03:36<03:53,  4.40it/s][A

 49%|####8     | 968/1995 [03:36<03:59,  4.29it/s][A

 49%|####8     | 969/1995 [03:36<04:21,  3.92it/s][A

 49%|####8     | 970/1995 [03:37<04:13,  4.04it/s][A

 49%|####8     | 972/1995 [03:37<03:26,  4.94it/s][A

 49%|####8     | 973/1995 [03:37<03:09,  5.38it/s][A

 49%|####8     | 974/1995 [03:37<03:41,  4.60it/s][A

 49%|####8     | 975/1995 [03:38<03:53,  4.36it/s][A

 49%|####8     | 976/1995 [03:38<03:23,  5.01it/s][A

 49%|####8     | 977/1995 [03:38<03:25,  4.95it/s][A

 49%|####9     | 978/1995 [03:38<03:50,  4.40it/s][A

 49%|####9     | 979/1995 [03:39<04:19,  3.92it/s][A

 49%|####9     | 980/1995 [03:39<03:37,  4.68it/s][A

 49%|####9     | 981/1995 [03:39<03:52,  4.37it/s][A

 49%|####9     | 982/1995 [03:39<03:45,  4.49it/s][A

 49%|####9     | 983/1995 [03:39<03:43,  4.52it/s][A

 49%|####9     | 984/1995 [03:40<03:48,  4.42it/s][A

 49%|####9     | 985/1995 [03:40<03:41,  4.57it/s][A

 49%|####9     | 986/1995 [03:40<04:27,  3.77it/s][A

 49%|####9     | 987/1995 [03:40<04:01,  4.17it/s][A

 50%|####9     | 988/1995 [03:41<03:51,  4.35it/s][A

 50%|####9     | 989/1995 [03:41<03:28,  4.82it/s][A

 50%|####9     | 990/1995 [03:41<03:18,  5.08it/s][A

 50%|####9     | 991/1995 [03:41<04:06,  4.08it/s][A

 50%|####9     | 992/1995 [03:41<03:37,  4.61it/s][A

 50%|####9     | 993/1995 [03:42<03:43,  4.47it/s][A

 50%|####9     | 994/1995 [03:42<03:32,  4.70it/s][A

 50%|####9     | 995/1995 [03:42<03:31,  4.72it/s][A

 50%|####9     | 996/1995 [03:42<03:42,  4.48it/s][A

 50%|####9     | 997/1995 [03:42<03:36,  4.60it/s][A

 50%|#####     | 998/1995 [03:43<03:30,  4.74it/s][A

 50%|#####     | 999/1995 [03:43<03:35,  4.62it/s][A

 50%|#####     | 1000/1995 [03:43<03:49,  4.34it/s][A

 50%|#####     | 1001/1995 [03:43<04:13,  3.92it/s][A

 50%|#####     | 1002/1995 [03:44<04:25,  3.75it/s][A

 50%|#####     | 1003/1995 [03:44<04:23,  3.76it/s][A

 50%|#####     | 1004/1995 [03:44<04:20,  3.81it/s][A

 50%|#####     | 1005/1995 [03:45<04:28,  3.69it/s][A

 50%|#####     | 1006/1995 [03:45<04:16,  3.85it/s][A

 50%|#####     | 1007/1995 [03:45<04:24,  3.73it/s][A

 51%|#####     | 1008/1995 [03:45<04:20,  3.79it/s][A

 51%|#####     | 1009/1995 [03:45<03:47,  4.33it/s][A

 51%|#####     | 1010/1995 [03:46<03:54,  4.19it/s][A

 51%|#####     | 1011/1995 [03:46<04:01,  4.07it/s][A

 51%|#####     | 1012/1995 [03:46<03:40,  4.46it/s][A

 51%|#####     | 1013/1995 [03:46<03:25,  4.79it/s][A

 51%|#####     | 1014/1995 [03:47<03:41,  4.43it/s][A

 51%|#####     | 1015/1995 [03:47<03:45,  4.34it/s][A

 51%|#####     | 1016/1995 [03:47<03:57,  4.13it/s][A

 51%|#####     | 1017/1995 [03:47<03:53,  4.19it/s][A

 51%|#####1    | 1018/1995 [03:48<04:13,  3.85it/s][A

 51%|#####1    | 1019/1995 [03:48<03:49,  4.26it/s][A

 51%|#####1    | 1020/1995 [03:48<03:23,  4.80it/s][A

 51%|#####1    | 1021/1995 [03:48<02:59,  5.41it/s][A

 51%|#####1    | 1022/1995 [03:48<02:46,  5.84it/s][A

 51%|#####1    | 1023/1995 [03:48<02:27,  6.58it/s][A

 51%|#####1    | 1024/1995 [03:49<02:49,  5.73it/s][A

 51%|#####1    | 1025/1995 [03:49<02:32,  6.37it/s][A

 51%|#####1    | 1026/1995 [03:49<02:19,  6.96it/s][A

 51%|#####1    | 1027/1995 [03:49<02:44,  5.87it/s][A

 52%|#####1    | 1028/1995 [03:49<02:47,  5.79it/s][A

 52%|#####1    | 1029/1995 [03:49<02:39,  6.07it/s][A

 52%|#####1    | 1030/1995 [03:50<02:59,  5.38it/s][A

 52%|#####1    | 1031/1995 [03:50<02:48,  5.71it/s][A

 52%|#####1    | 1032/1995 [03:50<03:32,  4.53it/s][A

 52%|#####1    | 1033/1995 [03:50<03:37,  4.42it/s][A

 52%|#####1    | 1034/1995 [03:51<03:52,  4.12it/s][A

 52%|#####1    | 1035/1995 [03:51<03:14,  4.93it/s][A

 52%|#####1    | 1036/1995 [03:51<03:22,  4.73it/s][A

 52%|#####1    | 1037/1995 [03:51<03:17,  4.85it/s][A

 52%|#####2    | 1038/1995 [03:51<03:10,  5.02it/s][A

 52%|#####2    | 1039/1995 [03:52<03:07,  5.09it/s][A

 52%|#####2    | 1040/1995 [03:52<02:46,  5.74it/s][A

 52%|#####2    | 1041/1995 [03:52<02:35,  6.15it/s][A

 52%|#####2    | 1042/1995 [03:52<02:26,  6.48it/s][A

 52%|#####2    | 1043/1995 [03:52<03:02,  5.22it/s][A

 52%|#####2    | 1044/1995 [03:52<03:08,  5.05it/s][A

 52%|#####2    | 1045/1995 [03:53<03:10,  4.98it/s][A

 52%|#####2    | 1046/1995 [03:53<03:09,  5.00it/s][A

 52%|#####2    | 1047/1995 [03:53<03:35,  4.39it/s][A

 53%|#####2    | 1048/1995 [03:53<04:01,  3.92it/s][A

 53%|#####2    | 1049/1995 [03:54<03:34,  4.41it/s][A

 53%|#####2    | 1050/1995 [03:54<03:47,  4.16it/s][A

 53%|#####2    | 1051/1995 [03:54<03:23,  4.64it/s][A

 53%|#####2    | 1052/1995 [03:54<03:11,  4.93it/s][A

 53%|#####2    | 1053/1995 [03:54<03:22,  4.65it/s][A

 53%|#####2    | 1054/1995 [03:55<03:37,  4.32it/s][A

 53%|#####2    | 1055/1995 [03:55<03:20,  4.68it/s][A

 53%|#####2    | 1056/1995 [03:55<03:15,  4.79it/s][A

 53%|#####2    | 1057/1995 [03:55<03:16,  4.78it/s][A

 53%|#####3    | 1058/1995 [03:55<02:58,  5.25it/s][A

 53%|#####3    | 1059/1995 [03:56<02:46,  5.61it/s][A

 53%|#####3    | 1060/1995 [03:56<02:30,  6.21it/s][A

 53%|#####3    | 1061/1995 [03:56<02:31,  6.15it/s][A

 53%|#####3    | 1062/1995 [03:56<02:32,  6.11it/s][A

 53%|#####3    | 1063/1995 [03:56<02:57,  5.26it/s][A

 53%|#####3    | 1064/1995 [03:56<02:50,  5.47it/s][A

 53%|#####3    | 1065/1995 [03:57<03:04,  5.04it/s][A

 53%|#####3    | 1066/1995 [03:57<02:54,  5.31it/s][A

 53%|#####3    | 1067/1995 [03:57<02:58,  5.20it/s][A

 54%|#####3    | 1068/1995 [03:57<03:30,  4.40it/s][A

 54%|#####3    | 1069/1995 [03:58<03:37,  4.25it/s][A

 54%|#####3    | 1070/1995 [03:58<03:18,  4.65it/s][A

 54%|#####3    | 1071/1995 [03:58<03:19,  4.62it/s][A

 54%|#####3    | 1072/1995 [03:58<03:16,  4.70it/s][A

 54%|#####3    | 1073/1995 [03:58<03:32,  4.34it/s][A

 54%|#####3    | 1074/1995 [03:59<03:24,  4.51it/s][A

 54%|#####3    | 1075/1995 [03:59<03:10,  4.83it/s][A

 54%|#####3    | 1076/1995 [03:59<02:57,  5.17it/s][A

 54%|#####3    | 1077/1995 [03:59<02:38,  5.78it/s][A

 54%|#####4    | 1078/1995 [03:59<02:52,  5.31it/s][A

 54%|#####4    | 1079/1995 [04:00<02:52,  5.31it/s][A

 54%|#####4    | 1080/1995 [04:00<02:58,  5.13it/s][A

 54%|#####4    | 1081/1995 [04:00<02:36,  5.83it/s][A

 54%|#####4    | 1082/1995 [04:00<03:01,  5.04it/s][A

 54%|#####4    | 1083/1995 [04:00<03:24,  4.46it/s][A

 54%|#####4    | 1084/1995 [04:01<03:39,  4.16it/s][A

 54%|#####4    | 1085/1995 [04:01<03:25,  4.44it/s][A

 54%|#####4    | 1086/1995 [04:01<03:26,  4.41it/s][A

 54%|#####4    | 1087/1995 [04:01<03:01,  5.01it/s][A

 55%|#####4    | 1088/1995 [04:01<02:49,  5.35it/s][A

 55%|#####4    | 1089/1995 [04:02<02:45,  5.49it/s][A

 55%|#####4    | 1090/1995 [04:02<02:23,  6.29it/s][A

 55%|#####4    | 1091/1995 [04:02<02:59,  5.04it/s][A

 55%|#####4    | 1092/1995 [04:02<03:35,  4.19it/s][A

 55%|#####4    | 1093/1995 [04:03<03:51,  3.90it/s][A

 55%|#####4    | 1094/1995 [04:03<03:34,  4.21it/s][A

 55%|#####4    | 1095/1995 [04:03<03:34,  4.20it/s][A

 55%|#####4    | 1096/1995 [04:03<03:10,  4.73it/s][A

 55%|#####4    | 1097/1995 [04:03<03:25,  4.38it/s][A

 55%|#####5    | 1098/1995 [04:04<03:04,  4.87it/s][A

 55%|#####5    | 1099/1995 [04:04<02:54,  5.13it/s][A

 55%|#####5    | 1100/1995 [04:04<02:56,  5.07it/s][A

 55%|#####5    | 1101/1995 [04:04<02:47,  5.35it/s][A

 55%|#####5    | 1102/1995 [04:04<03:12,  4.63it/s][A

 55%|#####5    | 1103/1995 [04:05<03:39,  4.06it/s][A

 55%|#####5    | 1104/1995 [04:05<03:23,  4.39it/s][A

 55%|#####5    | 1105/1995 [04:05<03:07,  4.75it/s][A

 55%|#####5    | 1106/1995 [04:05<02:57,  5.00it/s][A

 55%|#####5    | 1107/1995 [04:05<02:59,  4.95it/s][A

 56%|#####5    | 1108/1995 [04:06<02:39,  5.56it/s][A

 56%|#####5    | 1109/1995 [04:06<02:43,  5.41it/s][A

 56%|#####5    | 1110/1995 [04:06<02:59,  4.92it/s][A

 56%|#####5    | 1111/1995 [04:06<02:41,  5.49it/s][A

 56%|#####5    | 1112/1995 [04:06<02:24,  6.11it/s][A

 56%|#####5    | 1113/1995 [04:06<02:26,  6.01it/s][A

 56%|#####5    | 1114/1995 [04:07<02:16,  6.47it/s][A

 56%|#####5    | 1115/1995 [04:07<02:08,  6.84it/s][A

 56%|#####5    | 1116/1995 [04:07<02:08,  6.83it/s][A

 56%|#####5    | 1117/1995 [04:07<02:17,  6.38it/s][A

 56%|#####6    | 1118/1995 [04:07<02:12,  6.64it/s][A

 56%|#####6    | 1119/1995 [04:07<02:01,  7.19it/s][A

 56%|#####6    | 1120/1995 [04:07<02:00,  7.28it/s][A

 56%|#####6    | 1121/1995 [04:08<02:14,  6.50it/s][A

 56%|#####6    | 1122/1995 [04:08<02:05,  6.96it/s][A

 56%|#####6    | 1123/1995 [04:08<02:40,  5.45it/s][A

 56%|#####6    | 1124/1995 [04:08<02:47,  5.19it/s][A

 56%|#####6    | 1125/1995 [04:09<03:19,  4.37it/s][A

 56%|#####6    | 1126/1995 [04:09<02:53,  5.00it/s][A

 56%|#####6    | 1127/1995 [04:09<03:13,  4.49it/s][A

 57%|#####6    | 1128/1995 [04:09<03:09,  4.57it/s][A

 57%|#####6    | 1129/1995 [04:09<02:48,  5.15it/s][A

 57%|#####6    | 1130/1995 [04:09<02:24,  5.99it/s][A

 57%|#####6    | 1131/1995 [04:10<02:31,  5.70it/s][A

 57%|#####6    | 1132/1995 [04:10<02:35,  5.56it/s][A

 57%|#####6    | 1133/1995 [04:10<02:53,  4.97it/s][A

 57%|#####6    | 1134/1995 [04:10<03:24,  4.22it/s][A

 57%|#####6    | 1135/1995 [04:11<03:37,  3.96it/s][A

 57%|#####6    | 1136/1995 [04:11<03:21,  4.26it/s][A

 57%|#####6    | 1137/1995 [04:11<03:18,  4.32it/s][A

 57%|#####7    | 1138/1995 [04:11<03:27,  4.14it/s][A

 57%|#####7    | 1139/1995 [04:12<03:25,  4.17it/s][A

 57%|#####7    | 1140/1995 [04:12<03:16,  4.35it/s][A

 57%|#####7    | 1141/1995 [04:12<02:58,  4.77it/s][A

 57%|#####7    | 1142/1995 [04:12<02:58,  4.79it/s][A

 57%|#####7    | 1143/1995 [04:12<02:45,  5.14it/s][A

 57%|#####7    | 1144/1995 [04:12<02:34,  5.53it/s][A

 57%|#####7    | 1145/1995 [04:13<02:36,  5.43it/s][A

 57%|#####7    | 1146/1995 [04:13<02:19,  6.08it/s][A

 57%|#####7    | 1147/1995 [04:13<02:25,  5.84it/s][A

 58%|#####7    | 1148/1995 [04:13<02:10,  6.47it/s][A

 58%|#####7    | 1149/1995 [04:13<02:58,  4.74it/s][A

 58%|#####7    | 1150/1995 [04:14<02:40,  5.26it/s][A

 58%|#####7    | 1151/1995 [04:14<02:49,  4.98it/s][A

 58%|#####7    | 1152/1995 [04:14<02:34,  5.46it/s][A

 58%|#####7    | 1153/1995 [04:14<02:26,  5.73it/s][A

 58%|#####7    | 1154/1995 [04:14<02:13,  6.29it/s][A

 58%|#####7    | 1155/1995 [04:14<02:31,  5.55it/s][A

 58%|#####7    | 1156/1995 [04:15<02:53,  4.83it/s][A

 58%|#####7    | 1157/1995 [04:15<03:17,  4.23it/s][A

 58%|#####8    | 1158/1995 [04:15<03:20,  4.17it/s][A

 58%|#####8    | 1159/1995 [04:16<03:20,  4.16it/s][A

 58%|#####8    | 1160/1995 [04:16<03:21,  4.14it/s][A

 58%|#####8    | 1161/1995 [04:16<03:17,  4.22it/s][A

 58%|#####8    | 1162/1995 [04:16<03:26,  4.04it/s][A

 58%|#####8    | 1163/1995 [04:17<03:44,  3.71it/s][A

 58%|#####8    | 1164/1995 [04:17<03:54,  3.55it/s][A

 58%|#####8    | 1165/1995 [04:17<03:57,  3.50it/s][A

 58%|#####8    | 1166/1995 [04:17<03:27,  4.00it/s][A

 58%|#####8    | 1167/1995 [04:18<03:37,  3.81it/s][A

 59%|#####8    | 1168/1995 [04:18<03:16,  4.21it/s][A

 59%|#####8    | 1169/1995 [04:18<02:55,  4.71it/s][A

 59%|#####8    | 1170/1995 [04:18<02:55,  4.70it/s][A

 59%|#####8    | 1171/1995 [04:18<02:32,  5.42it/s][A

 59%|#####8    | 1172/1995 [04:18<02:17,  6.00it/s][A

 59%|#####8    | 1173/1995 [04:19<02:04,  6.59it/s][A

 59%|#####8    | 1174/1995 [04:19<02:09,  6.35it/s][A

 59%|#####8    | 1175/1995 [04:19<02:24,  5.67it/s][A

 59%|#####8    | 1176/1995 [04:19<02:35,  5.27it/s][A

 59%|#####8    | 1177/1995 [04:19<03:02,  4.49it/s][A

 59%|#####9    | 1178/1995 [04:20<03:06,  4.37it/s][A

 59%|#####9    | 1179/1995 [04:20<03:15,  4.17it/s][A

 59%|#####9    | 1180/1995 [04:20<03:29,  3.90it/s][A

 59%|#####9    | 1181/1995 [04:20<02:55,  4.63it/s][A

 59%|#####9    | 1182/1995 [04:21<03:26,  3.93it/s][A

 59%|#####9    | 1183/1995 [04:21<03:14,  4.17it/s][A

 59%|#####9    | 1184/1995 [04:21<02:42,  4.99it/s][A

 59%|#####9    | 1185/1995 [04:21<02:56,  4.60it/s][A

 59%|#####9    | 1186/1995 [04:22<02:56,  4.59it/s][A

 59%|#####9    | 1187/1995 [04:22<02:31,  5.35it/s][A

 60%|#####9    | 1188/1995 [04:22<02:38,  5.08it/s][A

 60%|#####9    | 1189/1995 [04:22<02:46,  4.83it/s][A

 60%|#####9    | 1190/1995 [04:22<02:59,  4.50it/s][A

 60%|#####9    | 1191/1995 [04:23<03:13,  4.16it/s][A

 60%|#####9    | 1192/1995 [04:23<03:27,  3.86it/s][A

 60%|#####9    | 1193/1995 [04:23<03:35,  3.73it/s][A

 60%|#####9    | 1194/1995 [04:23<03:11,  4.17it/s][A

 60%|#####9    | 1195/1995 [04:24<03:25,  3.90it/s][A

 60%|#####9    | 1196/1995 [04:24<03:40,  3.63it/s][A

 60%|######    | 1197/1995 [04:24<03:38,  3.66it/s][A

 60%|######    | 1198/1995 [04:24<03:03,  4.34it/s][A

 60%|######    | 1199/1995 [04:25<02:48,  4.72it/s][A

 60%|######    | 1200/1995 [04:25<02:39,  4.97it/s][A

 60%|######    | 1201/1995 [04:25<02:47,  4.74it/s][A

 60%|######    | 1202/1995 [04:25<03:05,  4.27it/s][A

 60%|######    | 1203/1995 [04:25<02:49,  4.68it/s][A

 60%|######    | 1204/1995 [04:26<02:59,  4.40it/s][A

 60%|######    | 1205/1995 [04:26<02:51,  4.62it/s][A

 60%|######    | 1206/1995 [04:26<02:29,  5.27it/s][A

 61%|######    | 1207/1995 [04:26<02:23,  5.49it/s][A

 61%|######    | 1208/1995 [04:26<02:41,  4.88it/s][A

 61%|######    | 1209/1995 [04:27<02:49,  4.64it/s][A

 61%|######    | 1210/1995 [04:27<02:41,  4.85it/s][A

 61%|######    | 1211/1995 [04:27<02:48,  4.64it/s][A

 61%|######    | 1212/1995 [04:27<02:47,  4.67it/s][A

 61%|######    | 1213/1995 [04:28<03:09,  4.13it/s][A

 61%|######    | 1214/1995 [04:28<03:27,  3.77it/s][A

 61%|######    | 1215/1995 [04:28<03:32,  3.67it/s][A

 61%|######    | 1216/1995 [04:28<03:21,  3.86it/s][A

 61%|######1   | 1217/1995 [04:29<03:27,  3.75it/s][A

 61%|######1   | 1218/1995 [04:29<02:58,  4.36it/s][A

 61%|######1   | 1219/1995 [04:29<02:42,  4.77it/s][A

 61%|######1   | 1220/1995 [04:29<02:31,  5.13it/s][A

 61%|######1   | 1221/1995 [04:29<02:24,  5.34it/s][A

 61%|######1   | 1222/1995 [04:30<02:33,  5.05it/s][A

 61%|######1   | 1223/1995 [04:30<02:37,  4.91it/s][A

 61%|######1   | 1224/1995 [04:30<02:40,  4.80it/s][A

 61%|######1   | 1225/1995 [04:30<03:02,  4.22it/s][A

 61%|######1   | 1226/1995 [04:31<03:20,  3.83it/s][A

 62%|######1   | 1227/1995 [04:31<03:05,  4.15it/s][A

 62%|######1   | 1228/1995 [04:31<03:07,  4.09it/s][A

 62%|######1   | 1229/1995 [04:31<03:01,  4.22it/s][A

 62%|######1   | 1230/1995 [04:31<02:49,  4.50it/s][A

 62%|######1   | 1231/1995 [04:32<02:25,  5.24it/s][A

 62%|######1   | 1232/1995 [04:32<02:27,  5.19it/s][A

 62%|######1   | 1233/1995 [04:32<02:11,  5.78it/s][A

 62%|######1   | 1234/1995 [04:32<02:44,  4.64it/s][A

 62%|######1   | 1235/1995 [04:33<03:02,  4.17it/s][A

 62%|######1   | 1236/1995 [04:33<03:20,  3.78it/s][A

 62%|######2   | 1237/1995 [04:33<02:53,  4.38it/s][A

 62%|######2   | 1238/1995 [04:33<02:56,  4.29it/s][A

 62%|######2   | 1239/1995 [04:34<03:10,  3.97it/s][A

 62%|######2   | 1240/1995 [04:34<03:10,  3.95it/s][A

 62%|######2   | 1241/1995 [04:34<03:08,  4.01it/s][A

 62%|######2   | 1242/1995 [04:34<03:10,  3.96it/s][A

 62%|######2   | 1243/1995 [04:35<03:17,  3.80it/s][A

 62%|######2   | 1244/1995 [04:35<03:24,  3.67it/s][A

 62%|######2   | 1245/1995 [04:35<03:32,  3.52it/s][A

 62%|######2   | 1246/1995 [04:35<03:21,  3.72it/s][A

 63%|######2   | 1247/1995 [04:36<03:24,  3.66it/s][A

 63%|######2   | 1248/1995 [04:36<02:53,  4.32it/s][A

 63%|######2   | 1249/1995 [04:36<02:31,  4.92it/s][A

 63%|######2   | 1250/1995 [04:36<02:36,  4.77it/s][A

 63%|######2   | 1251/1995 [04:36<02:50,  4.36it/s][A

 63%|######2   | 1252/1995 [04:37<02:56,  4.22it/s][A

 63%|######2   | 1253/1995 [04:37<03:05,  4.01it/s][A

 63%|######2   | 1254/1995 [04:37<03:08,  3.94it/s][A

 63%|######2   | 1255/1995 [04:37<02:39,  4.65it/s][A

 63%|######2   | 1256/1995 [04:38<03:06,  3.97it/s][A

 63%|######3   | 1257/1995 [04:38<03:13,  3.82it/s][A

 63%|######3   | 1258/1995 [04:38<03:08,  3.91it/s][A

 63%|######3   | 1259/1995 [04:38<02:47,  4.38it/s][A

 63%|######3   | 1260/1995 [04:39<02:58,  4.11it/s][A

 63%|######3   | 1261/1995 [04:39<03:06,  3.93it/s][A

 63%|######3   | 1262/1995 [04:39<03:01,  4.03it/s][A

 63%|######3   | 1263/1995 [04:39<02:40,  4.57it/s][A

 63%|######3   | 1264/1995 [04:40<02:32,  4.80it/s][A

 63%|######3   | 1265/1995 [04:40<02:27,  4.97it/s][A

 63%|######3   | 1266/1995 [04:40<02:12,  5.52it/s][A

 64%|######3   | 1267/1995 [04:40<01:57,  6.20it/s][A

 64%|######3   | 1268/1995 [04:40<02:02,  5.95it/s][A

 64%|######3   | 1269/1995 [04:40<01:56,  6.26it/s][A

 64%|######3   | 1270/1995 [04:41<02:21,  5.13it/s][A

 64%|######3   | 1271/1995 [04:41<02:41,  4.48it/s][A

 64%|######3   | 1272/1995 [04:41<02:59,  4.03it/s][A

 64%|######3   | 1273/1995 [04:41<02:56,  4.08it/s][A

 64%|######3   | 1274/1995 [04:42<02:57,  4.07it/s][A

 64%|######3   | 1275/1995 [04:42<02:56,  4.08it/s][A

 64%|######3   | 1276/1995 [04:42<02:33,  4.70it/s][A

 64%|######4   | 1277/1995 [04:42<02:37,  4.56it/s][A

 64%|######4   | 1278/1995 [04:42<02:23,  4.99it/s][A

 64%|######4   | 1279/1995 [04:43<02:35,  4.61it/s][A

 64%|######4   | 1280/1995 [04:43<02:46,  4.29it/s][A

 64%|######4   | 1281/1995 [04:43<02:38,  4.49it/s][A

 64%|######4   | 1282/1995 [04:43<02:36,  4.54it/s][A

 64%|######4   | 1283/1995 [04:44<02:38,  4.50it/s][A

 64%|######4   | 1284/1995 [04:44<02:55,  4.06it/s][A

 64%|######4   | 1285/1995 [04:44<02:53,  4.09it/s][A

 64%|######4   | 1286/1995 [04:44<02:59,  3.94it/s][A

 65%|######4   | 1287/1995 [04:45<02:38,  4.46it/s][A

 65%|######4   | 1288/1995 [04:45<02:38,  4.46it/s][A

 65%|######4   | 1289/1995 [04:45<02:23,  4.90it/s][A

 65%|######4   | 1290/1995 [04:45<02:10,  5.40it/s][A

 65%|######4   | 1291/1995 [04:45<02:26,  4.81it/s][A

 65%|######4   | 1292/1995 [04:46<02:38,  4.44it/s][A

 65%|######4   | 1293/1995 [04:46<02:24,  4.85it/s][A

 65%|######4   | 1294/1995 [04:46<02:34,  4.53it/s][A

 65%|######4   | 1295/1995 [04:46<02:30,  4.65it/s][A

 65%|######4   | 1296/1995 [04:46<02:25,  4.80it/s][A

 65%|######5   | 1297/1995 [04:47<02:23,  4.86it/s][A

 65%|######5   | 1298/1995 [04:47<02:08,  5.44it/s][A

 65%|######5   | 1299/1995 [04:47<02:10,  5.32it/s][A

 65%|######5   | 1300/1995 [04:47<02:26,  4.76it/s][A

 65%|######5   | 1301/1995 [04:47<02:25,  4.77it/s][A

 65%|######5   | 1302/1995 [04:48<02:47,  4.13it/s][A

 65%|######5   | 1303/1995 [04:48<02:49,  4.07it/s][A

 65%|######5   | 1304/1995 [04:48<02:50,  4.06it/s][A

 65%|######5   | 1305/1995 [04:48<02:44,  4.20it/s][A

 65%|######5   | 1306/1995 [04:49<02:47,  4.12it/s][A

 66%|######5   | 1307/1995 [04:49<02:23,  4.78it/s][A

 66%|######5   | 1308/1995 [04:49<02:17,  4.98it/s][A

 66%|######5   | 1309/1995 [04:49<02:24,  4.74it/s][A

 66%|######5   | 1310/1995 [04:50<02:34,  4.42it/s][A

 66%|######5   | 1311/1995 [04:50<02:57,  3.86it/s][A

 66%|######5   | 1312/1995 [04:50<02:44,  4.16it/s][A

 66%|######5   | 1313/1995 [04:50<02:44,  4.14it/s][A

 66%|######5   | 1314/1995 [04:51<02:35,  4.39it/s][A

 66%|######5   | 1315/1995 [04:51<02:18,  4.92it/s][A

 66%|######5   | 1316/1995 [04:51<02:37,  4.31it/s][A

 66%|######6   | 1317/1995 [04:51<02:37,  4.31it/s][A

 66%|######6   | 1318/1995 [04:52<03:01,  3.72it/s][A

 66%|######6   | 1319/1995 [04:52<02:42,  4.17it/s][A

 66%|######6   | 1320/1995 [04:52<02:47,  4.04it/s][A

 66%|######6   | 1321/1995 [04:52<02:35,  4.33it/s][A

 66%|######6   | 1322/1995 [04:52<02:47,  4.02it/s][A

 66%|######6   | 1323/1995 [04:53<02:52,  3.88it/s][A

 66%|######6   | 1324/1995 [04:53<02:50,  3.95it/s][A

 66%|######6   | 1325/1995 [04:53<02:43,  4.11it/s][A

 66%|######6   | 1326/1995 [04:54<02:52,  3.87it/s][A

 67%|######6   | 1327/1995 [04:54<03:05,  3.59it/s][A

 67%|######6   | 1328/1995 [04:54<02:59,  3.72it/s][A

 67%|######6   | 1329/1995 [04:54<02:42,  4.11it/s][A

 67%|######6   | 1330/1995 [04:54<02:35,  4.28it/s][A

 67%|######6   | 1331/1995 [04:55<02:36,  4.25it/s][A

 67%|######6   | 1332/1995 [04:55<02:47,  3.96it/s][A

 67%|######6   | 1333/1995 [04:55<02:31,  4.37it/s][A

 67%|######6   | 1334/1995 [04:55<02:38,  4.18it/s][A

 67%|######6   | 1335/1995 [04:56<02:40,  4.10it/s][A

 67%|######6   | 1336/1995 [04:56<02:31,  4.34it/s][A

 67%|######7   | 1337/1995 [04:56<02:43,  4.04it/s][A

 67%|######7   | 1338/1995 [04:56<02:41,  4.07it/s][A

 67%|######7   | 1339/1995 [04:57<02:43,  4.02it/s][A

 67%|######7   | 1340/1995 [04:57<03:04,  3.54it/s][A

 67%|######7   | 1341/1995 [04:57<02:52,  3.80it/s][A

 67%|######7   | 1342/1995 [04:58<02:47,  3.89it/s][A

 67%|######7   | 1343/1995 [04:58<02:50,  3.83it/s][A

 67%|######7   | 1344/1995 [04:58<02:59,  3.63it/s][A

 67%|######7   | 1345/1995 [04:58<02:59,  3.62it/s][A

 67%|######7   | 1346/1995 [04:59<02:39,  4.06it/s][A

 68%|######7   | 1347/1995 [04:59<02:19,  4.63it/s][A

 68%|######7   | 1348/1995 [04:59<01:58,  5.47it/s][A

 68%|######7   | 1349/1995 [04:59<02:14,  4.81it/s][A

 68%|######7   | 1350/1995 [04:59<02:09,  4.99it/s][A

 68%|######7   | 1351/1995 [04:59<01:55,  5.55it/s][A

 68%|######7   | 1352/1995 [05:00<02:06,  5.09it/s][A

 68%|######7   | 1353/1995 [05:00<02:24,  4.43it/s][A

 68%|######7   | 1354/1995 [05:00<02:40,  4.00it/s][A

 68%|######7   | 1355/1995 [05:00<02:24,  4.44it/s][A

 68%|######7   | 1356/1995 [05:01<02:31,  4.22it/s][A

 68%|######8   | 1357/1995 [05:01<02:44,  3.87it/s][A

 68%|######8   | 1358/1995 [05:01<02:43,  3.90it/s][A

 68%|######8   | 1359/1995 [05:01<02:20,  4.53it/s][A

 68%|######8   | 1360/1995 [05:02<02:31,  4.20it/s][A

 68%|######8   | 1361/1995 [05:02<02:33,  4.13it/s][A

 68%|######8   | 1362/1995 [05:02<02:25,  4.36it/s][A

 68%|######8   | 1363/1995 [05:02<02:04,  5.08it/s][A

 68%|######8   | 1364/1995 [05:02<01:57,  5.36it/s][A

 68%|######8   | 1365/1995 [05:03<02:01,  5.18it/s][A

 68%|######8   | 1366/1995 [05:03<01:58,  5.30it/s][A

 69%|######8   | 1367/1995 [05:03<01:55,  5.44it/s][A

 69%|######8   | 1368/1995 [05:03<02:17,  4.56it/s][A

 69%|######8   | 1369/1995 [05:04<02:29,  4.18it/s][A

 69%|######8   | 1370/1995 [05:04<02:35,  4.03it/s][A

 69%|######8   | 1371/1995 [05:04<02:43,  3.83it/s][A

 69%|######8   | 1372/1995 [05:04<02:32,  4.08it/s][A

 69%|######8   | 1373/1995 [05:04<02:06,  4.93it/s][A

 69%|######8   | 1374/1995 [05:05<02:23,  4.32it/s][A

 69%|######8   | 1375/1995 [05:05<02:26,  4.24it/s][A

 69%|######8   | 1376/1995 [05:05<02:44,  3.76it/s][A

 69%|######9   | 1377/1995 [05:05<02:13,  4.63it/s][A

 69%|######9   | 1378/1995 [05:06<02:11,  4.68it/s][A

 69%|######9   | 1379/1995 [05:06<02:27,  4.17it/s][A

 69%|######9   | 1380/1995 [05:06<02:33,  4.01it/s][A

 69%|######9   | 1381/1995 [05:06<02:29,  4.11it/s][A

 69%|######9   | 1382/1995 [05:07<02:25,  4.21it/s][A

 69%|######9   | 1383/1995 [05:07<02:04,  4.90it/s][A

 69%|######9   | 1384/1995 [05:07<02:06,  4.83it/s][A

 69%|######9   | 1385/1995 [05:07<02:12,  4.59it/s][A

 69%|######9   | 1386/1995 [05:07<01:52,  5.41it/s][A

 70%|######9   | 1387/1995 [05:07<01:45,  5.79it/s][A

 70%|######9   | 1388/1995 [05:08<02:09,  4.67it/s][A

 70%|######9   | 1389/1995 [05:08<02:15,  4.46it/s][A

 70%|######9   | 1390/1995 [05:08<02:15,  4.45it/s][A

 70%|######9   | 1391/1995 [05:08<02:00,  5.03it/s][A

 70%|######9   | 1392/1995 [05:09<02:05,  4.82it/s][A

 70%|######9   | 1393/1995 [05:09<02:25,  4.14it/s][A

 70%|######9   | 1394/1995 [05:09<02:22,  4.21it/s][A

 70%|######9   | 1395/1995 [05:09<02:22,  4.20it/s][A

 70%|######9   | 1396/1995 [05:10<02:19,  4.29it/s][A

 70%|#######   | 1397/1995 [05:10<02:15,  4.42it/s][A

 70%|#######   | 1398/1995 [05:10<02:23,  4.17it/s][A

 70%|#######   | 1399/1995 [05:10<02:14,  4.42it/s][A

 70%|#######   | 1400/1995 [05:10<02:07,  4.66it/s][A

 70%|#######   | 1401/1995 [05:11<02:33,  3.86it/s][A

 70%|#######   | 1402/1995 [05:11<02:53,  3.41it/s][A

 70%|#######   | 1403/1995 [05:11<02:25,  4.06it/s][A

 70%|#######   | 1404/1995 [05:11<02:08,  4.60it/s][A

 70%|#######   | 1405/1995 [05:12<01:51,  5.30it/s][A

 70%|#######   | 1406/1995 [05:12<01:43,  5.67it/s][A

 71%|#######   | 1407/1995 [05:12<02:00,  4.90it/s][A

 71%|#######   | 1408/1995 [05:12<02:18,  4.25it/s][A

 71%|#######   | 1409/1995 [05:12<01:56,  5.03it/s][A

 71%|#######   | 1410/1995 [05:13<02:14,  4.35it/s][A

 71%|#######   | 1411/1995 [05:13<02:32,  3.84it/s][A

 71%|#######   | 1412/1995 [05:13<02:28,  3.92it/s][A

 71%|#######   | 1413/1995 [05:14<02:40,  3.63it/s][A

 71%|#######   | 1414/1995 [05:14<02:16,  4.26it/s][A

 71%|#######   | 1415/1995 [05:14<02:14,  4.31it/s][A

 71%|#######   | 1416/1995 [05:14<02:17,  4.20it/s][A

 71%|#######1  | 1417/1995 [05:14<02:10,  4.44it/s][A

 71%|#######1  | 1418/1995 [05:15<02:04,  4.64it/s][A

 71%|#######1  | 1419/1995 [05:15<02:13,  4.32it/s][A

 71%|#######1  | 1420/1995 [05:15<02:20,  4.09it/s][A

 71%|#######1  | 1421/1995 [05:15<02:04,  4.61it/s][A

 71%|#######1  | 1422/1995 [05:16<01:55,  4.97it/s][A

 71%|#######1  | 1423/1995 [05:16<01:54,  4.98it/s][A

 71%|#######1  | 1424/1995 [05:16<01:59,  4.77it/s][A

 71%|#######1  | 1425/1995 [05:16<02:02,  4.66it/s][A

 71%|#######1  | 1426/1995 [05:16<01:57,  4.83it/s][A

 72%|#######1  | 1427/1995 [05:17<01:59,  4.74it/s][A

 72%|#######1  | 1428/1995 [05:17<01:53,  5.01it/s][A

 72%|#######1  | 1429/1995 [05:17<02:10,  4.35it/s][A

 72%|#######1  | 1430/1995 [05:17<02:09,  4.37it/s][A

 72%|#######1  | 1431/1995 [05:17<02:08,  4.38it/s][A

 72%|#######1  | 1432/1995 [05:18<02:14,  4.18it/s][A

 72%|#######1  | 1433/1995 [05:18<02:14,  4.19it/s][A

 72%|#######1  | 1434/1995 [05:18<01:51,  5.04it/s][A

 72%|#######1  | 1435/1995 [05:18<01:43,  5.40it/s][A

 72%|#######1  | 1436/1995 [05:18<01:47,  5.21it/s][A

 72%|#######2  | 1437/1995 [05:19<02:00,  4.63it/s][A

 72%|#######2  | 1438/1995 [05:19<02:16,  4.07it/s][A

 72%|#######2  | 1439/1995 [05:19<02:02,  4.54it/s][A

 72%|#######2  | 1440/1995 [05:19<02:02,  4.53it/s][A

 72%|#######2  | 1441/1995 [05:20<02:12,  4.20it/s][A

 72%|#######2  | 1442/1995 [05:20<02:03,  4.49it/s][A

 72%|#######2  | 1443/1995 [05:20<01:59,  4.61it/s][A

 72%|#######2  | 1444/1995 [05:20<01:57,  4.67it/s][A

 72%|#######2  | 1445/1995 [05:20<01:53,  4.86it/s][A

 72%|#######2  | 1446/1995 [05:21<02:02,  4.47it/s][A

 73%|#######2  | 1447/1995 [05:21<01:52,  4.88it/s][A

 73%|#######2  | 1448/1995 [05:21<01:48,  5.03it/s][A

 73%|#######2  | 1449/1995 [05:21<01:42,  5.31it/s][A

 73%|#######2  | 1450/1995 [05:22<01:54,  4.75it/s][A

 73%|#######2  | 1451/1995 [05:22<02:03,  4.42it/s][A

 73%|#######2  | 1452/1995 [05:22<02:14,  4.04it/s][A

 73%|#######2  | 1453/1995 [05:22<02:12,  4.10it/s][A

 73%|#######2  | 1454/1995 [05:23<02:16,  3.95it/s][A

 73%|#######2  | 1455/1995 [05:23<02:15,  3.98it/s][A

 73%|#######2  | 1456/1995 [05:23<02:16,  3.95it/s][A

 73%|#######3  | 1457/1995 [05:23<02:07,  4.22it/s][A

 73%|#######3  | 1458/1995 [05:24<02:17,  3.91it/s][A

 73%|#######3  | 1459/1995 [05:24<02:06,  4.23it/s][A

 73%|#######3  | 1460/1995 [05:24<02:18,  3.86it/s][A

 73%|#######3  | 1461/1995 [05:24<02:10,  4.09it/s][A

 73%|#######3  | 1462/1995 [05:24<01:57,  4.55it/s][A

 73%|#######3  | 1463/1995 [05:25<02:17,  3.88it/s][A

 73%|#######3  | 1464/1995 [05:25<02:17,  3.85it/s][A

 73%|#######3  | 1465/1995 [05:25<02:16,  3.88it/s][A

 73%|#######3  | 1466/1995 [05:26<02:19,  3.80it/s][A

 74%|#######3  | 1467/1995 [05:26<02:13,  3.96it/s][A

 74%|#######3  | 1468/1995 [05:26<02:12,  3.98it/s][A

 74%|#######3  | 1469/1995 [05:26<01:56,  4.50it/s][A

 74%|#######3  | 1470/1995 [05:26<01:44,  5.02it/s][A

 74%|#######3  | 1471/1995 [05:27<01:52,  4.68it/s][A

 74%|#######3  | 1472/1995 [05:27<01:59,  4.36it/s][A

 74%|#######3  | 1473/1995 [05:27<02:12,  3.93it/s][A

 74%|#######3  | 1474/1995 [05:27<01:52,  4.62it/s][A

 74%|#######3  | 1475/1995 [05:27<01:34,  5.48it/s][A

 74%|#######3  | 1476/1995 [05:28<01:30,  5.73it/s][A

 74%|#######4  | 1477/1995 [05:28<01:39,  5.21it/s][A

 74%|#######4  | 1478/1995 [05:28<01:52,  4.58it/s][A

 74%|#######4  | 1479/1995 [05:28<02:02,  4.20it/s][A

 74%|#######4  | 1480/1995 [05:29<02:03,  4.15it/s][A

 74%|#######4  | 1481/1995 [05:29<01:59,  4.30it/s][A

 74%|#######4  | 1482/1995 [05:29<02:03,  4.16it/s][A

 74%|#######4  | 1483/1995 [05:29<01:57,  4.34it/s][A

 74%|#######4  | 1484/1995 [05:29<01:42,  5.00it/s][A

 74%|#######4  | 1485/1995 [05:30<01:41,  5.04it/s][A

 74%|#######4  | 1486/1995 [05:30<01:47,  4.74it/s][A

 75%|#######4  | 1487/1995 [05:30<01:56,  4.37it/s][A

 75%|#######4  | 1488/1995 [05:30<01:56,  4.36it/s][A

 75%|#######4  | 1489/1995 [05:31<01:49,  4.64it/s][A

 75%|#######4  | 1490/1995 [05:31<01:51,  4.52it/s][A

 75%|#######4  | 1491/1995 [05:31<01:58,  4.24it/s][A

 75%|#######4  | 1492/1995 [05:31<02:06,  3.99it/s][A

 75%|#######4  | 1493/1995 [05:32<02:02,  4.11it/s][A

 75%|#######4  | 1494/1995 [05:32<01:53,  4.40it/s][A

 75%|#######4  | 1495/1995 [05:32<02:02,  4.07it/s][A

 75%|#######4  | 1496/1995 [05:32<01:55,  4.33it/s][A

 75%|#######5  | 1497/1995 [05:32<01:48,  4.60it/s][A

 75%|#######5  | 1498/1995 [05:33<01:54,  4.36it/s][A

 75%|#######5  | 1499/1995 [05:33<02:05,  3.96it/s][A

 75%|#######5  | 1500/1995 [05:33<02:16,  3.63it/s][A

 75%|#######5  | 1501/1995 [05:34<02:05,  3.94it/s][A

 75%|#######5  | 1502/1995 [05:34<01:54,  4.30it/s][A

 75%|#######5  | 1503/1995 [05:34<01:59,  4.13it/s][A

 75%|#######5  | 1504/1995 [05:34<02:04,  3.93it/s][A

 75%|#######5  | 1505/1995 [05:35<02:06,  3.88it/s][A

 75%|#######5  | 1506/1995 [05:35<02:13,  3.66it/s][A

 76%|#######5  | 1507/1995 [05:35<02:14,  3.63it/s][A

 76%|#######5  | 1508/1995 [05:35<02:19,  3.49it/s][A

 76%|#######5  | 1509/1995 [05:36<02:12,  3.68it/s][A

 76%|#######5  | 1510/1995 [05:36<02:14,  3.61it/s][A

 76%|#######5  | 1511/1995 [05:36<02:14,  3.60it/s][A

 76%|#######5  | 1512/1995 [05:36<02:07,  3.79it/s][A

 76%|#######5  | 1513/1995 [05:37<02:11,  3.65it/s][A

 76%|#######5  | 1514/1995 [05:37<02:15,  3.54it/s][A

 76%|#######5  | 1515/1995 [05:37<02:02,  3.92it/s][A

 76%|#######5  | 1516/1995 [05:37<01:48,  4.42it/s][A

 76%|#######6  | 1517/1995 [05:38<01:33,  5.11it/s][A

 76%|#######6  | 1518/1995 [05:38<01:52,  4.25it/s][A

 76%|#######6  | 1519/1995 [05:38<01:51,  4.26it/s][A

 76%|#######6  | 1520/1995 [05:38<01:44,  4.55it/s][A

 76%|#######6  | 1521/1995 [05:39<01:45,  4.49it/s][A

 76%|#######6  | 1522/1995 [05:39<01:42,  4.63it/s][A

 76%|#######6  | 1523/1995 [05:39<01:51,  4.24it/s][A

 76%|#######6  | 1524/1995 [05:39<01:53,  4.13it/s][A

 76%|#######6  | 1525/1995 [05:40<01:53,  4.13it/s][A

 76%|#######6  | 1526/1995 [05:40<01:55,  4.05it/s][A

 77%|#######6  | 1527/1995 [05:40<01:40,  4.64it/s][A

 77%|#######6  | 1528/1995 [05:40<01:38,  4.73it/s][A

 77%|#######6  | 1529/1995 [05:40<01:44,  4.46it/s][A

 77%|#######6  | 1530/1995 [05:41<01:35,  4.86it/s][A

 77%|#######6  | 1531/1995 [05:41<01:41,  4.59it/s][A

 77%|#######6  | 1532/1995 [05:41<01:55,  4.00it/s][A

 77%|#######6  | 1533/1995 [05:41<01:59,  3.88it/s][A

 77%|#######6  | 1534/1995 [05:42<01:56,  3.95it/s][A

 77%|#######6  | 1535/1995 [05:42<01:45,  4.35it/s][A

 77%|#######6  | 1536/1995 [05:42<01:52,  4.07it/s][A

 77%|#######7  | 1537/1995 [05:42<01:34,  4.83it/s][A

 77%|#######7  | 1538/1995 [05:42<01:38,  4.65it/s][A

 77%|#######7  | 1539/1995 [05:43<01:50,  4.12it/s][A

 77%|#######7  | 1540/1995 [05:43<01:53,  4.01it/s][A

 77%|#######7  | 1541/1995 [05:43<01:54,  3.97it/s][A

 77%|#######7  | 1542/1995 [05:43<01:34,  4.77it/s][A

 77%|#######7  | 1543/1995 [05:44<01:35,  4.73it/s][A

 77%|#######7  | 1544/1995 [05:44<01:41,  4.44it/s][A

 77%|#######7  | 1545/1995 [05:44<01:31,  4.93it/s][A

 77%|#######7  | 1546/1995 [05:44<01:41,  4.42it/s][A

 78%|#######7  | 1547/1995 [05:44<01:31,  4.90it/s][A

 78%|#######7  | 1548/1995 [05:45<01:38,  4.53it/s][A

 78%|#######7  | 1549/1995 [05:45<01:40,  4.44it/s][A

 78%|#######7  | 1550/1995 [05:45<01:43,  4.31it/s][A

 78%|#######7  | 1551/1995 [05:45<01:51,  3.98it/s][A

 78%|#######7  | 1552/1995 [05:46<01:42,  4.30it/s][A

 78%|#######7  | 1553/1995 [05:46<01:43,  4.26it/s][A

 78%|#######7  | 1554/1995 [05:46<01:27,  5.03it/s][A

 78%|#######7  | 1555/1995 [05:46<01:36,  4.56it/s][A

 78%|#######7  | 1556/1995 [05:46<01:35,  4.61it/s][A

 78%|#######8  | 1557/1995 [05:47<01:49,  4.02it/s][A

 78%|#######8  | 1558/1995 [05:47<01:50,  3.95it/s][A

 78%|#######8  | 1559/1995 [05:47<01:43,  4.19it/s][A

 78%|#######8  | 1560/1995 [05:47<01:36,  4.52it/s][A

 78%|#######8  | 1561/1995 [05:48<01:40,  4.32it/s][A

 78%|#######8  | 1562/1995 [05:48<01:48,  3.98it/s][A

 78%|#######8  | 1563/1995 [05:48<01:46,  4.05it/s][A

 78%|#######8  | 1564/1995 [05:48<01:39,  4.31it/s][A

 78%|#######8  | 1565/1995 [05:49<01:47,  4.01it/s][A

 78%|#######8  | 1566/1995 [05:49<01:50,  3.89it/s][A

 79%|#######8  | 1567/1995 [05:49<01:32,  4.61it/s][A

 79%|#######8  | 1568/1995 [05:49<01:32,  4.62it/s][A

 79%|#######8  | 1569/1995 [05:49<01:21,  5.20it/s][A

 79%|#######8  | 1570/1995 [05:50<01:20,  5.28it/s][A

 79%|#######8  | 1571/1995 [05:50<01:13,  5.74it/s][A

 79%|#######8  | 1572/1995 [05:50<01:16,  5.51it/s][A

 79%|#######8  | 1573/1995 [05:50<01:23,  5.04it/s][A

 79%|#######8  | 1574/1995 [05:50<01:12,  5.77it/s][A

 79%|#######8  | 1575/1995 [05:51<01:20,  5.20it/s][A

 79%|#######8  | 1576/1995 [05:51<01:22,  5.11it/s][A

 79%|#######9  | 1577/1995 [05:51<01:13,  5.67it/s][A

 79%|#######9  | 1578/1995 [05:51<01:06,  6.29it/s][A

 79%|#######9  | 1579/1995 [05:51<01:08,  6.09it/s][A

 79%|#######9  | 1580/1995 [05:51<01:10,  5.87it/s][A

 79%|#######9  | 1581/1995 [05:52<01:21,  5.11it/s][A

 79%|#######9  | 1582/1995 [05:52<01:13,  5.61it/s][A

 79%|#######9  | 1583/1995 [05:52<01:15,  5.48it/s][A

 79%|#######9  | 1584/1995 [05:52<01:17,  5.30it/s][A

 79%|#######9  | 1585/1995 [05:53<01:31,  4.47it/s][A

 79%|#######9  | 1586/1995 [05:53<01:31,  4.47it/s][A

 80%|#######9  | 1587/1995 [05:53<01:25,  4.77it/s][A

 80%|#######9  | 1588/1995 [05:53<01:16,  5.30it/s][A

 80%|#######9  | 1589/1995 [05:53<01:16,  5.28it/s][A

 80%|#######9  | 1590/1995 [05:54<01:26,  4.70it/s][A

 80%|#######9  | 1591/1995 [05:54<01:38,  4.10it/s][A

 80%|#######9  | 1592/1995 [05:54<01:37,  4.14it/s][A

 80%|#######9  | 1593/1995 [05:54<01:25,  4.72it/s][A

 80%|#######9  | 1594/1995 [05:55<01:34,  4.24it/s][A

 80%|#######9  | 1595/1995 [05:55<01:32,  4.35it/s][A

 80%|########  | 1596/1995 [05:55<01:21,  4.88it/s][A

 80%|########  | 1597/1995 [05:55<01:13,  5.40it/s][A

 80%|########  | 1598/1995 [05:55<01:07,  5.92it/s][A

 80%|########  | 1599/1995 [05:55<01:04,  6.11it/s][A

 80%|########  | 1600/1995 [05:55<01:09,  5.67it/s][A

 80%|########  | 1601/1995 [05:56<01:13,  5.35it/s][A

 80%|########  | 1602/1995 [05:56<01:24,  4.65it/s][A

 80%|########  | 1603/1995 [05:56<01:21,  4.81it/s][A

 80%|########  | 1604/1995 [05:56<01:17,  5.03it/s][A

 80%|########  | 1605/1995 [05:57<01:21,  4.77it/s][A

 81%|########  | 1606/1995 [05:57<01:33,  4.16it/s][A

 81%|########  | 1607/1995 [05:57<01:34,  4.12it/s][A

 81%|########  | 1608/1995 [05:57<01:31,  4.24it/s][A

 81%|########  | 1609/1995 [05:58<01:31,  4.20it/s][A

 81%|########  | 1610/1995 [05:58<01:40,  3.83it/s][A

 81%|########  | 1611/1995 [05:58<01:38,  3.92it/s][A

 81%|########  | 1612/1995 [05:58<01:27,  4.36it/s][A

 81%|########  | 1613/1995 [05:59<01:23,  4.57it/s][A

 81%|########  | 1614/1995 [05:59<01:26,  4.43it/s][A

 81%|########  | 1615/1995 [05:59<01:20,  4.71it/s][A

 81%|########1 | 1616/1995 [05:59<01:12,  5.22it/s][A

 81%|########1 | 1617/1995 [05:59<01:12,  5.21it/s][A

 81%|########1 | 1618/1995 [05:59<01:09,  5.43it/s][A

 81%|########1 | 1619/1995 [06:00<01:17,  4.84it/s][A

 81%|########1 | 1620/1995 [06:00<01:10,  5.29it/s][A

 81%|########1 | 1621/1995 [06:00<01:19,  4.73it/s][A

 81%|########1 | 1622/1995 [06:00<01:15,  4.93it/s][A

 81%|########1 | 1623/1995 [06:00<01:06,  5.59it/s][A

 81%|########1 | 1624/1995 [06:01<01:02,  5.92it/s][A

 81%|########1 | 1625/1995 [06:01<01:09,  5.31it/s][A

 82%|########1 | 1626/1995 [06:01<01:22,  4.49it/s][A

 82%|########1 | 1627/1995 [06:01<01:23,  4.41it/s][A

 82%|########1 | 1628/1995 [06:02<01:24,  4.33it/s][A

 82%|########1 | 1629/1995 [06:02<01:25,  4.27it/s][A

 82%|########1 | 1630/1995 [06:02<01:30,  4.05it/s][A

 82%|########1 | 1631/1995 [06:02<01:25,  4.23it/s][A

 82%|########1 | 1632/1995 [06:03<01:22,  4.42it/s][A

 82%|########1 | 1633/1995 [06:03<01:26,  4.18it/s][A

 82%|########1 | 1634/1995 [06:03<01:36,  3.73it/s][A

 82%|########1 | 1635/1995 [06:03<01:34,  3.81it/s][A

 82%|########2 | 1636/1995 [06:04<01:20,  4.49it/s][A

 82%|########2 | 1637/1995 [06:04<01:23,  4.30it/s][A

 82%|########2 | 1638/1995 [06:04<01:22,  4.31it/s][A

 82%|########2 | 1639/1995 [06:04<01:24,  4.20it/s][A

 82%|########2 | 1640/1995 [06:04<01:25,  4.17it/s][A

 82%|########2 | 1641/1995 [06:05<01:11,  4.98it/s][A

 82%|########2 | 1642/1995 [06:05<01:05,  5.42it/s][A

 82%|########2 | 1643/1995 [06:05<01:14,  4.75it/s][A

 82%|########2 | 1644/1995 [06:05<01:25,  4.09it/s][A

 82%|########2 | 1645/1995 [06:06<01:26,  4.06it/s][A

 83%|########2 | 1646/1995 [06:06<01:20,  4.35it/s][A

 83%|########2 | 1647/1995 [06:06<01:21,  4.24it/s][A

 83%|########2 | 1648/1995 [06:06<01:16,  4.54it/s][A

 83%|########2 | 1649/1995 [06:06<01:14,  4.68it/s][A

 83%|########2 | 1650/1995 [06:07<01:05,  5.27it/s][A

 83%|########2 | 1651/1995 [06:07<01:09,  4.92it/s][A

 83%|########2 | 1652/1995 [06:07<01:07,  5.05it/s][A

 83%|########2 | 1653/1995 [06:07<01:08,  4.96it/s][A

 83%|########2 | 1654/1995 [06:07<01:00,  5.64it/s][A

 83%|########2 | 1655/1995 [06:07<01:01,  5.54it/s][A

 83%|########3 | 1656/1995 [06:08<00:54,  6.27it/s][A

 83%|########3 | 1657/1995 [06:08<01:03,  5.29it/s][A

 83%|########3 | 1658/1995 [06:08<01:05,  5.15it/s][A

 83%|########3 | 1659/1995 [06:08<01:08,  4.87it/s][A

 83%|########3 | 1660/1995 [06:09<01:19,  4.20it/s][A

 83%|########3 | 1661/1995 [06:09<01:20,  4.13it/s][A

 83%|########3 | 1662/1995 [06:09<01:09,  4.81it/s][A

 83%|########3 | 1663/1995 [06:09<01:01,  5.43it/s][A

 83%|########3 | 1664/1995 [06:09<00:58,  5.68it/s][A

 83%|########3 | 1665/1995 [06:09<00:58,  5.67it/s][A

 84%|########3 | 1666/1995 [06:10<01:01,  5.35it/s][A

 84%|########3 | 1667/1995 [06:10<01:04,  5.05it/s][A

 84%|########3 | 1668/1995 [06:10<01:05,  4.98it/s][A

 84%|########3 | 1669/1995 [06:10<01:04,  5.02it/s][A

 84%|########3 | 1670/1995 [06:10<01:05,  4.98it/s][A

 84%|########3 | 1671/1995 [06:11<01:12,  4.48it/s][A

 84%|########3 | 1672/1995 [06:11<01:07,  4.77it/s][A

 84%|########3 | 1673/1995 [06:11<01:06,  4.86it/s][A

 84%|########3 | 1674/1995 [06:11<01:09,  4.60it/s][A

 84%|########3 | 1675/1995 [06:12<01:08,  4.70it/s][A

 84%|########4 | 1676/1995 [06:12<01:02,  5.08it/s][A

 84%|########4 | 1677/1995 [06:12<01:00,  5.22it/s][A

 84%|########4 | 1678/1995 [06:12<01:02,  5.07it/s][A

 84%|########4 | 1679/1995 [06:12<01:03,  4.98it/s][A

 84%|########4 | 1680/1995 [06:12<00:57,  5.44it/s][A

 84%|########4 | 1681/1995 [06:13<01:04,  4.84it/s][A

 84%|########4 | 1682/1995 [06:13<01:10,  4.47it/s][A

 84%|########4 | 1683/1995 [06:13<01:09,  4.51it/s][A

 84%|########4 | 1684/1995 [06:14<01:17,  4.03it/s][A

 84%|########4 | 1685/1995 [06:14<01:13,  4.21it/s][A

 85%|########4 | 1686/1995 [06:14<01:04,  4.78it/s][A

 85%|########4 | 1687/1995 [06:14<00:56,  5.45it/s][A

 85%|########4 | 1688/1995 [06:14<00:55,  5.57it/s][A

 85%|########4 | 1689/1995 [06:14<00:54,  5.66it/s][A

 85%|########4 | 1690/1995 [06:15<00:56,  5.44it/s][A

 85%|########4 | 1691/1995 [06:15<00:53,  5.69it/s][A

 85%|########4 | 1692/1995 [06:15<00:49,  6.11it/s][A

 85%|########4 | 1693/1995 [06:15<00:59,  5.07it/s][A

 85%|########4 | 1694/1995 [06:15<00:52,  5.78it/s][A

 85%|########4 | 1695/1995 [06:15<00:50,  5.91it/s][A

 85%|########5 | 1696/1995 [06:16<00:56,  5.26it/s][A

 85%|########5 | 1697/1995 [06:16<01:04,  4.60it/s][A

 85%|########5 | 1698/1995 [06:16<01:04,  4.57it/s][A

 85%|########5 | 1699/1995 [06:16<01:08,  4.31it/s][A

 85%|########5 | 1700/1995 [06:17<01:11,  4.13it/s][A

 85%|########5 | 1701/1995 [06:17<01:08,  4.32it/s][A

 85%|########5 | 1702/1995 [06:17<01:14,  3.91it/s][A

 85%|########5 | 1703/1995 [06:17<01:08,  4.29it/s][A

 85%|########5 | 1704/1995 [06:18<01:07,  4.32it/s][A

 85%|########5 | 1705/1995 [06:18<01:11,  4.06it/s][A

 86%|########5 | 1706/1995 [06:18<00:59,  4.88it/s][A

 86%|########5 | 1707/1995 [06:18<01:04,  4.47it/s][A

 86%|########5 | 1708/1995 [06:18<00:55,  5.21it/s][A

 86%|########5 | 1709/1995 [06:19<00:54,  5.21it/s][A

 86%|########5 | 1710/1995 [06:19<00:58,  4.87it/s][A

 86%|########5 | 1711/1995 [06:19<01:07,  4.24it/s][A

 86%|########5 | 1712/1995 [06:19<01:08,  4.11it/s][A

 86%|########5 | 1713/1995 [06:20<01:06,  4.22it/s][A

 86%|########5 | 1714/1995 [06:20<00:58,  4.79it/s][A

 86%|########5 | 1715/1995 [06:20<01:00,  4.64it/s][A

 86%|########6 | 1716/1995 [06:20<00:59,  4.72it/s][A

 86%|########6 | 1717/1995 [06:20<01:00,  4.60it/s][A

 86%|########6 | 1718/1995 [06:21<00:57,  4.80it/s][A

 86%|########6 | 1719/1995 [06:21<00:58,  4.71it/s][A

 86%|########6 | 1720/1995 [06:21<01:05,  4.20it/s][A

 86%|########6 | 1721/1995 [06:21<01:07,  4.04it/s][A

 86%|########6 | 1722/1995 [06:22<01:01,  4.44it/s][A

 86%|########6 | 1723/1995 [06:22<00:52,  5.17it/s][A

 86%|########6 | 1724/1995 [06:22<00:45,  5.95it/s][A

 86%|########6 | 1725/1995 [06:22<00:58,  4.65it/s][A

 87%|########6 | 1726/1995 [06:22<01:03,  4.26it/s][A

 87%|########6 | 1727/1995 [06:23<01:01,  4.34it/s][A

 87%|########6 | 1728/1995 [06:23<01:05,  4.09it/s][A

 87%|########6 | 1729/1995 [06:23<01:07,  3.92it/s][A

 87%|########6 | 1730/1995 [06:23<00:59,  4.42it/s][A

 87%|########6 | 1731/1995 [06:23<00:53,  4.97it/s][A

 87%|########6 | 1732/1995 [06:24<00:47,  5.53it/s][A

 87%|########6 | 1733/1995 [06:24<00:43,  6.02it/s][A

 87%|########6 | 1734/1995 [06:24<00:50,  5.18it/s][A

 87%|########6 | 1735/1995 [06:24<00:55,  4.68it/s][A

 87%|########7 | 1736/1995 [06:24<00:56,  4.60it/s][A

 87%|########7 | 1737/1995 [06:25<01:00,  4.29it/s][A

 87%|########7 | 1738/1995 [06:25<01:06,  3.88it/s][A

 87%|########7 | 1739/1995 [06:25<01:06,  3.87it/s][A

 87%|########7 | 1740/1995 [06:26<01:11,  3.56it/s][A

 87%|########7 | 1741/1995 [06:26<01:04,  3.96it/s][A

 87%|########7 | 1742/1995 [06:26<01:06,  3.83it/s][A

 87%|########7 | 1743/1995 [06:26<01:05,  3.85it/s][A

 87%|########7 | 1744/1995 [06:27<00:57,  4.40it/s][A

 87%|########7 | 1745/1995 [06:27<00:59,  4.18it/s][A

 88%|########7 | 1746/1995 [06:27<01:00,  4.11it/s][A

 88%|########7 | 1747/1995 [06:27<01:06,  3.72it/s][A

 88%|########7 | 1748/1995 [06:28<00:58,  4.24it/s][A

 88%|########7 | 1749/1995 [06:28<00:59,  4.14it/s][A

 88%|########7 | 1750/1995 [06:28<00:56,  4.30it/s][A

 88%|########7 | 1751/1995 [06:28<00:59,  4.10it/s][A

 88%|########7 | 1752/1995 [06:28<00:54,  4.45it/s][A

 88%|########7 | 1753/1995 [06:29<00:58,  4.17it/s][A

 88%|########7 | 1754/1995 [06:29<00:51,  4.65it/s][A

 88%|########7 | 1755/1995 [06:29<00:54,  4.38it/s][A

 88%|########8 | 1756/1995 [06:29<00:49,  4.78it/s][A

 88%|########8 | 1757/1995 [06:30<00:49,  4.83it/s][A

 88%|########8 | 1758/1995 [06:30<00:53,  4.41it/s][A

 88%|########8 | 1759/1995 [06:30<00:55,  4.25it/s][A

 88%|########8 | 1760/1995 [06:30<00:57,  4.11it/s][A

 88%|########8 | 1761/1995 [06:30<00:47,  4.91it/s][A

 88%|########8 | 1762/1995 [06:31<00:47,  4.91it/s][A

 88%|########8 | 1763/1995 [06:31<00:45,  5.15it/s][A

 88%|########8 | 1764/1995 [06:31<00:50,  4.60it/s][A

 88%|########8 | 1765/1995 [06:31<00:44,  5.15it/s][A

 89%|########8 | 1766/1995 [06:31<00:42,  5.38it/s][A

 89%|########8 | 1767/1995 [06:32<00:47,  4.76it/s][A

 89%|########8 | 1768/1995 [06:32<00:41,  5.52it/s][A

 89%|########8 | 1769/1995 [06:32<00:42,  5.34it/s][A

 89%|########8 | 1770/1995 [06:32<00:51,  4.40it/s][A

 89%|########8 | 1771/1995 [06:32<00:49,  4.48it/s][A

 89%|########8 | 1772/1995 [06:33<00:55,  4.00it/s][A

 89%|########8 | 1773/1995 [06:33<00:59,  3.75it/s][A

 89%|########8 | 1774/1995 [06:33<00:51,  4.25it/s][A

 89%|########8 | 1775/1995 [06:33<00:48,  4.51it/s][A

 89%|########9 | 1776/1995 [06:34<00:51,  4.28it/s][A

 89%|########9 | 1777/1995 [06:34<00:55,  3.91it/s][A

 89%|########9 | 1778/1995 [06:34<00:59,  3.64it/s][A

 89%|########9 | 1779/1995 [06:35<01:02,  3.46it/s][A

 89%|########9 | 1780/1995 [06:35<00:55,  3.91it/s][A

 89%|########9 | 1781/1995 [06:35<00:54,  3.95it/s][A

 89%|########9 | 1782/1995 [06:35<00:54,  3.92it/s][A

 89%|########9 | 1783/1995 [06:36<00:53,  3.94it/s][A

 89%|########9 | 1784/1995 [06:36<00:57,  3.68it/s][A

 89%|########9 | 1785/1995 [06:36<00:55,  3.76it/s][A

 90%|########9 | 1786/1995 [06:36<00:52,  3.97it/s][A

 90%|########9 | 1787/1995 [06:37<00:45,  4.52it/s][A

 90%|########9 | 1788/1995 [06:37<00:44,  4.68it/s][A

 90%|########9 | 1789/1995 [06:37<00:39,  5.16it/s][A

 90%|########9 | 1790/1995 [06:37<00:38,  5.36it/s][A

 90%|########9 | 1791/1995 [06:37<00:42,  4.83it/s][A

 90%|########9 | 1792/1995 [06:38<00:44,  4.52it/s][A

 90%|########9 | 1793/1995 [06:38<00:45,  4.42it/s][A

 90%|########9 | 1794/1995 [06:38<00:44,  4.54it/s][A

 90%|########9 | 1795/1995 [06:38<00:42,  4.69it/s][A

 90%|######### | 1796/1995 [06:38<00:37,  5.37it/s][A

 90%|######### | 1797/1995 [06:38<00:34,  5.68it/s][A

 90%|######### | 1798/1995 [06:39<00:33,  5.92it/s][A

 90%|######### | 1799/1995 [06:39<00:31,  6.15it/s][A

 90%|######### | 1800/1995 [06:39<00:31,  6.28it/s][A

 90%|######### | 1801/1995 [06:39<00:35,  5.51it/s][A

 90%|######### | 1802/1995 [06:39<00:34,  5.61it/s][A

 90%|######### | 1803/1995 [06:40<00:35,  5.37it/s][A

 90%|######### | 1804/1995 [06:40<00:34,  5.56it/s][A

 90%|######### | 1805/1995 [06:40<00:33,  5.76it/s][A

 91%|######### | 1806/1995 [06:40<00:36,  5.16it/s][A

 91%|######### | 1807/1995 [06:40<00:39,  4.73it/s][A

 91%|######### | 1808/1995 [06:41<00:46,  4.05it/s][A

 91%|######### | 1809/1995 [06:41<00:47,  3.93it/s][A

 91%|######### | 1810/1995 [06:41<00:46,  4.01it/s][A

 91%|######### | 1811/1995 [06:41<00:42,  4.30it/s][A

 91%|######### | 1812/1995 [06:42<00:40,  4.53it/s][A

 91%|######### | 1813/1995 [06:42<00:38,  4.77it/s][A

 91%|######### | 1814/1995 [06:42<00:32,  5.52it/s][A

 91%|######### | 1815/1995 [06:42<00:30,  5.86it/s][A

 91%|#########1| 1816/1995 [06:42<00:33,  5.27it/s][A

 91%|#########1| 1817/1995 [06:43<00:41,  4.33it/s][A

 91%|#########1| 1818/1995 [06:43<00:39,  4.52it/s][A

 91%|#########1| 1819/1995 [06:43<00:36,  4.77it/s][A

 91%|#########1| 1820/1995 [06:43<00:41,  4.23it/s][A

 91%|#########1| 1821/1995 [06:43<00:36,  4.76it/s][A

 91%|#########1| 1822/1995 [06:44<00:36,  4.77it/s][A

 91%|#########1| 1823/1995 [06:44<00:38,  4.44it/s][A

 91%|#########1| 1824/1995 [06:44<00:39,  4.31it/s][A

 91%|#########1| 1825/1995 [06:44<00:38,  4.40it/s][A

 92%|#########1| 1826/1995 [06:45<00:39,  4.29it/s][A

 92%|#########1| 1827/1995 [06:45<00:37,  4.50it/s][A

 92%|#########1| 1828/1995 [06:45<00:32,  5.21it/s][A

 92%|#########1| 1829/1995 [06:45<00:35,  4.74it/s][A

 92%|#########1| 1830/1995 [06:45<00:39,  4.21it/s][A

 92%|#########1| 1831/1995 [06:46<00:42,  3.83it/s][A

 92%|#########1| 1832/1995 [06:46<00:41,  3.90it/s][A

 92%|#########1| 1833/1995 [06:46<00:43,  3.70it/s][A

 92%|#########1| 1834/1995 [06:47<00:45,  3.54it/s][A

 92%|#########1| 1835/1995 [06:47<00:43,  3.67it/s][A

 92%|#########2| 1836/1995 [06:47<00:44,  3.58it/s][A

 92%|#########2| 1837/1995 [06:47<00:38,  4.12it/s][A

 92%|#########2| 1838/1995 [06:48<00:36,  4.35it/s][A

 92%|#########2| 1839/1995 [06:48<00:33,  4.66it/s][A

 92%|#########2| 1840/1995 [06:48<00:31,  4.96it/s][A

 92%|#########2| 1841/1995 [06:48<00:30,  5.04it/s][A

 92%|#########2| 1842/1995 [06:48<00:34,  4.49it/s][A

 92%|#########2| 1843/1995 [06:48<00:28,  5.34it/s][A

 92%|#########2| 1844/1995 [06:49<00:27,  5.58it/s][A

 92%|#########2| 1845/1995 [06:49<00:30,  4.96it/s][A

 93%|#########2| 1846/1995 [06:49<00:30,  4.96it/s][A

 93%|#########2| 1847/1995 [06:49<00:34,  4.30it/s][A

 93%|#########2| 1848/1995 [06:50<00:36,  4.07it/s][A

 93%|#########2| 1849/1995 [06:50<00:32,  4.53it/s][A

 93%|#########2| 1850/1995 [06:50<00:31,  4.58it/s][A

 93%|#########2| 1851/1995 [06:50<00:32,  4.42it/s][A

 93%|#########2| 1852/1995 [06:51<00:34,  4.09it/s][A

 93%|#########2| 1853/1995 [06:51<00:35,  4.05it/s][A

 93%|#########2| 1854/1995 [06:51<00:34,  4.07it/s][A

 93%|#########2| 1855/1995 [06:51<00:38,  3.67it/s][A

 93%|#########3| 1856/1995 [06:52<00:38,  3.58it/s][A

 93%|#########3| 1857/1995 [06:52<00:39,  3.47it/s][A

 93%|#########3| 1858/1995 [06:52<00:38,  3.58it/s][A

 93%|#########3| 1859/1995 [06:53<00:37,  3.62it/s][A

 93%|#########3| 1860/1995 [06:53<00:38,  3.48it/s][A

 93%|#########3| 1861/1995 [06:53<00:35,  3.79it/s][A

 93%|#########3| 1862/1995 [06:53<00:33,  3.97it/s][A

 93%|#########3| 1863/1995 [06:54<00:34,  3.79it/s][A

 93%|#########3| 1864/1995 [06:54<00:35,  3.65it/s][A

 93%|#########3| 1865/1995 [06:54<00:33,  3.92it/s][A

 94%|#########3| 1866/1995 [06:54<00:31,  4.12it/s][A

 94%|#########3| 1867/1995 [06:55<00:33,  3.77it/s][A

 94%|#########3| 1868/1995 [06:55<00:35,  3.60it/s][A

 94%|#########3| 1869/1995 [06:55<00:33,  3.72it/s][A

 94%|#########3| 1870/1995 [06:55<00:32,  3.88it/s][A

 94%|#########3| 1871/1995 [06:56<00:32,  3.87it/s][A

 94%|#########3| 1872/1995 [06:56<00:32,  3.78it/s][A

 94%|#########3| 1873/1995 [06:56<00:32,  3.76it/s][A

 94%|#########3| 1874/1995 [06:56<00:27,  4.34it/s][A

 94%|#########3| 1875/1995 [06:57<00:26,  4.49it/s][A

 94%|#########4| 1876/1995 [06:57<00:28,  4.22it/s][A

 94%|#########4| 1877/1995 [06:57<00:23,  4.94it/s][A

 94%|#########4| 1878/1995 [06:57<00:27,  4.33it/s][A

 94%|#########4| 1879/1995 [06:57<00:25,  4.55it/s][A

 94%|#########4| 1880/1995 [06:58<00:29,  3.88it/s][A

 94%|#########4| 1881/1995 [06:58<00:31,  3.62it/s][A

 94%|#########4| 1882/1995 [06:58<00:27,  4.06it/s][A

 94%|#########4| 1883/1995 [06:59<00:29,  3.85it/s][A

 94%|#########4| 1884/1995 [06:59<00:27,  4.01it/s][A

 94%|#########4| 1885/1995 [06:59<00:28,  3.79it/s][A

 95%|#########4| 1886/1995 [06:59<00:31,  3.49it/s][A

 95%|#########4| 1887/1995 [07:00<00:31,  3.39it/s][A

 95%|#########4| 1888/1995 [07:00<00:31,  3.40it/s][A

 95%|#########4| 1889/1995 [07:00<00:28,  3.77it/s][A

 95%|#########4| 1890/1995 [07:00<00:24,  4.37it/s][A

 95%|#########4| 1891/1995 [07:01<00:24,  4.19it/s][A

 95%|#########4| 1892/1995 [07:01<00:22,  4.57it/s][A

 95%|#########4| 1893/1995 [07:01<00:20,  4.86it/s][A

 95%|#########4| 1894/1995 [07:01<00:21,  4.80it/s][A

 95%|#########4| 1895/1995 [07:01<00:21,  4.76it/s][A

 95%|#########5| 1896/1995 [07:02<00:24,  4.11it/s][A

 95%|#########5| 1897/1995 [07:02<00:24,  4.05it/s][A

 95%|#########5| 1898/1995 [07:02<00:24,  3.96it/s][A

 95%|#########5| 1899/1995 [07:03<00:25,  3.80it/s][A

 95%|#########5| 1900/1995 [07:03<00:22,  4.30it/s][A

 95%|#########5| 1901/1995 [07:03<00:18,  5.04it/s][A

 95%|#########5| 1902/1995 [07:03<00:17,  5.30it/s][A

 95%|#########5| 1903/1995 [07:03<00:19,  4.76it/s][A

 95%|#########5| 1904/1995 [07:04<00:21,  4.21it/s][A

 95%|#########5| 1905/1995 [07:04<00:23,  3.82it/s][A

 96%|#########5| 1906/1995 [07:04<00:21,  4.23it/s][A

 96%|#########5| 1907/1995 [07:04<00:21,  4.01it/s][A

 96%|#########5| 1908/1995 [07:05<00:19,  4.48it/s][A

 96%|#########5| 1909/1995 [07:05<00:20,  4.10it/s][A

 96%|#########5| 1910/1995 [07:05<00:21,  3.94it/s][A

 96%|#########5| 1911/1995 [07:05<00:20,  4.05it/s][A

 96%|#########5| 1912/1995 [07:06<00:20,  4.00it/s][A

 96%|#########5| 1913/1995 [07:06<00:22,  3.72it/s][A

 96%|#########5| 1914/1995 [07:06<00:22,  3.66it/s][A

 96%|#########5| 1915/1995 [07:06<00:20,  3.83it/s][A

 96%|#########6| 1916/1995 [07:07<00:19,  4.15it/s][A

 96%|#########6| 1917/1995 [07:07<00:18,  4.13it/s][A

 96%|#########6| 1918/1995 [07:07<00:17,  4.38it/s][A

 96%|#########6| 1919/1995 [07:07<00:15,  4.87it/s][A

 96%|#########6| 1920/1995 [07:07<00:16,  4.52it/s][A

 96%|#########6| 1921/1995 [07:08<00:16,  4.61it/s][A

 96%|#########6| 1922/1995 [07:08<00:18,  3.89it/s][A

 96%|#########6| 1923/1995 [07:08<00:18,  3.99it/s][A

 96%|#########6| 1924/1995 [07:08<00:17,  4.08it/s][A

 96%|#########6| 1925/1995 [07:09<00:18,  3.79it/s][A

 97%|#########6| 1926/1995 [07:09<00:18,  3.79it/s][A

 97%|#########6| 1927/1995 [07:09<00:17,  3.86it/s][A

 97%|#########6| 1928/1995 [07:10<00:16,  3.95it/s][A

 97%|#########6| 1929/1995 [07:10<00:16,  3.91it/s][A

 97%|#########6| 1930/1995 [07:10<00:17,  3.73it/s][A

 97%|#########6| 1931/1995 [07:10<00:17,  3.67it/s][A

 97%|#########6| 1932/1995 [07:11<00:15,  4.10it/s][A

 97%|#########6| 1933/1995 [07:11<00:13,  4.52it/s][A

 97%|#########6| 1934/1995 [07:11<00:14,  4.10it/s][A

 97%|#########6| 1935/1995 [07:11<00:14,  4.04it/s][A

 97%|#########7| 1936/1995 [07:11<00:14,  4.15it/s][A

 97%|#########7| 1937/1995 [07:12<00:13,  4.15it/s][A

 97%|#########7| 1938/1995 [07:12<00:13,  4.33it/s][A

 97%|#########7| 1939/1995 [07:12<00:13,  4.24it/s][A

 97%|#########7| 1940/1995 [07:12<00:12,  4.27it/s][A

 97%|#########7| 1941/1995 [07:13<00:13,  4.08it/s][A

 97%|#########7| 1942/1995 [07:13<00:13,  4.05it/s][A

 97%|#########7| 1943/1995 [07:13<00:12,  4.03it/s][A

 97%|#########7| 1944/1995 [07:14<00:14,  3.52it/s][A

 97%|#########7| 1945/1995 [07:14<00:13,  3.77it/s][A

 98%|#########7| 1946/1995 [07:14<00:12,  4.01it/s][A

 98%|#########7| 1947/1995 [07:14<00:11,  4.06it/s][A

 98%|#########7| 1948/1995 [07:14<00:11,  3.96it/s][A

 98%|#########7| 1949/1995 [07:15<00:11,  3.90it/s][A

 98%|#########7| 1950/1995 [07:15<00:12,  3.69it/s][A

 98%|#########7| 1951/1995 [07:15<00:12,  3.54it/s][A

 98%|#########7| 1952/1995 [07:16<00:11,  3.73it/s][A

 98%|#########7| 1953/1995 [07:16<00:12,  3.44it/s][A

 98%|#########7| 1954/1995 [07:16<00:12,  3.41it/s][A

 98%|#########7| 1955/1995 [07:17<00:12,  3.29it/s][A

 98%|#########8| 1956/1995 [07:17<00:11,  3.29it/s][A

 98%|#########8| 1957/1995 [07:17<00:10,  3.65it/s][A

 98%|#########8| 1958/1995 [07:17<00:08,  4.30it/s][A

 98%|#########8| 1959/1995 [07:17<00:08,  4.45it/s][A

 98%|#########8| 1960/1995 [07:18<00:07,  4.78it/s][A

 98%|#########8| 1961/1995 [07:18<00:08,  4.17it/s][A

 98%|#########8| 1962/1995 [07:18<00:08,  3.75it/s][A

 98%|#########8| 1963/1995 [07:19<00:08,  3.60it/s][A

 98%|#########8| 1964/1995 [07:19<00:07,  4.05it/s][A

 98%|#########8| 1965/1995 [07:19<00:07,  3.98it/s][A

 99%|#########8| 1966/1995 [07:19<00:06,  4.24it/s][A

 99%|#########8| 1967/1995 [07:19<00:05,  5.10it/s][A

 99%|#########8| 1968/1995 [07:20<00:06,  4.46it/s][A

 99%|#########8| 1969/1995 [07:20<00:05,  4.73it/s][A

 99%|#########8| 1970/1995 [07:20<00:04,  5.39it/s][A

 99%|#########8| 1971/1995 [07:20<00:04,  4.82it/s][A

 99%|#########8| 1972/1995 [07:20<00:04,  5.32it/s][A

 99%|#########8| 1973/1995 [07:20<00:03,  6.01it/s][A

 99%|#########8| 1974/1995 [07:21<00:04,  5.07it/s][A

 99%|#########8| 1975/1995 [07:21<00:03,  5.27it/s][A

 99%|#########9| 1976/1995 [07:21<00:04,  4.55it/s][A

 99%|#########9| 1977/1995 [07:21<00:03,  4.59it/s][A

 99%|#########9| 1978/1995 [07:22<00:03,  4.69it/s][A

 99%|#########9| 1979/1995 [07:22<00:03,  4.37it/s][A

 99%|#########9| 1980/1995 [07:22<00:03,  4.49it/s][A

 99%|#########9| 1981/1995 [07:22<00:03,  4.33it/s][A

 99%|#########9| 1982/1995 [07:22<00:02,  4.50it/s][A

 99%|#########9| 1983/1995 [07:23<00:02,  4.16it/s][A

 99%|#########9| 1984/1995 [07:23<00:02,  3.95it/s][A

 99%|#########9| 1985/1995 [07:23<00:02,  4.13it/s][A

100%|#########9| 1986/1995 [07:23<00:02,  4.25it/s][A

100%|#########9| 1987/1995 [07:24<00:01,  4.05it/s][A

100%|#########9| 1988/1995 [07:24<00:01,  3.88it/s][A

100%|#########9| 1989/1995 [07:24<00:01,  3.94it/s][A

100%|#########9| 1990/1995 [07:25<00:01,  4.01it/s][A

100%|#########9| 1991/1995 [07:25<00:00,  4.30it/s][A

100%|#########9| 1992/1995 [07:25<00:00,  3.82it/s][A

100%|#########9| 1993/1995 [07:25<00:00,  3.83it/s][A

100%|#########9| 1994/1995 [07:26<00:00,  3.54it/s][A

100%|##########| 1995/1995 [07:26<00:00,  3.89it/s][A
                                                     


                                                   
{'eval_loss': 0.04539022594690323, 'eval_accuracy': 0.9922286287290047, 'eval_precision': 0.9893152015541525, 'eval_recall': 0.9956011730205279, 'eval_f1': 0.9924482338611449, 'eval_runtime': 446.559, 'eval_samples_per_second': 8.933, 'eval_steps_per_second': 4.467, 'epoch': 3.0}
[A
100%|##########| 5082/5082 [2:18:41<00:00,  3.85s/it]

100%|##########| 1995/1995 [07:26<00:00,  3.89it/s][A

                                                   [A
                                                     
{'train_runtime': 8332.7943, 'train_samples_per_second': 9.754, 'train_steps_per_second': 0.61, 'train_loss': 0.00442505370721438, 'epoch': 3.0}

100%|##########| 5082/5082 [2:18:52<00:00,  3.85s/it]
100%|##########| 5082/5082 [2:18:52<00:00,  1.64s/it]
Traceback (most recent call last):
  File "D:\Work\Do-an\workspaces\truongnv\reports\experiment_reports\pids_bench_two_tier_evidence_matrix_2026-10-02\run_pinned_deberta.py", line 189, in <module>
    main()
  File "D:\Work\Do-an\workspaces\truongnv\reports\experiment_reports\pids_bench_two_tier_evidence_matrix_2026-10-02\run_pinned_deberta.py", line 172, in main
    namespace["run_train"](
  File "D:\Work\Do-an\workspaces\truongnv\replications\PIDS_Bench_Shire_IEEEAccess2026\upstream\src\baselines\deberta_v3.py", line 298, in run_train
    print(f"Model saved \u2192 {MODEL_DIR}")
  File "C:\Users\nvt\AppData\Roaming\uv\python\cpython-3.12-windows-x86_64-none\Lib\encodings\cp1252.py", line 19, in encode
    return codecs.charmap_encode(input,self.errors,encoding_table)[0]
           ^^^^^^^^^^^^^^^^^^^^^^^^^^^^^^^^^^^^^^^^^^^^^^^^^^^^^^^
UnicodeEncodeError: 'charmap' codec can't encode character '\u2192' in position 12: character maps to <undefined>
