row_index,label,tfidf_score,deberta_score,tfidf_prediction_0_5,deberta_prediction_0_5,tfidf_prediction_fpr_budget,deberta_prediction_fpr_budget,cascade_prediction,cascade_route
0,0,0.104216638,0.000065621,0,0,0,0,0,deberta_fallback
1,0,0.019978334,0.000065513,0,0,0,0,0,tfidf_direct_benign
2,0,0.165682940,0.000062067,0,0,0,0,0,deberta_fallback
3,0,0.087682051,0.000072795,0,0,0,0,0,deberta_fallback
4,0,0.403212477,0.000088532,0,0,0,0,0,deberta_fallback
5,0,0.039067920,0.000058557,0,0,0,0,0,tfidf_direct_benign
6,0,0.052804407,0.000057463,0,0,0,0,0,deberta_fallback
7,0,0.003189783,0.000063024,0,0,0,0,0,tfidf_direct_benign
8,0,0.013372547,0.000068952,0,0,0,0,0,tfidf_direct_benign
9,0,0.201519326,0.000062976,0,0,0,0,0,deberta_fallback
10,0,0.104500556,0.000084594,0,0,0,0,0,deberta_fallback
11,0,0.041767541,0.000064590,0,0,0,0,0,tfidf_direct_benign
12,0,0.068170481,0.000067029,0,0,0,0,0,deberta_fallback
13,0,0.027110135,0.000062835,0,0,0,0,0,tfidf_direct_benign
14,0,0.096713350,0.000057712,0,0,0,0,0,deberta_fallback
15,0,0.013869380,0.000061853,0,0,0,0,0,tfidf_direct_benign
16,0,0.016443112,0.000063854,0,0,0,0,0,tfidf_direct_benign
17,0,0.075428586,0.000083763,0,0,0,0,0,deberta_fallback
18,0,0.024664512,0.000057586,0,0,0,0,0,tfidf_direct_benign
19,0,0.003189783,0.000062520,0,0,0,0,0,tfidf_direct_benign
20,0,0.108681959,0.017831052,0,0,0,0,0,deberta_fallback
21,0,0.016151757,0.000061455,0,0,0,0,0,tfidf_direct_benign
22,0,0.021111604,0.000059057,0,0,0,0,0,tfidf_direct_benign
23,0,0.053181056,0.000063612,0,0,0,0,0,deberta_fallback
24,0,0.016957761,0.000064388,0,0,0,0,0,tfidf_direct_benign
25,0,0.025466612,0.000059161,0,0,0,0,0,tfidf_direct_benign
26,0,0.054315516,0.000057456,0,0,0,0,0,deberta_fallback
27,0,0.303489259,0.000067947,0,0,0,0,0,deberta_fallback
28,0,0.134802436,0.000062011,0,0,0,0,0,deberta_fallback
29,0,0.003189783,0.000062386,0,0,0,0,0,tfidf_direct_benign
30,0,0.061370080,0.000075470,0,0,0,0,0,deberta_fallback
31,0,0.225734814,0.000081004,0,0,0,0,0,deberta_fallback
32,0,0.009848218,0.000065850,0,0,0,0,0,tfidf_direct_benign
33,0,0.105922877,0.000069051,0,0,0,0,0,deberta_fallback
34,0,0.071363129,0.000061901,0,0,0,0,0,deberta_fallback
35,0,0.195467760,0.000080812,0,0,0,0,0,deberta_fallback
36,0,0.040312383,0.000059311,0,0,0,0,0,tfidf_direct_benign
37,0,0.029740733,0.000059631,0,0,0,0,0,tfidf_direct_benign
38,0,0.036616444,0.000056958,0,0,0,0,0,tfidf_direct_benign
39,0,0.016151757,0.000063171,0,0,0,0,0,tfidf_direct_benign
40,0,0.051413663,0.000069191,0,0,0,0,0,deberta_fallback
41,0,0.138200123,0.000072159,0,0,0,0,0,deberta_fallback
42,0,0.083650686,0.000056554,0,0,0,0,0,deberta_fallback
43,0,0.049209417,0.000059563,0,0,0,0,0,tfidf_direct_benign
44,0,0.003189783,0.000060784,0,0,0,0,0,tfidf_direct_benign
45,0,0.003189783,0.000067427,0,0,0,0,0,tfidf_direct_benign
46,0,0.027391816,0.000058015,0,0,0,0,0,tfidf_direct_benign
47,0,0.016151757,0.000061385,0,0,0,0,0,tfidf_direct_benign
48,0,0.031220401,0.000064817,0,0,0,0,0,tfidf_direct_benign
49,0,0.022476711,0.000062238,0,0,0,0,0,tfidf_direct_benign
50,0,0.098004759,0.000069928,0,0,0,0,0,deberta_fallback
51,0,0.019383154,0.000062567,0,0,0,0,0,tfidf_direct_benign
52,0,0.187496641,0.000055087,0,0,0,0,0,deberta_fallback
53,0,0.010844591,0.000063789,0,0,0,0,0,tfidf_direct_benign
54,0,0.035922290,0.000063062,0,0,0,0,0,tfidf_direct_benign
55,0,0.019383154,0.000061012,0,0,0,0,0,tfidf_direct_benign
56,0,0.008750391,0.000071486,0,0,0,0,0,tfidf_direct_benign
57,0,0.003189783,0.000067025,0,0,0,0,0,tfidf_direct_benign
58,0,0.053181056,0.000061640,0,0,0,0,0,deberta_fallback
59,0,0.016443112,0.000060182,0,0,0,0,0,tfidf_direct_benign
60,0,0.019978334,0.000071499,0,0,0,0,0,tfidf_direct_benign
61,0,0.022035287,0.000064739,0,0,0,0,0,tfidf_direct_benign
62,0,0.027110135,0.000060786,0,0,0,0,0,tfidf_direct_benign
63,0,0.071363129,0.000063891,0,0,0,0,0,deberta_fallback
64,0,0.021236664,0.000059041,0,0,0,0,0,tfidf_direct_benign
65,0,0.138200123,0.000080187,0,0,0,0,0,deberta_fallback
66,0,0.165682940,0.000065989,0,0,0,0,0,deberta_fallback
67,0,0.158075456,0.000061200,0,0,0,0,0,deberta_fallback
68,0,0.026565524,0.000060045,0,0,0,0,0,tfidf_direct_benign
69,0,0.071363129,0.000063136,0,0,0,0,0,deberta_fallback
70,0,0.188831255,0.000059821,0,0,0,0,0,deberta_fallback
71,0,0.087682051,0.000070837,0,0,0,0,0,deberta_fallback
72,0,0.019383154,0.000061159,0,0,0,0,0,tfidf_direct_benign
73,0,0.200088948,0.000067298,0,0,0,0,0,deberta_fallback
74,0,0.083650686,0.000061337,0,0,0,0,0,deberta_fallback
75,0,0.031508155,0.000060339,0,0,0,0,0,tfidf_direct_benign
76,0,0.110475105,0.000061579,0,0,0,0,0,deberta_fallback
77,0,0.027622377,0.000059954,0,0,0,0,0,tfidf_direct_benign
78,0,0.020906998,0.000068584,0,0,0,0,0,tfidf_direct_benign
79,0,0.063218484,0.000058817,0,0,0,0,0,deberta_fallback
80,0,0.053181056,0.000062472,0,0,0,0,0,deberta_fallback
81,0,0.028529840,0.000055049,0,0,0,0,0,tfidf_direct_benign
82,0,0.165682940,0.000064656,0,0,0,0,0,deberta_fallback
83,0,0.019383154,0.000059546,0,0,0,0,0,tfidf_direct_benign
84,0,0.051413663,0.000061223,0,0,0,0,0,deberta_fallback
85,0,0.022621085,0.000061384,0,0,0,0,0,tfidf_direct_benign
86,0,0.071363129,0.000060431,0,0,0,0,0,deberta_fallback
87,0,0.022035287,0.000060775,0,0,0,0,0,tfidf_direct_benign
88,0,0.016151757,0.000059358,0,0,0,0,0,tfidf_direct_benign
89,0,0.098102214,0.000063511,0,0,0,0,0,deberta_fallback
90,0,0.020649912,0.000062679,0,0,0,0,0,tfidf_direct_benign
91,0,0.021413307,0.000059664,0,0,0,0,0,tfidf_direct_benign
92,0,0.022035287,0.000060543,0,0,0,0,0,tfidf_direct_benign
93,0,0.197061150,0.000081850,0,0,0,0,0,deberta_fallback
94,0,0.108681959,0.026036525,0,0,0,0,0,deberta_fallback
95,0,0.053181056,0.000061188,0,0,0,0,0,deberta_fallback
96,0,0.016798569,0.000066740,0,0,0,0,0,tfidf_direct_benign
97,0,0.003189783,0.000062776,0,0,0,0,0,tfidf_direct_benign
98,0,0.188831255,0.000068819,0,0,0,0,0,deberta_fallback
99,0,0.019026726,0.000065253,0,0,0,0,0,tfidf_direct_benign
100,0,0.038306118,0.000066000,0,0,0,0,0,tfidf_direct_benign
101,0,0.022035287,0.000062385,0,0,0,0,0,tfidf_direct_benign
102,0,0.087682051,0.000075463,0,0,0,0,0,deberta_fallback
103,0,0.138200123,0.000078271,0,0,0,0,0,deberta_fallback
104,0,0.155754143,0.000059816,0,0,0,0,0,deberta_fallback
105,0,0.053181056,0.000064993,0,0,0,0,0,deberta_fallback
106,0,0.138200123,0.000076967,0,0,0,0,0,deberta_fallback
107,0,0.096718355,0.000066599,0,0,0,0,0,deberta_fallback
108,0,0.138200123,0.000071429,0,0,0,0,0,deberta_fallback
109,0,0.003189783,0.000064760,0,0,0,0,0,tfidf_direct_benign
110,0,0.020230540,0.000060070,0,0,0,0,0,tfidf_direct_benign
111,0,0.022327430,0.000060052,0,0,0,0,0,tfidf_direct_benign
112,0,0.016151757,0.000059594,0,0,0,0,0,tfidf_direct_benign
113,0,0.131218448,0.000058425,0,0,0,0,0,deberta_fallback
114,0,0.027508696,0.000060388,0,0,0,0,0,tfidf_direct_benign
115,0,0.039013085,0.000056709,0,0,0,0,0,tfidf_direct_benign
116,0,0.038931889,0.000059048,0,0,0,0,0,tfidf_direct_benign
117,0,0.009848218,0.000067118,0,0,0,0,0,tfidf_direct_benign
118,0,0.083650686,0.000058850,0,0,0,0,0,deberta_fallback
119,0,0.024601536,0.000065291,0,0,0,0,0,tfidf_direct_benign
120,0,0.009749277,0.000061907,0,0,0,0,0,tfidf_direct_benign
121,0,0.025466612,0.000063531,0,0,0,0,0,tfidf_direct_benign
122,0,0.046714953,0.000063948,0,0,0,0,0,tfidf_direct_benign
123,0,0.020508661,0.000065153,0,0,0,0,0,tfidf_direct_benign
124,0,0.100267118,0.000060333,0,0,0,0,0,deberta_fallback
125,0,0.030650270,0.000055930,0,0,0,0,0,tfidf_direct_benign
126,0,0.056367891,0.000057960,0,0,0,0,0,deberta_fallback
127,0,0.108681959,0.001494675,0,0,0,0,0,deberta_fallback
128,0,0.016443112,0.000063382,0,0,0,0,0,tfidf_direct_benign
129,0,0.035413356,0.000058566,0,0,0,0,0,tfidf_direct_benign
130,0,0.016443112,0.000058203,0,0,0,0,0,tfidf_direct_benign
131,0,0.098004759,0.000071882,0,0,0,0,0,deberta_fallback
132,0,0.106584465,0.000069423,0,0,0,0,0,deberta_fallback
133,0,0.012981385,0.000076769,0,0,0,0,0,tfidf_direct_benign
134,0,0.155754143,0.000063628,0,0,0,0,0,deberta_fallback
135,0,0.053181056,0.000062970,0,0,0,0,0,deberta_fallback
136,0,0.016166530,0.000057104,0,0,0,0,0,tfidf_direct_benign
137,0,0.052804407,0.000059729,0,0,0,0,0,deberta_fallback
138,0,0.016957761,0.000074081,0,0,0,0,0,tfidf_direct_benign
139,0,0.075033294,0.000069116,0,0,0,0,0,deberta_fallback
140,0,0.131475743,0.000065782,0,0,0,0,0,deberta_fallback
141,0,0.087682051,0.000074617,0,0,0,0,0,deberta_fallback
142,0,0.079644370,0.000062459,0,0,0,0,0,deberta_fallback
143,0,0.052804407,0.000056320,0,0,0,0,0,deberta_fallback
144,0,0.043790609,0.000062873,0,0,0,0,0,tfidf_direct_benign
145,0,0.022035287,0.000061992,0,0,0,0,0,tfidf_direct_benign
146,0,0.103832803,0.000069358,0,0,0,0,0,deberta_fallback
147,0,0.019383154,0.000058131,0,0,0,0,0,tfidf_direct_benign
148,0,0.019383154,0.000060058,0,0,0,0,0,tfidf_direct_benign
149,0,0.083650686,0.000055358,0,0,0,0,0,deberta_fallback
150,0,0.016957761,0.000060024,0,0,0,0,0,tfidf_direct_benign
151,0,0.155754143,0.000064207,0,0,0,0,0,deberta_fallback
152,0,0.019383154,0.000059975,0,0,0,0,0,tfidf_direct_benign
153,0,0.029275622,0.000059188,0,0,0,0,0,tfidf_direct_benign
154,0,0.016443112,0.000067791,0,0,0,0,0,tfidf_direct_benign
155,0,0.006247549,0.000063284,0,0,0,0,0,tfidf_direct_benign
156,0,0.083650686,0.000060240,0,0,0,0,0,deberta_fallback
157,0,0.022035287,0.000062007,0,0,0,0,0,tfidf_direct_benign
158,0,0.138200123,0.000074965,0,0,0,0,0,deberta_fallback
159,0,0.053181056,0.000063021,0,0,0,0,0,deberta_fallback
160,0,0.025466612,0.000058452,0,0,0,0,0,tfidf_direct_benign
161,0,0.083650686,0.000057400,0,0,0,0,0,deberta_fallback
162,0,0.047232624,0.000066563,0,0,0,0,0,tfidf_direct_benign
163,0,0.018620524,0.000069364,0,0,0,0,0,tfidf_direct_benign
164,0,0.138200123,0.000086388,0,0,0,0,0,deberta_fallback
165,0,0.098004759,0.000067759,0,0,0,0,0,deberta_fallback
166,0,0.027773612,0.000059449,0,0,0,0,0,tfidf_direct_benign
167,0,0.019383154,0.000061562,0,0,0,0,0,tfidf_direct_benign
168,0,0.127065618,0.000065932,0,0,0,0,0,deberta_fallback
169,0,0.138200123,0.000083604,0,0,0,0,0,deberta_fallback
170,0,0.021268203,0.000065668,0,0,0,0,0,tfidf_direct_benign
171,0,0.022035287,0.000063205,0,0,0,0,0,tfidf_direct_benign
172,0,0.027679068,0.000059191,0,0,0,0,0,tfidf_direct_benign
173,0,0.079644370,0.000063087,0,0,0,0,0,deberta_fallback
174,0,0.225734814,0.000076413,0,0,0,0,0,deberta_fallback
175,0,0.027477820,0.000061027,0,0,0,0,0,tfidf_direct_benign
176,0,0.053181056,0.000065065,0,0,0,0,0,deberta_fallback
177,0,0.058498535,0.000076825,0,0,0,0,0,deberta_fallback
178,0,0.031220401,0.000062130,0,0,0,0,0,tfidf_direct_benign
179,0,0.071007619,0.000070070,0,0,0,0,0,deberta_fallback
180,0,0.063295786,0.000079597,0,0,0,0,0,deberta_fallback
181,0,0.071363129,0.000061996,0,0,0,0,0,deberta_fallback
182,0,0.071363129,0.000059008,0,0,0,0,0,deberta_fallback
183,0,0.018336727,0.000061373,0,0,0,0,0,tfidf_direct_benign
184,0,0.003189783,0.000064020,0,0,0,0,0,tfidf_direct_benign
185,0,0.008708797,0.000061641,0,0,0,0,0,tfidf_direct_benign
186,0,0.031220401,0.000065592,0,0,0,0,0,tfidf_direct_benign
187,0,0.003189783,0.000064481,0,0,0,0,0,tfidf_direct_benign
188,0,0.108681959,0.015083208,0,0,0,0,0,deberta_fallback
189,0,0.025466612,0.000058910,0,0,0,0,0,tfidf_direct_benign
190,0,0.053181056,0.000062717,0,0,0,0,0,deberta_fallback
191,0,0.083650686,0.000058426,0,0,0,0,0,deberta_fallback
192,0,0.075033294,0.000067934,0,0,0,0,0,deberta_fallback
193,0,0.014391299,0.000066847,0,0,0,0,0,tfidf_direct_benign
194,0,0.003189783,0.000067668,0,0,0,0,0,tfidf_direct_benign
195,0,0.043883959,0.000067663,0,0,0,0,0,tfidf_direct_benign
196,0,0.066458048,0.000065436,0,0,0,0,0,deberta_fallback
197,0,0.016006421,0.000060759,0,0,0,0,0,tfidf_direct_benign
198,0,0.053181056,0.000067441,0,0,0,0,0,deberta_fallback
199,0,0.008068540,0.000065284,0,0,0,0,0,tfidf_direct_benign
200,0,0.116867204,0.000064531,0,0,0,0,0,deberta_fallback
201,0,0.016151757,0.000062178,0,0,0,0,0,tfidf_direct_benign
202,0,0.051413663,0.000058831,0,0,0,0,0,deberta_fallback
203,0,0.102171607,0.000074466,0,0,0,0,0,deberta_fallback
204,0,0.301711659,0.000067371,0,0,0,0,0,deberta_fallback
205,0,0.019383154,0.000060753,0,0,0,0,0,tfidf_direct_benign
206,0,0.022872515,0.000063396,0,0,0,0,0,tfidf_direct_benign
207,0,0.003189783,0.000070119,0,0,0,0,0,tfidf_direct_benign
208,0,0.016151757,0.000061912,0,0,0,0,0,tfidf_direct_benign
209,0,0.025466612,0.000059933,0,0,0,0,0,tfidf_direct_benign
210,0,0.206866483,0.000075424,0,0,0,0,0,deberta_fallback
211,0,0.019978334,0.000068397,0,0,0,0,0,tfidf_direct_benign
212,0,0.087682051,0.000071381,0,0,0,0,0,deberta_fallback
213,0,0.041990123,0.000061448,0,0,0,0,0,tfidf_direct_benign
214,0,0.020169716,0.000066707,0,0,0,0,0,tfidf_direct_benign
215,0,0.035434157,0.000062016,0,0,0,0,0,tfidf_direct_benign
216,0,0.018615692,0.000059890,0,0,0,0,0,tfidf_direct_benign
217,0,0.020335664,0.000063424,0,0,0,0,0,tfidf_direct_benign
218,0,0.071363129,0.000062651,0,0,0,0,0,deberta_fallback
219,0,0.083650686,0.000055945,0,0,0,0,0,deberta_fallback
220,0,0.031220401,0.000060823,0,0,0,0,0,tfidf_direct_benign
221,0,0.016151757,0.000059660,0,0,0,0,0,tfidf_direct_benign
222,0,0.082568248,0.000068468,0,0,0,0,0,deberta_fallback
223,0,0.008750391,0.000067748,0,0,0,0,0,tfidf_direct_benign
224,0,0.108681959,0.000887645,0,0,0,0,0,deberta_fallback
225,0,0.043790609,0.000069158,0,0,0,0,0,tfidf_direct_benign
226,0,0.011738362,0.000059548,0,0,0,0,0,tfidf_direct_benign
227,0,0.045461280,0.000065310,0,0,0,0,0,tfidf_direct_benign
228,0,0.071363129,0.000059535,0,0,0,0,0,deberta_fallback
229,0,0.154995733,0.000060765,0,0,0,0,0,deberta_fallback
230,0,0.009121268,0.000072053,0,0,0,0,0,tfidf_direct_benign
231,0,0.113163153,0.000058081,0,0,0,0,0,deberta_fallback
232,0,0.121423068,0.000062037,0,0,0,0,0,deberta_fallback
233,0,0.225734814,0.000081368,0,0,0,0,0,deberta_fallback
234,0,0.048980683,0.000058732,0,0,0,0,0,tfidf_direct_benign
235,0,0.098004759,0.000073871,0,0,0,0,0,deberta_fallback
236,0,0.165682940,0.000064759,0,0,0,0,0,deberta_fallback
237,0,0.016151757,0.000061794,0,0,0,0,0,tfidf_direct_benign
238,0,0.070240856,0.000060583,0,0,0,0,0,deberta_fallback
239,0,0.015648632,0.000060918,0,0,0,0,0,tfidf_direct_benign
240,0,0.012525034,0.000063529,0,0,0,0,0,tfidf_direct_benign
241,0,0.041093375,0.000058755,0,0,0,0,0,tfidf_direct_benign
242,0,0.087682051,0.000124656,0,0,0,0,0,deberta_fallback
243,0,0.040707386,0.000063962,0,0,0,0,0,tfidf_direct_benign
244,0,0.068844828,0.000060770,0,0,0,0,0,deberta_fallback
245,0,0.087682051,0.000070306,0,0,0,0,0,deberta_fallback
246,0,0.008750391,0.000064970,0,0,0,0,0,tfidf_direct_benign
247,0,0.063312276,0.000066520,0,0,0,0,0,deberta_fallback
248,0,0.049120197,0.000061858,0,0,0,0,0,tfidf_direct_benign
249,0,0.079644370,0.000061204,0,0,0,0,0,deberta_fallback
250,1,0.992763871,0.999990821,1,1,1,1,1,tfidf_direct_attack
251,1,0.824416832,0.999991059,1,1,1,1,1,deberta_fallback
252,1,0.706396143,0.999991536,1,1,1,1,1,deberta_fallback
253,1,0.924370976,0.999992251,1,1,1,1,1,tfidf_direct_attack
254,1,0.894930644,0.999991536,1,1,1,1,1,deberta_fallback
255,1,0.983915226,0.999992251,1,1,1,1,1,tfidf_direct_attack
256,1,0.881846767,0.999991894,1,1,1,1,1,deberta_fallback
257,1,0.981065339,0.999992013,1,1,1,1,1,tfidf_direct_attack
258,1,0.864509705,0.999992013,1,1,1,1,1,deberta_fallback
259,1,0.964740422,0.999992013,1,1,1,1,1,tfidf_direct_attack
260,1,0.727546793,0.999991536,1,1,1,1,1,deberta_fallback
261,1,0.933465639,0.999991417,1,1,1,1,1,tfidf_direct_attack
262,1,0.819049031,0.999991417,1,1,1,1,1,deberta_fallback
263,1,0.853290271,0.999992013,1,1,1,1,1,deberta_fallback
264,1,0.910478554,0.999992132,1,1,1,1,1,deberta_fallback
265,1,0.952199526,0.999989510,1,1,1,1,1,tfidf_direct_attack
266,1,0.904571525,0.999991775,1,1,1,1,1,deberta_fallback
267,1,0.949030332,0.999991417,1,1,1,1,1,tfidf_direct_attack
268,1,0.890793497,0.999992609,1,1,1,1,1,deberta_fallback
269,1,0.880208003,0.999992251,1,1,1,1,1,deberta_fallback
270,1,0.786401846,0.999991179,1,1,1,1,1,deberta_fallback
271,1,0.355064486,0.999986172,0,1,0,1,1,deberta_fallback
272,1,0.814438941,0.999986529,1,1,1,1,1,deberta_fallback
273,1,0.943584216,0.999991536,1,1,1,1,1,tfidf_direct_attack
274,1,0.958553635,0.999991059,1,1,1,1,1,tfidf_direct_attack
275,1,0.746286212,0.999988556,1,1,1,1,1,deberta_fallback
276,1,0.960627761,0.999991059,1,1,1,1,1,tfidf_direct_attack
277,1,0.955461453,0.999991536,1,1,1,1,1,tfidf_direct_attack
278,1,0.818056290,0.999989033,1,1,1,1,1,deberta_fallback
279,1,0.792363894,0.999990702,1,1,1,1,1,deberta_fallback
280,1,0.910075611,0.999992251,1,1,1,1,1,deberta_fallback
281,1,0.905002394,0.999992251,1,1,1,1,1,deberta_fallback
282,1,0.936070317,0.999991298,1,1,1,1,1,tfidf_direct_attack
283,1,0.959547084,0.999991894,1,1,1,1,1,tfidf_direct_attack
284,1,0.807393460,0.999992013,1,1,1,1,1,deberta_fallback
285,1,0.823014506,0.999992251,1,1,1,1,1,deberta_fallback
286,1,0.866766731,0.999991775,1,1,1,1,1,deberta_fallback
287,1,0.827242673,0.999991298,1,1,1,1,1,deberta_fallback
288,1,0.831102170,0.999991894,1,1,1,1,1,deberta_fallback
289,1,0.819927410,0.999990106,1,1,1,1,1,deberta_fallback
290,1,0.928884761,0.999991775,1,1,1,1,1,tfidf_direct_attack
291,1,0.944425944,0.999992490,1,1,1,1,1,tfidf_direct_attack
292,1,0.862182437,0.999991775,1,1,1,1,1,deberta_fallback
293,1,0.943033109,0.999991655,1,1,1,1,1,tfidf_direct_attack
294,1,0.901694151,0.999992132,1,1,1,1,1,deberta_fallback
295,1,0.738858495,0.999975920,1,1,1,1,1,deberta_fallback
296,1,0.949902234,0.999991417,1,1,1,1,1,tfidf_direct_attack
297,1,0.861469927,0.999992371,1,1,1,1,1,deberta_fallback
298,1,0.950052247,0.999992132,1,1,1,1,1,tfidf_direct_attack
299,1,0.889628595,0.999991536,1,1,1,1,1,deberta_fallback
300,1,0.900013826,0.999991417,1,1,1,1,1,deberta_fallback
301,1,0.858605804,0.999992013,1,1,1,1,1,deberta_fallback
302,1,0.727122783,0.999973536,1,1,1,1,1,deberta_fallback
303,1,0.967696491,0.999992132,1,1,1,1,1,tfidf_direct_attack
304,1,0.967214193,0.999991775,1,1,1,1,1,tfidf_direct_attack
305,1,0.931477615,0.999990463,1,1,1,1,1,tfidf_direct_attack
306,1,0.964205708,0.999992013,1,1,1,1,1,tfidf_direct_attack
307,1,0.710293703,0.999991775,1,1,1,1,1,deberta_fallback
308,1,0.839928469,0.999991059,1,1,1,1,1,deberta_fallback
309,1,0.856209663,0.999992251,1,1,1,1,1,deberta_fallback
310,1,0.715272687,0.999992132,1,1,1,1,1,deberta_fallback
311,1,0.849980230,0.999991655,1,1,1,1,1,deberta_fallback
312,1,0.422662282,0.999728262,0,1,0,1,1,deberta_fallback
313,1,0.808066043,0.999992013,1,1,1,1,1,deberta_fallback
314,1,0.855270620,0.999991536,1,1,1,1,1,deberta_fallback
315,1,0.929019116,0.999991894,1,1,1,1,1,tfidf_direct_attack
316,1,0.911945399,0.999992013,1,1,1,1,1,deberta_fallback
317,1,0.940695551,0.999990582,1,1,1,1,1,tfidf_direct_attack
318,1,0.673056407,0.999990702,1,1,1,1,1,deberta_fallback
319,1,0.909913967,0.999992251,1,1,1,1,1,deberta_fallback
320,1,0.563133238,0.999992490,1,1,0,1,1,deberta_fallback
321,1,0.936463651,0.999992609,1,1,1,1,1,tfidf_direct_attack
322,1,0.966603203,0.999991655,1,1,1,1,1,tfidf_direct_attack
323,1,0.933135646,0.999991417,1,1,1,1,1,tfidf_direct_attack
324,1,0.934758927,0.999992371,1,1,1,1,1,tfidf_direct_attack
325,1,0.639629715,0.999991298,1,1,0,1,1,deberta_fallback
326,1,0.926396378,0.999991775,1,1,1,1,1,tfidf_direct_attack
327,1,0.905014532,0.999992371,1,1,1,1,1,deberta_fallback
328,1,0.770874039,0.999992132,1,1,1,1,1,deberta_fallback
329,1,0.978507031,0.999992609,1,1,1,1,1,tfidf_direct_attack
330,1,0.780396186,0.999992490,1,1,1,1,1,deberta_fallback
331,1,0.977335865,0.999992013,1,1,1,1,1,tfidf_direct_attack
332,1,0.952443516,0.999991298,1,1,1,1,1,tfidf_direct_attack
333,1,0.546862807,0.999992132,1,1,0,1,1,deberta_fallback
334,1,0.747771811,0.999990702,1,1,1,1,1,deberta_fallback
335,1,0.967707933,0.999991775,1,1,1,1,1,tfidf_direct_attack
336,1,0.930506112,0.999991417,1,1,1,1,1,tfidf_direct_attack
337,1,0.976986939,0.999990821,1,1,1,1,1,tfidf_direct_attack
338,1,0.880820953,0.999991894,1,1,1,1,1,deberta_fallback
339,1,0.949709888,0.999990940,1,1,1,1,1,tfidf_direct_attack
340,1,0.894485665,0.999990702,1,1,1,1,1,deberta_fallback
341,1,0.944159559,0.999990702,1,1,1,1,1,tfidf_direct_attack
342,1,0.690038476,0.999990940,1,1,1,1,1,deberta_fallback
343,1,0.899913409,0.999992132,1,1,1,1,1,deberta_fallback
344,1,0.776712612,0.999947190,1,1,1,1,1,deberta_fallback
345,1,0.546759353,0.999991536,1,1,0,1,1,deberta_fallback
346,1,0.988172103,0.999990702,1,1,1,1,1,tfidf_direct_attack
347,1,0.669469808,0.999991894,1,1,1,1,1,deberta_fallback
348,1,0.926014206,0.999991894,1,1,1,1,1,tfidf_direct_attack
349,1,0.969073474,0.999991179,1,1,1,1,1,tfidf_direct_attack
350,1,0.740741184,0.999985337,1,1,1,1,1,deberta_fallback
351,1,0.875053455,0.999990702,1,1,1,1,1,deberta_fallback
352,1,0.899444363,0.999991536,1,1,1,1,1,deberta_fallback
353,1,0.788122909,0.999990821,1,1,1,1,1,deberta_fallback
354,1,0.841065915,0.999991536,1,1,1,1,1,deberta_fallback
355,1,0.977100513,0.999992490,1,1,1,1,1,tfidf_direct_attack
356,1,0.801282572,0.999991775,1,1,1,1,1,deberta_fallback
357,1,0.870957567,0.999990940,1,1,1,1,1,deberta_fallback
358,1,0.952429118,0.999992490,1,1,1,1,1,tfidf_direct_attack
359,1,0.944666462,0.999992371,1,1,1,1,1,tfidf_direct_attack
360,1,0.814615302,0.999990702,1,1,1,1,1,deberta_fallback
361,1,0.823520736,0.999989748,1,1,1,1,1,deberta_fallback
362,1,0.929668066,0.999991179,1,1,1,1,1,tfidf_direct_attack
363,1,0.859007947,0.999992013,1,1,1,1,1,deberta_fallback
364,1,0.839085253,0.999991775,1,1,1,1,1,deberta_fallback
365,1,0.622552246,0.999988079,1,1,0,1,1,deberta_fallback
366,1,0.846855781,0.999992013,1,1,1,1,1,deberta_fallback
367,1,0.799934154,0.999992490,1,1,1,1,1,deberta_fallback
368,1,0.841732410,0.999991179,1,1,1,1,1,deberta_fallback
369,1,0.958243268,0.999990702,1,1,1,1,1,tfidf_direct_attack
370,1,0.896617975,0.999992251,1,1,1,1,1,deberta_fallback
371,1,0.925028523,0.999991417,1,1,1,1,1,tfidf_direct_attack
372,1,0.889809143,0.999991536,1,1,1,1,1,deberta_fallback
373,1,0.936802607,0.999992251,1,1,1,1,1,tfidf_direct_attack
374,1,0.701879162,0.999991894,1,1,1,1,1,deberta_fallback
375,1,0.894341039,0.999990225,1,1,1,1,1,deberta_fallback
376,1,0.886411888,0.999991775,1,1,1,1,1,deberta_fallback
377,1,0.956290068,0.999991775,1,1,1,1,1,tfidf_direct_attack
378,1,0.921476710,0.999992013,1,1,1,1,1,tfidf_direct_attack
379,1,0.947127193,0.999991894,1,1,1,1,1,tfidf_direct_attack
380,1,0.839499995,0.999992251,1,1,1,1,1,deberta_fallback
381,1,0.733021410,0.999992132,1,1,1,1,1,deberta_fallback
382,1,0.863604886,0.999990940,1,1,1,1,1,deberta_fallback
383,1,0.961004292,0.999991536,1,1,1,1,1,tfidf_direct_attack
384,1,0.827262627,0.999991536,1,1,1,1,1,deberta_fallback
385,1,0.944011132,0.999991894,1,1,1,1,1,tfidf_direct_attack
386,1,0.680208915,0.999991775,1,1,1,1,1,deberta_fallback
387,1,0.925492405,0.999990702,1,1,1,1,1,tfidf_direct_attack
388,1,0.747460194,0.999989629,1,1,1,1,1,deberta_fallback
389,1,0.810312125,0.999991536,1,1,1,1,1,deberta_fallback
390,1,0.970883777,0.999991179,1,1,1,1,1,tfidf_direct_attack
391,1,0.982835020,0.999991179,1,1,1,1,1,tfidf_direct_attack
392,1,0.972022700,0.999992490,1,1,1,1,1,tfidf_direct_attack
393,1,0.883900012,0.999991894,1,1,1,1,1,deberta_fallback
394,1,0.900396733,0.999991894,1,1,1,1,1,deberta_fallback
395,1,0.601645610,0.999989510,1,1,0,1,1,deberta_fallback
396,1,0.885180534,0.999991536,1,1,1,1,1,deberta_fallback
397,1,0.937970479,0.999991775,1,1,1,1,1,tfidf_direct_attack
398,1,0.933292830,0.999992013,1,1,1,1,1,tfidf_direct_attack
399,1,0.832887734,0.999992251,1,1,1,1,1,deberta_fallback
400,1,0.572143346,0.999988675,1,1,0,1,1,deberta_fallback
401,1,0.955267246,0.999990463,1,1,1,1,1,tfidf_direct_attack
402,1,0.969358098,0.999991417,1,1,1,1,1,tfidf_direct_attack
403,1,0.757132459,0.999987125,1,1,1,1,1,deberta_fallback
404,1,0.956104981,0.999992251,1,1,1,1,1,tfidf_direct_attack
405,1,0.735052014,0.999990940,1,1,1,1,1,deberta_fallback
406,1,0.950325961,0.999991536,1,1,1,1,1,tfidf_direct_attack
407,1,0.955944849,0.999984980,1,1,1,1,1,tfidf_direct_attack
408,1,0.880861423,0.999992251,1,1,1,1,1,deberta_fallback
409,1,0.764183146,0.999991655,1,1,1,1,1,deberta_fallback
410,1,0.912746138,0.999992251,1,1,1,1,1,deberta_fallback
411,1,0.981787922,0.999991894,1,1,1,1,1,tfidf_direct_attack
412,1,0.696193432,0.999987364,1,1,1,1,1,deberta_fallback
413,1,0.832975024,0.999992013,1,1,1,1,1,deberta_fallback
414,1,0.754013561,0.999991655,1,1,1,1,1,deberta_fallback
415,1,0.946145798,0.999991417,1,1,1,1,1,tfidf_direct_attack
416,1,0.729087068,0.999991059,1,1,1,1,1,deberta_fallback
417,1,0.919466044,0.999992371,1,1,1,1,1,tfidf_direct_attack
418,1,0.867198440,0.999990821,1,1,1,1,1,deberta_fallback
419,1,0.936501823,0.999991298,1,1,1,1,1,tfidf_direct_attack
420,1,0.750892816,0.999990463,1,1,1,1,1,deberta_fallback
421,1,0.980200912,0.999991179,1,1,1,1,1,tfidf_direct_attack
422,1,0.966359457,0.999990821,1,1,1,1,1,tfidf_direct_attack
423,1,0.805164825,0.999991775,1,1,1,1,1,deberta_fallback
424,1,0.809616229,0.999991775,1,1,1,1,1,deberta_fallback
425,1,0.781614582,0.999991775,1,1,1,1,1,deberta_fallback
426,1,0.938362924,0.999992132,1,1,1,1,1,tfidf_direct_attack
427,1,0.667358260,0.999990463,1,1,1,1,1,deberta_fallback
428,1,0.942210700,0.999991775,1,1,1,1,1,tfidf_direct_attack
429,1,0.858359259,0.999989986,1,1,1,1,1,deberta_fallback
430,1,0.894174735,0.999991059,1,1,1,1,1,deberta_fallback
431,1,0.970363025,0.999991179,1,1,1,1,1,tfidf_direct_attack
432,1,0.632387013,0.999991536,1,1,0,1,1,deberta_fallback
433,1,0.801263504,0.999992371,1,1,1,1,1,deberta_fallback
434,1,0.816848784,0.999990225,1,1,1,1,1,deberta_fallback
435,1,0.829646184,0.999991775,1,1,1,1,1,deberta_fallback
436,1,0.870498476,0.999991894,1,1,1,1,1,deberta_fallback
437,1,0.849776230,0.999991179,1,1,1,1,1,deberta_fallback
438,1,0.964921147,0.999991059,1,1,1,1,1,tfidf_direct_attack
439,1,0.778304818,0.999989867,1,1,1,1,1,deberta_fallback
440,1,0.768407154,0.999986053,1,1,1,1,1,deberta_fallback
441,1,0.498511132,0.999986529,0,1,0,1,1,deberta_fallback
442,1,0.889336897,0.999991775,1,1,1,1,1,deberta_fallback
443,1,0.948641428,0.999992013,1,1,1,1,1,tfidf_direct_attack
444,1,0.889570296,0.999992132,1,1,1,1,1,deberta_fallback
445,1,0.606790974,0.999979734,1,1,0,1,1,deberta_fallback
446,1,0.921769161,0.999991536,1,1,1,1,1,tfidf_direct_attack
447,1,0.709408766,0.999992132,1,1,1,1,1,deberta_fallback
448,1,0.942042564,0.999992013,1,1,1,1,1,tfidf_direct_attack
449,1,0.900097376,0.999992013,1,1,1,1,1,deberta_fallback
450,1,0.960017793,0.999991894,1,1,1,1,1,tfidf_direct_attack
451,1,0.914023075,0.999991059,1,1,1,1,1,deberta_fallback
452,1,0.737689070,0.999992013,1,1,1,1,1,deberta_fallback
453,1,0.960734271,0.999990702,1,1,1,1,1,tfidf_direct_attack
454,1,0.808746336,0.999992013,1,1,1,1,1,deberta_fallback
455,1,0.813621186,0.999988914,1,1,1,1,1,deberta_fallback
456,1,0.838889427,0.999991775,1,1,1,1,1,deberta_fallback
457,1,0.919057165,0.999992251,1,1,1,1,1,tfidf_direct_attack
458,1,0.945411576,0.999991775,1,1,1,1,1,tfidf_direct_attack
459,1,0.809418744,0.999984503,1,1,1,1,1,deberta_fallback
460,1,0.854550462,0.999991179,1,1,1,1,1,deberta_fallback
461,1,0.813857784,0.999991536,1,1,1,1,1,deberta_fallback
462,1,0.821883802,0.999992132,1,1,1,1,1,deberta_fallback
463,1,0.797528891,0.999991775,1,1,1,1,1,deberta_fallback
464,1,0.769005844,0.999991536,1,1,1,1,1,deberta_fallback
465,1,0.962900568,0.999991179,1,1,1,1,1,tfidf_direct_attack
466,1,0.913449610,0.999956727,1,1,1,1,1,deberta_fallback
467,1,0.841304024,0.999992251,1,1,1,1,1,deberta_fallback
468,1,0.789160507,0.999991775,1,1,1,1,1,deberta_fallback
469,1,0.935731836,0.999991655,1,1,1,1,1,tfidf_direct_attack
470,1,0.924205334,0.999992013,1,1,1,1,1,tfidf_direct_attack
471,1,0.639390643,0.999991894,1,1,0,1,1,deberta_fallback
472,1,0.929907767,0.999991894,1,1,1,1,1,tfidf_direct_attack
473,1,0.575933740,0.999978423,1,1,0,1,1,deberta_fallback
474,1,0.909387956,0.999991179,1,1,1,1,1,deberta_fallback
475,1,0.535755684,0.999989152,1,1,0,1,1,deberta_fallback
476,1,0.980882925,0.999991775,1,1,1,1,1,tfidf_direct_attack
477,1,0.873078432,0.999991775,1,1,1,1,1,deberta_fallback
478,1,0.976638860,0.999992371,1,1,1,1,1,tfidf_direct_attack
479,1,0.866936052,0.999992251,1,1,1,1,1,deberta_fallback
480,1,0.941400726,0.999992132,1,1,1,1,1,tfidf_direct_attack
481,1,0.650007854,0.999991655,1,1,0,1,1,deberta_fallback
482,1,0.656351234,0.999988437,1,1,1,1,1,deberta_fallback
483,1,0.636955263,0.999984980,1,1,0,1,1,deberta_fallback
484,1,0.967064571,0.999992251,1,1,1,1,1,tfidf_direct_attack
485,1,0.953662678,0.999991536,1,1,1,1,1,tfidf_direct_attack
486,1,0.731719358,0.999881864,1,1,1,1,1,deberta_fallback
487,1,0.986195555,0.999991179,1,1,1,1,1,tfidf_direct_attack
488,1,0.749318580,0.999991417,1,1,1,1,1,deberta_fallback
489,1,0.922455889,0.999992013,1,1,1,1,1,tfidf_direct_attack
490,1,0.876508038,0.999990821,1,1,1,1,1,deberta_fallback
491,1,0.724567750,0.999991894,1,1,1,1,1,deberta_fallback
492,1,0.877317766,0.999991894,1,1,1,1,1,deberta_fallback
493,1,0.598632388,0.999977469,1,1,0,1,1,deberta_fallback
494,1,0.848824431,0.999992251,1,1,1,1,1,deberta_fallback
495,1,0.915941207,0.999991179,1,1,1,1,1,deberta_fallback
496,1,0.916833608,0.999991775,1,1,1,1,1,deberta_fallback
497,1,0.891872538,0.999990821,1,1,1,1,1,deberta_fallback
498,1,0.820141330,0.999992371,1,1,1,1,1,deberta_fallback
499,1,0.907682508,0.999991059,1,1,1,1,1,deberta_fallback
500,0,0.373670272,0.000199501,0,0,0,0,0,deberta_fallback
501,0,0.350794125,0.000209463,0,0,0,0,0,deberta_fallback
502,0,0.430452374,0.000258861,0,0,0,0,0,deberta_fallback
503,0,0.498512093,0.000199143,0,0,0,0,0,deberta_fallback
504,0,0.466300061,0.000189247,0,0,0,0,0,deberta_fallback
505,0,0.183990507,0.000228734,0,0,0,0,0,deberta_fallback
506,0,0.322456214,0.000332703,0,0,0,0,0,deberta_fallback
507,0,0.100112785,0.000248353,0,0,0,0,0,deberta_fallback
508,0,0.263389368,0.000191287,0,0,0,0,0,deberta_fallback
509,0,0.648035382,0.000211480,1,0,0,0,0,deberta_fallback
510,0,0.398709159,0.000291360,0,0,0,0,0,deberta_fallback
511,0,0.302324147,0.000259084,0,0,0,0,0,deberta_fallback
512,0,0.628337748,0.957196832,1,1,0,1,1,deberta_fallback
513,0,0.277551305,0.000270313,0,0,0,0,0,deberta_fallback
514,0,0.335832644,0.000230899,0,0,0,0,0,deberta_fallback
515,0,0.381447366,0.000224557,0,0,0,0,0,deberta_fallback
516,0,0.568490171,0.000332630,1,0,0,0,0,deberta_fallback
517,0,0.137637528,0.000299988,0,0,0,0,0,deberta_fallback
518,0,0.508693604,0.000263395,1,0,0,0,0,deberta_fallback
519,0,0.369493996,0.000315125,0,0,0,0,0,deberta_fallback
520,0,0.570745752,0.000333182,1,0,0,0,0,deberta_fallback
521,0,0.423786311,0.000244227,0,0,0,0,0,deberta_fallback
522,0,0.374081337,0.000212383,0,0,0,0,0,deberta_fallback
523,0,0.392450048,0.000417130,0,0,0,0,0,deberta_fallback
524,0,0.652624315,0.000745128,1,0,0,0,0,deberta_fallback
525,0,0.326529497,0.000294402,0,0,0,0,0,deberta_fallback
526,0,0.402401093,0.000243808,0,0,0,0,0,deberta_fallback
527,0,0.495425163,0.000304601,0,0,0,0,0,deberta_fallback
528,0,0.300043288,0.000278394,0,0,0,0,0,deberta_fallback
529,0,0.305328808,0.000290204,0,0,0,0,0,deberta_fallback
530,0,0.409469121,0.000226921,0,0,0,0,0,deberta_fallback
531,0,0.374563164,0.000259944,0,0,0,0,0,deberta_fallback
532,0,0.482061489,0.000200285,0,0,0,0,0,deberta_fallback
533,0,0.637668510,0.000257019,1,0,0,0,0,deberta_fallback
534,0,0.491949611,0.000264758,0,0,0,0,0,deberta_fallback
535,0,0.238931889,0.000185862,0,0,0,0,0,deberta_fallback
536,0,0.298481578,0.000297249,0,0,0,0,0,deberta_fallback
537,0,0.386483086,0.000226398,0,0,0,0,0,deberta_fallback
538,0,0.491306772,0.000259504,0,0,0,0,0,deberta_fallback
539,0,0.376696921,0.000236782,0,0,0,0,0,deberta_fallback
540,0,0.537023475,0.000224683,1,0,0,0,0,deberta_fallback
541,0,0.581165942,0.000240867,1,0,0,0,0,deberta_fallback
542,0,0.438319237,0.000242896,0,0,0,0,0,deberta_fallback
543,0,0.516412561,0.000236523,1,0,0,0,0,deberta_fallback
544,0,0.525813801,0.000320489,1,0,0,0,0,deberta_fallback
545,0,0.553913305,0.000215589,1,0,0,0,0,deberta_fallback
546,0,0.537569239,0.000427193,1,0,0,0,0,deberta_fallback
547,0,0.733330258,0.000206095,1,0,1,0,0,deberta_fallback
548,0,0.443521028,0.000214294,0,0,0,0,0,deberta_fallback
549,0,0.345430933,0.000192613,0,0,0,0,0,deberta_fallback
550,0,0.310804118,0.000158907,0,0,0,0,0,deberta_fallback
551,0,0.484191538,0.000236526,0,0,0,0,0,deberta_fallback
552,0,0.615981160,0.000228076,1,0,0,0,0,deberta_fallback
553,0,0.218784368,0.000331017,0,0,0,0,0,deberta_fallback
554,0,0.179628057,0.000218798,0,0,0,0,0,deberta_fallback
555,0,0.630648928,0.000196166,1,0,0,0,0,deberta_fallback
556,0,0.612056164,0.000284758,1,0,0,0,0,deberta_fallback
557,0,0.293553757,0.000319333,0,0,0,0,0,deberta_fallback
558,0,0.614786532,0.000175102,1,0,0,0,0,deberta_fallback
559,0,0.664739256,0.001452903,1,0,1,0,0,deberta_fallback
560,0,0.276897896,0.000185452,0,0,0,0,0,deberta_fallback
561,0,0.603786570,0.000252860,1,0,0,0,0,deberta_fallback
562,0,0.664095150,0.000218784,1,0,1,0,0,deberta_fallback
563,0,0.191438624,0.000236357,0,0,0,0,0,deberta_fallback
564,0,0.402652338,0.000225888,0,0,0,0,0,deberta_fallback
565,0,0.437051155,0.000209159,0,0,0,0,0,deberta_fallback
566,0,0.231414139,0.000200378,0,0,0,0,0,deberta_fallback
567,0,0.313565754,0.000254501,0,0,0,0,0,deberta_fallback
568,0,0.287017352,0.000259150,0,0,0,0,0,deberta_fallback
569,0,0.483543190,0.000221997,0,0,0,0,0,deberta_fallback
570,0,0.319153007,0.000174460,0,0,0,0,0,deberta_fallback
571,0,0.526986933,0.000182233,1,0,0,0,0,deberta_fallback
572,0,0.277322299,0.000251060,0,0,0,0,0,deberta_fallback
573,0,0.483662615,0.000325247,0,0,0,0,0,deberta_fallback
574,0,0.308258343,0.000187444,0,0,0,0,0,deberta_fallback
575,0,0.326881494,0.000302052,0,0,0,0,0,deberta_fallback
576,0,0.553632803,0.000271667,1,0,0,0,0,deberta_fallback
577,0,0.805476860,0.000234774,1,0,1,0,0,deberta_fallback
578,0,0.398242954,0.000214062,0,0,0,0,0,deberta_fallback
579,0,0.399912172,0.000237563,0,0,0,0,0,deberta_fallback
580,0,0.294394571,0.000248932,0,0,0,0,0,deberta_fallback
581,0,0.466441178,0.000300188,0,0,0,0,0,deberta_fallback
582,0,0.469908348,0.000360669,0,0,0,0,0,deberta_fallback
583,0,0.387948081,0.000185250,0,0,0,0,0,deberta_fallback
584,0,0.447463763,0.000230964,0,0,0,0,0,deberta_fallback
585,0,0.066068306,0.000285187,0,0,0,0,0,deberta_fallback
586,0,0.425921998,0.000245626,0,0,0,0,0,deberta_fallback
587,0,0.609069664,0.000248840,1,0,0,0,0,deberta_fallback
588,0,0.475463593,0.000375395,0,0,0,0,0,deberta_fallback
589,0,0.711667767,0.000235243,1,0,1,0,0,deberta_fallback
590,0,0.319255888,0.000291648,0,0,0,0,0,deberta_fallback
591,0,0.345000349,0.000225101,0,0,0,0,0,deberta_fallback
592,0,0.461208593,0.000301579,0,0,0,0,0,deberta_fallback
593,0,0.405477745,0.000215058,0,0,0,0,0,deberta_fallback
594,0,0.618557680,0.000227734,1,0,0,0,0,deberta_fallback
595,0,0.443409013,0.000185148,0,0,0,0,0,deberta_fallback
596,0,0.514914598,0.000346774,1,0,0,0,0,deberta_fallback
597,0,0.499109370,0.000249899,0,0,0,0,0,deberta_fallback
598,0,0.478631269,0.000296242,0,0,0,0,0,deberta_fallback
599,0,0.339167464,0.000337508,0,0,0,0,0,deberta_fallback
600,0,0.396778867,0.000344834,0,0,0,0,0,deberta_fallback
601,0,0.327163351,0.000267417,0,0,0,0,0,deberta_fallback
602,0,0.607133336,0.000262893,1,0,0,0,0,deberta_fallback
603,0,0.331668508,0.000251705,0,0,0,0,0,deberta_fallback
604,0,0.244917361,0.000306193,0,0,0,0,0,deberta_fallback
605,0,0.425997940,0.000345122,0,0,0,0,0,deberta_fallback
606,0,0.827503840,0.000175436,1,0,1,0,0,deberta_fallback
607,0,0.350141413,0.085429519,0,0,0,0,0,deberta_fallback
608,0,0.904217954,0.000280424,1,0,1,0,0,deberta_fallback
609,0,0.326402088,0.000242431,0,0,0,0,0,deberta_fallback
610,0,0.432083253,0.000215364,0,0,0,0,0,deberta_fallback
611,0,0.383080191,0.000193916,0,0,0,0,0,deberta_fallback
612,0,0.516403239,0.000396397,1,0,0,0,0,deberta_fallback
613,0,0.617002434,0.000347185,1,0,0,0,0,deberta_fallback
614,0,0.190577924,0.000218763,0,0,0,0,0,deberta_fallback
615,0,0.527222494,0.000211128,1,0,0,0,0,deberta_fallback
616,0,0.326523629,0.000213170,0,0,0,0,0,deberta_fallback
617,0,0.425432867,0.000232719,0,0,0,0,0,deberta_fallback
618,0,0.351198905,0.000194690,0,0,0,0,0,deberta_fallback
619,0,0.428377648,0.000213701,0,0,0,0,0,deberta_fallback
620,0,0.505569336,0.000233439,1,0,0,0,0,deberta_fallback
621,0,0.624889834,0.000178847,1,0,0,0,0,deberta_fallback
622,0,0.403452124,0.000453811,0,0,0,0,0,deberta_fallback
623,0,0.692463418,0.000263675,1,0,1,0,0,deberta_fallback
624,0,0.235801437,0.000397801,0,0,0,0,0,deberta_fallback
625,0,0.602284016,0.000247722,1,0,0,0,0,deberta_fallback
626,0,0.669652253,0.000196653,1,0,1,0,0,deberta_fallback
627,0,0.526834735,0.000560719,1,0,0,0,0,deberta_fallback
628,0,0.603044054,0.000216973,1,0,0,0,0,deberta_fallback
629,0,0.129847918,0.000228307,0,0,0,0,0,deberta_fallback
630,0,0.634901335,0.000199228,1,0,0,0,0,deberta_fallback
631,0,0.501477239,0.000281412,1,0,0,0,0,deberta_fallback
632,0,0.154566742,0.000230695,0,0,0,0,0,deberta_fallback
633,0,0.456654808,0.000251367,0,0,0,0,0,deberta_fallback
634,0,0.426639940,0.000215302,0,0,0,0,0,deberta_fallback
635,0,0.644895320,0.000270882,1,0,0,0,0,deberta_fallback
636,0,0.290250036,0.000187323,0,0,0,0,0,deberta_fallback
637,0,0.297201138,0.000364875,0,0,0,0,0,deberta_fallback
638,0,0.383782879,0.000366206,0,0,0,0,0,deberta_fallback
639,0,0.527594503,0.000296825,1,0,0,0,0,deberta_fallback
640,0,0.462095292,0.000227593,0,0,0,0,0,deberta_fallback
641,0,0.239743148,0.000196092,0,0,0,0,0,deberta_fallback
642,0,0.318138173,0.000286642,0,0,0,0,0,deberta_fallback
643,0,0.210001511,0.000327148,0,0,0,0,0,deberta_fallback
644,0,0.285157985,0.000224032,0,0,0,0,0,deberta_fallback
645,0,0.645191604,0.000256034,1,0,0,0,0,deberta_fallback
646,0,0.592772125,0.000302544,1,0,0,0,0,deberta_fallback
647,0,0.356946653,0.000220187,0,0,0,0,0,deberta_fallback
648,0,0.436395181,0.000269135,0,0,0,0,0,deberta_fallback
649,0,0.469168792,0.000254154,0,0,0,0,0,deberta_fallback
650,0,0.705912200,0.000361979,1,0,1,0,0,deberta_fallback
651,0,0.201065706,0.000364746,0,0,0,0,0,deberta_fallback
652,0,0.737258122,0.000173133,1,0,1,0,0,deberta_fallback
653,0,0.337146473,0.000224040,0,0,0,0,0,deberta_fallback
654,0,0.265213921,0.000572523,0,0,0,0,0,deberta_fallback
655,0,0.286943761,0.000259641,0,0,0,0,0,deberta_fallback
656,0,0.324058736,0.000214355,0,0,0,0,0,deberta_fallback
657,0,0.414002649,0.000832162,0,0,0,0,0,deberta_fallback
658,0,0.548236628,0.000296573,1,0,0,0,0,deberta_fallback
659,0,0.196751066,0.000274382,0,0,0,0,0,deberta_fallback
660,0,0.429003014,0.000225497,0,0,0,0,0,deberta_fallback
661,0,0.359777002,0.000273729,0,0,0,0,0,deberta_fallback
662,0,0.436554768,0.000338735,0,0,0,0,0,deberta_fallback
663,0,0.267957741,0.000365788,0,0,0,0,0,deberta_fallback
664,0,0.184052633,0.000221918,0,0,0,0,0,deberta_fallback
665,0,0.422156040,0.000245691,0,0,0,0,0,deberta_fallback
666,0,0.232120877,0.000183821,0,0,0,0,0,deberta_fallback
667,0,0.268361701,0.000190727,0,0,0,0,0,deberta_fallback
668,0,0.445021364,0.000301805,0,0,0,0,0,deberta_fallback
669,0,0.634547557,0.000251441,1,0,0,0,0,deberta_fallback
670,0,0.383791424,0.000208832,0,0,0,0,0,deberta_fallback
671,0,0.258661675,0.000276872,0,0,0,0,0,deberta_fallback
672,0,0.192092773,0.000214428,0,0,0,0,0,deberta_fallback
673,0,0.176340023,0.000141960,0,0,0,0,0,deberta_fallback
674,0,0.489596407,0.000238409,0,0,0,0,0,deberta_fallback
675,0,0.524317361,0.000188979,1,0,0,0,0,deberta_fallback
676,0,0.440799066,0.000210630,0,0,0,0,0,deberta_fallback
677,0,0.341225463,0.000194848,0,0,0,0,0,deberta_fallback
678,0,0.334150265,0.000218229,0,0,0,0,0,deberta_fallback
679,0,0.605591786,0.000269089,1,0,0,0,0,deberta_fallback
680,0,0.516893830,0.000208332,1,0,0,0,0,deberta_fallback
681,0,0.401218649,0.000200650,0,0,0,0,0,deberta_fallback
682,0,0.306555303,0.000316210,0,0,0,0,0,deberta_fallback
683,0,0.527598924,0.000330510,1,0,0,0,0,deberta_fallback
684,0,0.328757882,0.000200067,0,0,0,0,0,deberta_fallback
685,0,0.293024297,0.000399058,0,0,0,0,0,deberta_fallback
686,0,0.290160090,0.000310054,0,0,0,0,0,deberta_fallback
687,0,0.376181986,0.000246419,0,0,0,0,0,deberta_fallback
688,0,0.453937109,0.000184276,0,0,0,0,0,deberta_fallback
689,0,0.678390016,0.000161225,1,0,1,0,0,deberta_fallback
690,0,0.419151453,0.000218741,0,0,0,0,0,deberta_fallback
691,0,0.544350761,0.000200877,1,0,0,0,0,deberta_fallback
692,0,0.744399654,0.000165450,1,0,1,0,0,deberta_fallback
693,0,0.498032267,0.000223344,0,0,0,0,0,deberta_fallback
694,0,0.303281118,0.000229701,0,0,0,0,0,deberta_fallback
695,0,0.286371896,0.000266084,0,0,0,0,0,deberta_fallback
696,0,0.340323268,0.000251453,0,0,0,0,0,deberta_fallback
697,0,0.248235777,0.930400491,0,1,0,1,1,deberta_fallback
698,0,0.262801999,0.000274327,0,0,0,0,0,deberta_fallback
699,0,0.473200848,0.000268150,0,0,0,0,0,deberta_fallback
700,0,0.580507403,0.000182206,1,0,0,0,0,deberta_fallback
701,0,0.505903348,0.000253672,1,0,0,0,0,deberta_fallback
702,0,0.593555265,0.000275099,1,0,0,0,0,deberta_fallback
703,0,0.430487780,0.000273778,0,0,0,0,0,deberta_fallback
704,0,0.714857662,0.000334586,1,0,1,0,0,deberta_fallback
705,0,0.458778908,0.000282813,0,0,0,0,0,deberta_fallback
706,0,0.691188896,0.000306401,1,0,1,0,0,deberta_fallback
707,0,0.704052931,0.000259578,1,0,1,0,0,deberta_fallback
708,0,0.330839481,0.000215827,0,0,0,0,0,deberta_fallback
709,0,0.568880865,0.000230537,1,0,0,0,0,deberta_fallback
710,0,0.463975538,0.000188260,0,0,0,0,0,deberta_fallback
711,0,0.511417697,0.000269183,1,0,0,0,0,deberta_fallback
712,0,0.291101959,0.000244819,0,0,0,0,0,deberta_fallback
713,0,0.369566650,0.000283042,0,0,0,0,0,deberta_fallback
714,0,0.265630249,0.000552356,0,0,0,0,0,deberta_fallback
715,0,0.632055907,0.000249239,1,0,0,0,0,deberta_fallback
716,0,0.504467862,0.000229996,1,0,0,0,0,deberta_fallback
717,0,0.354982514,0.000251896,0,0,0,0,0,deberta_fallback
718,0,0.413096749,0.000421387,0,0,0,0,0,deberta_fallback
719,0,0.285467915,0.000249510,0,0,0,0,0,deberta_fallback
720,0,0.521125933,0.000231440,1,0,0,0,0,deberta_fallback
721,0,0.295821814,0.000152034,0,0,0,0,0,deberta_fallback
722,0,0.472132337,0.000173168,0,0,0,0,0,deberta_fallback
723,0,0.592204221,0.000223989,1,0,0,0,0,deberta_fallback
724,0,0.123304958,0.000286691,0,0,0,0,0,deberta_fallback
725,0,0.481710445,0.000807905,0,0,0,0,0,deberta_fallback
726,0,0.164200802,0.000226080,0,0,0,0,0,deberta_fallback
727,0,0.322851359,0.000230129,0,0,0,0,0,deberta_fallback
728,0,0.546863710,0.000383305,1,0,0,0,0,deberta_fallback
729,0,0.275265796,0.000218575,0,0,0,0,0,deberta_fallback
730,0,0.496440951,0.000320559,0,0,0,0,0,deberta_fallback
731,0,0.262609815,0.000303083,0,0,0,0,0,deberta_fallback
732,0,0.529155087,0.000227753,1,0,0,0,0,deberta_fallback
733,0,0.401556642,0.000421966,0,0,0,0,0,deberta_fallback
734,0,0.223313744,0.000291366,0,0,0,0,0,deberta_fallback
735,0,0.452754861,0.000229791,0,0,0,0,0,deberta_fallback
736,0,0.498003759,0.000181352,0,0,0,0,0,deberta_fallback
737,0,0.467284724,0.000308234,0,0,0,0,0,deberta_fallback
738,0,0.372822077,0.000256592,0,0,0,0,0,deberta_fallback
739,0,0.281267484,0.000180945,0,0,0,0,0,deberta_fallback
740,0,0.459101471,0.000191574,0,0,0,0,0,deberta_fallback
741,0,0.381180561,0.000275064,0,0,0,0,0,deberta_fallback
742,0,0.452044294,0.000315620,0,0,0,0,0,deberta_fallback
743,0,0.478401110,0.000199869,0,0,0,0,0,deberta_fallback
744,0,0.468825951,0.000216088,0,0,0,0,0,deberta_fallback
745,0,0.359451122,0.000406410,0,0,0,0,0,deberta_fallback
746,0,0.360125339,0.000325764,0,0,0,0,0,deberta_fallback
747,0,0.526265896,0.000238624,1,0,0,0,0,deberta_fallback
748,0,0.306303004,0.000264485,0,0,0,0,0,deberta_fallback
749,0,0.140719672,0.000163431,0,0,0,0,0,deberta_fallback
750,1,0.688338388,0.999990821,1,1,1,1,1,deberta_fallback
751,1,0.947878897,0.999990821,1,1,1,1,1,tfidf_direct_attack
752,1,0.673073595,0.999991417,1,1,1,1,1,deberta_fallback
753,1,0.772490911,0.999990940,1,1,1,1,1,deberta_fallback
754,1,0.708330682,0.999992251,1,1,1,1,1,deberta_fallback
755,1,0.719614725,0.999991655,1,1,1,1,1,deberta_fallback
756,1,0.637230480,0.999991775,1,1,0,1,1,deberta_fallback
757,1,0.743960993,0.999964952,1,1,1,1,1,deberta_fallback
758,1,0.598518917,0.999958038,1,1,0,1,1,deberta_fallback
759,1,0.895846616,0.999991894,1,1,1,1,1,deberta_fallback
760,1,0.909867085,0.999992013,1,1,1,1,1,deberta_fallback
761,1,0.828207846,0.999992251,1,1,1,1,1,deberta_fallback
762,1,0.866187057,0.999991775,1,1,1,1,1,deberta_fallback
763,1,0.804551297,0.999992132,1,1,1,1,1,deberta_fallback
764,1,0.868130661,0.999988198,1,1,1,1,1,deberta_fallback
765,1,0.863404177,0.999992132,1,1,1,1,1,deberta_fallback
766,1,0.598552369,0.999991655,1,1,0,1,1,deberta_fallback
767,1,0.958419470,0.999991655,1,1,1,1,1,tfidf_direct_attack
768,1,0.863179297,0.999992371,1,1,1,1,1,deberta_fallback
769,1,0.777475390,0.999991775,1,1,1,1,1,deberta_fallback
770,1,0.896053741,0.999990940,1,1,1,1,1,deberta_fallback
771,1,0.763542822,0.999992013,1,1,1,1,1,deberta_fallback
772,1,0.833325673,0.999990582,1,1,1,1,1,deberta_fallback
773,1,0.742058354,0.999983072,1,1,1,1,1,deberta_fallback
774,1,0.936049447,0.999958873,1,1,1,1,1,tfidf_direct_attack
775,1,0.893434553,0.999937773,1,1,1,1,1,deberta_fallback
776,1,0.983479167,0.999991059,1,1,1,1,1,tfidf_direct_attack
777,1,0.829735111,0.999991536,1,1,1,1,1,deberta_fallback
778,1,0.952430351,0.999991536,1,1,1,1,1,tfidf_direct_attack
779,1,0.634112997,0.999992371,1,1,0,1,1,deberta_fallback
780,1,0.893899822,0.999991536,1,1,1,1,1,deberta_fallback
781,1,0.876629163,0.999991059,1,1,1,1,1,deberta_fallback
782,1,0.775319317,0.999992132,1,1,1,1,1,deberta_fallback
783,1,0.907392852,0.999991894,1,1,1,1,1,deberta_fallback
784,1,0.961225886,0.999990106,1,1,1,1,1,tfidf_direct_attack
785,1,0.927414152,0.999991894,1,1,1,1,1,tfidf_direct_attack
786,1,0.726355367,0.999990106,1,1,1,1,1,deberta_fallback
787,1,0.882390054,0.999991179,1,1,1,1,1,deberta_fallback
788,1,0.890142793,0.999992251,1,1,1,1,1,deberta_fallback
789,1,0.688778554,0.999991894,1,1,1,1,1,deberta_fallback
790,1,0.793925439,0.999991655,1,1,1,1,1,deberta_fallback
791,1,0.899431947,0.999992371,1,1,1,1,1,deberta_fallback
792,1,0.872533403,0.999990940,1,1,1,1,1,deberta_fallback
793,1,0.729769302,0.999991298,1,1,1,1,1,deberta_fallback
794,1,0.774639360,0.999991417,1,1,1,1,1,deberta_fallback
795,1,0.795017005,0.999981880,1,1,1,1,1,deberta_fallback
796,1,0.883959184,0.999981403,1,1,1,1,1,deberta_fallback
797,1,0.909318683,0.999966860,1,1,1,1,1,deberta_fallback
798,1,0.594631262,0.999983788,1,1,0,1,1,deberta_fallback
799,1,0.898278158,0.999980330,1,1,1,1,1,deberta_fallback
800,1,0.637951148,0.999983668,1,1,0,1,1,deberta_fallback
801,1,0.832261351,0.999992132,1,1,1,1,1,deberta_fallback
802,1,0.542853479,0.999992251,1,1,0,1,1,deberta_fallback
803,1,0.895542409,0.999991417,1,1,1,1,1,deberta_fallback
804,1,0.814475035,0.999989629,1,1,1,1,1,deberta_fallback
805,1,0.912910745,0.999991536,1,1,1,1,1,deberta_fallback
806,1,0.698352063,0.999991775,1,1,1,1,1,deberta_fallback
807,1,0.596332446,0.999990582,1,1,0,1,1,deberta_fallback
808,1,0.814818223,0.999990344,1,1,1,1,1,deberta_fallback
809,1,0.881715947,0.999991894,1,1,1,1,1,deberta_fallback
810,1,0.601356016,0.999989510,1,1,0,1,1,deberta_fallback
811,1,0.810876311,0.999991059,1,1,1,1,1,deberta_fallback
812,1,0.587622560,0.999990582,1,1,0,1,1,deberta_fallback
813,1,0.957102029,0.999991059,1,1,1,1,1,tfidf_direct_attack
814,1,0.835611991,0.999991179,1,1,1,1,1,deberta_fallback
815,1,0.795714243,0.999992013,1,1,1,1,1,deberta_fallback
816,1,0.925759032,0.999991536,1,1,1,1,1,tfidf_direct_attack
817,1,0.744485602,0.999982834,1,1,1,1,1,deberta_fallback
818,1,0.551004884,0.999990940,1,1,0,1,1,deberta_fallback
819,1,0.532264483,0.999990821,1,1,0,1,1,deberta_fallback
820,1,0.895455715,0.999991655,1,1,1,1,1,deberta_fallback
821,1,0.547056161,0.999868512,1,1,0,1,1,deberta_fallback
822,1,0.455437580,0.999991655,0,1,0,1,1,deberta_fallback
823,1,0.959267763,0.999992132,1,1,1,1,1,tfidf_direct_attack
824,1,0.631624439,0.999972701,1,1,0,1,1,deberta_fallback
825,1,0.572269082,0.999992132,1,1,0,1,1,deberta_fallback
826,1,0.906309201,0.999972224,1,1,1,1,1,deberta_fallback
827,1,0.780189552,0.999992371,1,1,1,1,1,deberta_fallback
828,1,0.856916294,0.999991894,1,1,1,1,1,deberta_fallback
829,1,0.724466556,0.999992251,1,1,1,1,1,deberta_fallback
830,1,0.569149890,0.999958277,1,1,0,1,1,deberta_fallback
831,1,0.371948831,0.999912381,0,1,0,1,1,deberta_fallback
832,1,0.917384571,0.999992013,1,1,1,1,1,deberta_fallback
833,1,0.716049074,0.999990106,1,1,1,1,1,deberta_fallback
834,1,0.800745809,0.999991059,1,1,1,1,1,deberta_fallback
835,1,0.857128931,0.999991417,1,1,1,1,1,deberta_fallback
836,1,0.720503619,0.999989867,1,1,1,1,1,deberta_fallback
837,1,0.929873781,0.999991417,1,1,1,1,1,tfidf_direct_attack
838,1,0.792639053,0.999987364,1,1,1,1,1,deberta_fallback
839,1,0.755659533,0.999991417,1,1,1,1,1,deberta_fallback
840,1,0.878409620,0.999989390,1,1,1,1,1,deberta_fallback
841,1,0.935678970,0.999992013,1,1,1,1,1,tfidf_direct_attack
842,1,0.787701953,0.999986768,1,1,1,1,1,deberta_fallback
843,1,0.894311027,0.999979377,1,1,1,1,1,deberta_fallback
844,1,0.525747705,0.999991298,1,1,0,1,1,deberta_fallback
845,1,0.895994832,0.999889374,1,1,1,1,1,deberta_fallback
846,1,0.763660126,0.999991655,1,1,1,1,1,deberta_fallback
847,1,0.877945726,0.999991894,1,1,1,1,1,deberta_fallback
848,1,0.758165807,0.999991536,1,1,1,1,1,deberta_fallback
849,1,0.852927384,0.999991894,1,1,1,1,1,deberta_fallback
850,1,0.854459326,0.999992490,1,1,1,1,1,deberta_fallback
851,1,0.939440698,0.999990702,1,1,1,1,1,tfidf_direct_attack
852,1,0.792836752,0.999991417,1,1,1,1,1,deberta_fallback
853,1,0.696479540,0.999991536,1,1,1,1,1,deberta_fallback
854,1,0.914787747,0.999991775,1,1,1,1,1,deberta_fallback
855,1,0.927468602,0.999991775,1,1,1,1,1,tfidf_direct_attack
856,1,0.964109181,0.999991775,1,1,1,1,1,tfidf_direct_attack
857,1,0.596059409,0.999938965,1,1,0,1,1,deberta_fallback
858,1,0.839994522,0.999990463,1,1,1,1,1,deberta_fallback
859,1,0.849553305,0.999991775,1,1,1,1,1,deberta_fallback
860,1,0.484096373,0.999990940,0,1,0,1,1,deberta_fallback
861,1,0.823348839,0.999992013,1,1,1,1,1,deberta_fallback
862,1,0.848507308,0.999987721,1,1,1,1,1,deberta_fallback
863,1,0.933286085,0.999991179,1,1,1,1,1,tfidf_direct_attack
864,1,0.848435312,0.999991775,1,1,1,1,1,deberta_fallback
865,1,0.693599049,0.999972939,1,1,1,1,1,deberta_fallback
866,1,0.850666537,0.999992132,1,1,1,1,1,deberta_fallback
867,1,0.761494155,0.999969125,1,1,1,1,1,deberta_fallback
868,1,0.635087593,0.999992251,1,1,0,1,1,deberta_fallback
869,1,0.967475338,0.999990821,1,1,1,1,1,tfidf_direct_attack
870,1,0.838569370,0.999991894,1,1,1,1,1,deberta_fallback
871,1,0.930695514,0.999992013,1,1,1,1,1,tfidf_direct_attack
872,1,0.752973088,0.999989033,1,1,1,1,1,deberta_fallback
873,1,0.740065441,0.999992013,1,1,1,1,1,deberta_fallback
874,1,0.661192182,0.999991059,1,1,1,1,1,deberta_fallback
875,1,0.618638947,0.999988556,1,1,0,1,1,deberta_fallback
876,1,0.405686208,0.999974489,0,1,0,1,1,deberta_fallback
877,1,0.817596339,0.999992132,1,1,1,1,1,deberta_fallback
878,1,0.754241506,0.999977589,1,1,1,1,1,deberta_fallback
879,1,0.754150007,0.999991059,1,1,1,1,1,deberta_fallback
880,1,0.785071227,0.999992371,1,1,1,1,1,deberta_fallback
881,1,0.854537830,0.999991179,1,1,1,1,1,deberta_fallback
882,1,0.871799268,0.999990582,1,1,1,1,1,deberta_fallback
883,1,0.820871806,0.999987364,1,1,1,1,1,deberta_fallback
884,1,0.770909883,0.999991417,1,1,1,1,1,deberta_fallback
885,1,0.958224068,0.999991655,1,1,1,1,1,tfidf_direct_attack
886,1,0.837667830,0.999991179,1,1,1,1,1,deberta_fallback
887,1,0.840182304,0.999987721,1,1,1,1,1,deberta_fallback
888,1,0.955278638,0.999991775,1,1,1,1,1,tfidf_direct_attack
889,1,0.533529793,0.999977112,1,1,0,1,1,deberta_fallback
890,1,0.827911406,0.999990821,1,1,1,1,1,deberta_fallback
891,1,0.913089039,0.999987841,1,1,1,1,1,deberta_fallback
892,1,0.964334881,0.999991179,1,1,1,1,1,tfidf_direct_attack
893,1,0.920227743,0.999982119,1,1,1,1,1,tfidf_direct_attack
894,1,0.769761995,0.999983549,1,1,1,1,1,deberta_fallback
895,1,0.925657928,0.999991894,1,1,1,1,1,tfidf_direct_attack
896,1,0.843107361,0.999991775,1,1,1,1,1,deberta_fallback
897,1,0.848793420,0.999985933,1,1,1,1,1,deberta_fallback
898,1,0.820417119,0.999991179,1,1,1,1,1,deberta_fallback
899,1,0.712954271,0.999992490,1,1,1,1,1,deberta_fallback
900,1,0.796514690,0.999990582,1,1,1,1,1,deberta_fallback
901,1,0.772240317,0.999991298,1,1,1,1,1,deberta_fallback
902,1,0.807800168,0.999990702,1,1,1,1,1,deberta_fallback
903,1,0.648045756,0.999991536,1,1,0,1,1,deberta_fallback
904,1,0.885416776,0.999990940,1,1,1,1,1,deberta_fallback
905,1,0.853740790,0.999992013,1,1,1,1,1,deberta_fallback
906,1,0.384903602,0.999992132,0,1,0,1,1,deberta_fallback
907,1,0.776591922,0.999991775,1,1,1,1,1,deberta_fallback
908,1,0.587500999,0.999990821,1,1,0,1,1,deberta_fallback
909,1,0.618531895,0.999991059,1,1,0,1,1,deberta_fallback
910,1,0.849134918,0.999991179,1,1,1,1,1,deberta_fallback
911,1,0.820382609,0.999992251,1,1,1,1,1,deberta_fallback
912,1,0.902373751,0.999992013,1,1,1,1,1,deberta_fallback
913,1,0.891086730,0.999990344,1,1,1,1,1,deberta_fallback
914,1,0.789183617,0.999991059,1,1,1,1,1,deberta_fallback
915,1,0.947880812,0.999973416,1,1,1,1,1,tfidf_direct_attack
916,1,0.918877750,0.999992013,1,1,1,1,1,tfidf_direct_attack
917,1,0.859105562,0.999985576,1,1,1,1,1,deberta_fallback
918,1,0.860782122,0.999991775,1,1,1,1,1,deberta_fallback
919,1,0.715435145,0.999992132,1,1,1,1,1,deberta_fallback
920,1,0.874317437,0.999990702,1,1,1,1,1,deberta_fallback
921,1,0.901259812,0.999990940,1,1,1,1,1,deberta_fallback
922,1,0.604863107,0.999991417,1,1,0,1,1,deberta_fallback
923,1,0.853221354,0.999989629,1,1,1,1,1,deberta_fallback
924,1,0.932493970,0.999989271,1,1,1,1,1,tfidf_direct_attack
925,1,0.740902949,0.999990225,1,1,1,1,1,deberta_fallback
926,1,0.798971606,0.999991417,1,1,1,1,1,deberta_fallback
927,1,0.944783931,0.999990821,1,1,1,1,1,tfidf_direct_attack
928,1,0.825318394,0.999991536,1,1,1,1,1,deberta_fallback
929,1,0.939169474,0.999992132,1,1,1,1,1,tfidf_direct_attack
930,1,0.844058436,0.999992013,1,1,1,1,1,deberta_fallback
931,1,0.873629586,0.999989510,1,1,1,1,1,deberta_fallback
932,1,0.689446136,0.999990702,1,1,1,1,1,deberta_fallback
933,1,0.940772377,0.999991775,1,1,1,1,1,tfidf_direct_attack
934,1,0.959365225,0.999992251,1,1,1,1,1,tfidf_direct_attack
935,1,0.802289582,0.999992251,1,1,1,1,1,deberta_fallback
936,1,0.741282969,0.999985099,1,1,1,1,1,deberta_fallback
937,1,0.664547919,0.999979615,1,1,1,1,1,deberta_fallback
938,1,0.909972785,0.999991655,1,1,1,1,1,deberta_fallback
939,1,0.717157199,0.999987960,1,1,1,1,1,deberta_fallback
940,1,0.693922464,0.999986291,1,1,1,1,1,deberta_fallback
941,1,0.663029411,0.999991894,1,1,1,1,1,deberta_fallback
942,1,0.494840576,0.999989152,0,1,0,1,1,deberta_fallback
943,1,0.496473889,0.999991775,0,1,0,1,1,deberta_fallback
944,1,0.624457593,0.999969721,1,1,0,1,1,deberta_fallback
945,1,0.763562289,0.999991179,1,1,1,1,1,deberta_fallback
946,1,0.620272006,0.999990225,1,1,0,1,1,deberta_fallback
947,1,0.875912658,0.999962687,1,1,1,1,1,deberta_fallback
948,1,0.799994520,0.999963522,1,1,1,1,1,deberta_fallback
949,1,0.945328911,0.999990344,1,1,1,1,1,tfidf_direct_attack
950,1,0.780333920,0.999991775,1,1,1,1,1,deberta_fallback
951,1,0.659629356,0.999991894,1,1,1,1,1,deberta_fallback
952,1,0.812150011,0.999990463,1,1,1,1,1,deberta_fallback
953,1,0.921850501,0.999991655,1,1,1,1,1,tfidf_direct_attack
954,1,0.818486724,0.999992013,1,1,1,1,1,deberta_fallback
955,1,0.892684782,0.999991775,1,1,1,1,1,deberta_fallback
956,1,0.910556203,0.999991655,1,1,1,1,1,deberta_fallback
957,1,0.842024748,0.999990940,1,1,1,1,1,deberta_fallback
958,1,0.913791857,0.999991775,1,1,1,1,1,deberta_fallback
959,1,0.791688961,0.999983549,1,1,1,1,1,deberta_fallback
960,1,0.690563905,0.999976397,1,1,1,1,1,deberta_fallback
961,1,0.748952516,0.999990702,1,1,1,1,1,deberta_fallback
962,1,0.943437131,0.999992013,1,1,1,1,1,tfidf_direct_attack
963,1,0.795323552,0.999991536,1,1,1,1,1,deberta_fallback
964,1,0.797726834,0.999991775,1,1,1,1,1,deberta_fallback
965,1,0.942965807,0.999991179,1,1,1,1,1,tfidf_direct_attack
966,1,0.905560823,0.999992013,1,1,1,1,1,deberta_fallback
967,1,0.812488519,0.999991655,1,1,1,1,1,deberta_fallback
968,1,0.654791118,0.999981284,1,1,1,1,1,deberta_fallback
969,1,0.532495970,0.999990702,1,1,0,1,1,deberta_fallback
970,1,0.868489390,0.999992251,1,1,1,1,1,deberta_fallback
971,1,0.887951707,0.999991894,1,1,1,1,1,deberta_fallback
972,1,0.624677753,0.999936581,1,1,0,1,1,deberta_fallback
973,1,0.761054603,0.999986410,1,1,1,1,1,deberta_fallback
974,1,0.720752745,0.999990344,1,1,1,1,1,deberta_fallback
975,1,0.843331902,0.999969363,1,1,1,1,1,deberta_fallback
976,1,0.905604632,0.999991894,1,1,1,1,1,deberta_fallback
977,1,0.736359308,0.999984622,1,1,1,1,1,deberta_fallback
978,1,0.695982536,0.999991655,1,1,1,1,1,deberta_fallback
979,1,0.589137012,0.999902606,1,1,0,1,1,deberta_fallback
980,1,0.671872673,0.999984860,1,1,1,1,1,deberta_fallback
981,1,0.917690520,0.999991655,1,1,1,1,1,tfidf_direct_attack
982,1,0.659940596,0.999799550,1,1,1,1,1,deberta_fallback
983,1,0.901844825,0.999904871,1,1,1,1,1,deberta_fallback
984,1,0.718034123,0.999991536,1,1,1,1,1,deberta_fallback
985,1,0.882516207,0.999991536,1,1,1,1,1,deberta_fallback
986,1,0.774262691,0.999982953,1,1,1,1,1,deberta_fallback
987,1,0.803118833,0.999991059,1,1,1,1,1,deberta_fallback
988,1,0.844256883,0.999991894,1,1,1,1,1,deberta_fallback
989,1,0.790317013,0.999758661,1,1,1,1,1,deberta_fallback
990,1,0.801318107,0.999989986,1,1,1,1,1,deberta_fallback
991,1,0.730897865,0.999989867,1,1,1,1,1,deberta_fallback
992,1,0.746909057,0.999920011,1,1,1,1,1,deberta_fallback
993,1,0.837027346,0.999989390,1,1,1,1,1,deberta_fallback
994,1,0.773494381,0.999992013,1,1,1,1,1,deberta_fallback
995,1,0.848232058,0.999992132,1,1,1,1,1,deberta_fallback
996,1,0.812744688,0.999992013,1,1,1,1,1,deberta_fallback
997,1,0.766733869,0.999991298,1,1,1,1,1,deberta_fallback
998,1,0.897221485,0.999992251,1,1,1,1,1,deberta_fallback
999,1,0.292368347,0.999987125,0,1,0,1,1,deberta_fallback
1000,0,0.295537763,0.000058538,0,0,0,0,0,deberta_fallback
1001,0,0.088604531,0.000073350,0,0,0,0,0,deberta_fallback
1002,0,0.196007428,0.000066490,0,0,0,0,0,deberta_fallback
1003,0,0.035176071,0.000075098,0,0,0,0,0,tfidf_direct_benign
1004,0,0.085234846,0.000082242,0,0,0,0,0,deberta_fallback
1005,0,0.121311203,0.000116480,0,0,0,0,0,deberta_fallback
1006,0,0.157407551,0.000058787,0,0,0,0,0,deberta_fallback
1007,0,0.207623293,0.000062862,0,0,0,0,0,deberta_fallback
1008,0,0.047589334,0.000070269,0,0,0,0,0,tfidf_direct_benign
1009,0,0.105790544,0.000060872,0,0,0,0,0,deberta_fallback
1010,0,0.041810343,0.000060155,0,0,0,0,0,tfidf_direct_benign
1011,0,0.056543745,0.000061168,0,0,0,0,0,deberta_fallback
1012,0,0.035620775,0.000063252,0,0,0,0,0,tfidf_direct_benign
1013,0,0.117473444,0.000071277,0,0,0,0,0,deberta_fallback
1014,0,0.051988268,0.000055887,0,0,0,0,0,deberta_fallback
1015,0,0.100359873,0.000059942,0,0,0,0,0,deberta_fallback
1016,0,0.037052827,0.000063530,0,0,0,0,0,tfidf_direct_benign
1017,0,0.048834112,0.000069410,0,0,0,0,0,tfidf_direct_benign
1018,0,0.089790222,0.000071603,0,0,0,0,0,deberta_fallback
1019,0,0.077733900,0.000056704,0,0,0,0,0,deberta_fallback
1020,0,0.023830469,0.000065108,0,0,0,0,0,tfidf_direct_benign
1021,0,0.178028585,0.000099078,0,0,0,0,0,deberta_fallback
1022,0,0.041905609,0.000054295,0,0,0,0,0,tfidf_direct_benign
1023,0,0.043175533,0.000058168,0,0,0,0,0,tfidf_direct_benign
1024,0,0.211182195,0.000069360,0,0,0,0,0,deberta_fallback
1025,0,0.135311795,0.000059035,0,0,0,0,0,deberta_fallback
1026,0,0.063781632,0.000068184,0,0,0,0,0,deberta_fallback
1027,0,0.096873782,0.000059186,0,0,0,0,0,deberta_fallback
1028,0,0.150696155,0.000063114,0,0,0,0,0,deberta_fallback
1029,0,0.056102856,0.000185970,0,0,0,0,0,deberta_fallback
1030,0,0.072145990,0.000061351,0,0,0,0,0,deberta_fallback
1031,0,0.268705386,0.000078820,0,0,0,0,0,deberta_fallback
1032,0,0.135122550,0.000233093,0,0,0,0,0,deberta_fallback
1033,0,0.578593927,0.000337477,1,0,0,0,0,deberta_fallback
1034,0,0.055257798,0.000057576,0,0,0,0,0,deberta_fallback
1035,0,0.035738666,0.000060087,0,0,0,0,0,tfidf_direct_benign
1036,0,0.014324272,0.000055211,0,0,0,0,0,tfidf_direct_benign
1037,0,0.334282848,0.737877488,0,1,0,0,0,deberta_fallback
1038,0,0.151628271,0.000059451,0,0,0,0,0,deberta_fallback
1039,0,0.051812952,0.000062127,0,0,0,0,0,deberta_fallback
1040,0,0.159442049,0.000081547,0,0,0,0,0,deberta_fallback
1041,0,0.166824359,0.736256897,0,1,0,0,0,deberta_fallback
1042,0,0.057981734,0.000065514,0,0,0,0,0,deberta_fallback
1043,0,0.067131180,0.000057586,0,0,0,0,0,deberta_fallback
1044,0,0.319560177,0.000066215,0,0,0,0,0,deberta_fallback
1045,0,0.138432573,0.000061784,0,0,0,0,0,deberta_fallback
1046,0,0.112132167,0.000062706,0,0,0,0,0,deberta_fallback
1047,0,0.084769280,0.000176079,0,0,0,0,0,deberta_fallback
1048,0,0.025352057,0.000055453,0,0,0,0,0,tfidf_direct_benign
1049,0,0.047102210,0.000057629,0,0,0,0,0,tfidf_direct_benign
1050,0,0.050272439,0.000064097,0,0,0,0,0,deberta_fallback
1051,0,0.114237808,0.000078302,0,0,0,0,0,deberta_fallback
1052,0,0.044634084,0.000061887,0,0,0,0,0,tfidf_direct_benign
1053,0,0.057299446,0.000073309,0,0,0,0,0,deberta_fallback
1054,0,0.124250052,0.000056391,0,0,0,0,0,deberta_fallback
1055,0,0.066937419,0.000058245,0,0,0,0,0,deberta_fallback
1056,0,0.202710799,0.000060423,0,0,0,0,0,deberta_fallback
1057,0,0.034867015,0.000067618,0,0,0,0,0,tfidf_direct_benign
1058,0,0.242647635,0.000061104,0,0,0,0,0,deberta_fallback
1059,0,0.019166995,0.000061162,0,0,0,0,0,tfidf_direct_benign
1060,0,0.060021212,0.000066690,0,0,0,0,0,deberta_fallback
1061,0,0.143599205,0.000060667,0,0,0,0,0,deberta_fallback
1062,0,0.061486828,0.000059615,0,0,0,0,0,deberta_fallback
1063,0,0.054262733,0.000065611,0,0,0,0,0,deberta_fallback
1064,0,0.067277382,0.000066162,0,0,0,0,0,deberta_fallback
1065,0,0.028404637,0.000061787,0,0,0,0,0,tfidf_direct_benign
1066,0,0.124997651,0.000079470,0,0,0,0,0,deberta_fallback
1067,0,0.064339681,0.000057230,0,0,0,0,0,deberta_fallback
1068,0,0.190842514,0.966441870,0,1,0,1,1,deberta_fallback
1069,0,0.048146461,0.000164626,0,0,0,0,0,tfidf_direct_benign
1070,0,0.174312367,0.000070308,0,0,0,0,0,deberta_fallback
1071,0,0.053352257,0.000062026,0,0,0,0,0,deberta_fallback
1072,0,0.155008172,0.000116522,0,0,0,0,0,deberta_fallback
1073,0,0.081824714,0.000102222,0,0,0,0,0,deberta_fallback
1074,0,0.157098882,0.000064692,0,0,0,0,0,deberta_fallback
1075,0,0.406006865,0.000090874,0,0,0,0,0,deberta_fallback
1076,0,0.053651443,0.000059212,0,0,0,0,0,deberta_fallback
1077,0,0.108196504,0.000092920,0,0,0,0,0,deberta_fallback
1078,0,0.119779039,0.000072542,0,0,0,0,0,deberta_fallback
1079,0,0.061570511,0.000066977,0,0,0,0,0,deberta_fallback
1080,0,0.054842149,0.000056631,0,0,0,0,0,deberta_fallback
1081,0,0.018534604,0.000061549,0,0,0,0,0,tfidf_direct_benign
1082,0,0.541456750,0.000085493,1,0,0,0,0,deberta_fallback
1083,0,0.294966645,0.999923587,0,1,0,1,1,deberta_fallback
1084,0,0.054895767,0.000054916,0,0,0,0,0,deberta_fallback
1085,0,0.115769234,0.000063958,0,0,0,0,0,deberta_fallback
1086,0,0.085877034,0.000082434,0,0,0,0,0,deberta_fallback
1087,0,0.096755723,0.000063266,0,0,0,0,0,deberta_fallback
1088,0,0.136649194,0.000068510,0,0,0,0,0,deberta_fallback
1089,0,0.313495165,0.000074472,0,0,0,0,0,deberta_fallback
1090,0,0.033505688,0.000068702,0,0,0,0,0,tfidf_direct_benign
1091,0,0.085892563,0.000101125,0,0,0,0,0,deberta_fallback
1092,0,0.028339980,0.000061911,0,0,0,0,0,tfidf_direct_benign
1093,0,0.076262091,0.000058700,0,0,0,0,0,deberta_fallback
1094,0,0.066617541,0.000059352,0,0,0,0,0,deberta_fallback
1095,0,0.075244124,0.000062945,0,0,0,0,0,deberta_fallback
1096,0,0.096692380,0.000063359,0,0,0,0,0,deberta_fallback
1097,0,0.030700751,0.000057723,0,0,0,0,0,tfidf_direct_benign
1098,0,0.122822746,0.000066832,0,0,0,0,0,deberta_fallback
1099,0,0.229193673,0.000067267,0,0,0,0,0,deberta_fallback
1100,0,0.069122158,0.000090478,0,0,0,0,0,deberta_fallback
1101,0,0.112325196,0.000057407,0,0,0,0,0,deberta_fallback
1102,0,0.156067081,0.000065347,0,0,0,0,0,deberta_fallback
1103,0,0.213260679,0.000098438,0,0,0,0,0,deberta_fallback
1104,0,0.042451928,0.000072429,0,0,0,0,0,tfidf_direct_benign
1105,0,0.242545457,0.999576986,0,1,0,1,1,deberta_fallback
1106,0,0.228938647,0.000081001,0,0,0,0,0,deberta_fallback
1107,0,0.078587058,0.000066087,0,0,0,0,0,deberta_fallback
1108,0,0.022700671,0.000064539,0,0,0,0,0,tfidf_direct_benign
1109,0,0.313234265,0.000080210,0,0,0,0,0,deberta_fallback
1110,0,0.067584584,0.000072279,0,0,0,0,0,deberta_fallback
1111,0,0.090351503,0.000057542,0,0,0,0,0,deberta_fallback
1112,0,0.203430050,0.000066241,0,0,0,0,0,deberta_fallback
1113,0,0.371948417,0.000065859,0,0,0,0,0,deberta_fallback
1114,0,0.103056737,0.000061983,0,0,0,0,0,deberta_fallback
1115,0,0.120931766,0.000356948,0,0,0,0,0,deberta_fallback
1116,0,0.096449411,0.000075928,0,0,0,0,0,deberta_fallback
1117,0,0.199816372,0.000059853,0,0,0,0,0,deberta_fallback
1118,0,0.274344849,0.999884367,0,1,0,1,1,deberta_fallback
1119,0,0.119542117,0.000071638,0,0,0,0,0,deberta_fallback
1120,0,0.025594294,0.000053762,0,0,0,0,0,tfidf_direct_benign
1121,0,0.083403075,0.000058670,0,0,0,0,0,deberta_fallback
1122,0,0.110017084,0.000063008,0,0,0,0,0,deberta_fallback
1123,0,0.038061820,0.000056814,0,0,0,0,0,tfidf_direct_benign
1124,0,0.091252308,0.000115756,0,0,0,0,0,deberta_fallback
1125,0,0.018429987,0.000054599,0,0,0,0,0,tfidf_direct_benign
1126,0,0.022740483,0.000065956,0,0,0,0,0,tfidf_direct_benign
1127,0,0.031921656,0.000066664,0,0,0,0,0,tfidf_direct_benign
1128,0,0.167211756,0.000066858,0,0,0,0,0,deberta_fallback
1129,0,0.040797716,0.000058164,0,0,0,0,0,tfidf_direct_benign
1130,0,0.074481916,0.000068513,0,0,0,0,0,deberta_fallback
1131,0,0.037283991,0.000066247,0,0,0,0,0,tfidf_direct_benign
1132,0,0.017231070,0.000057065,0,0,0,0,0,tfidf_direct_benign
1133,0,0.131090567,0.000067393,0,0,0,0,0,deberta_fallback
1134,0,0.034827606,0.000056300,0,0,0,0,0,tfidf_direct_benign
1135,0,0.087268676,0.001111513,0,0,0,0,0,deberta_fallback
1136,0,0.526656746,0.021721462,1,0,0,0,0,deberta_fallback
1137,0,0.218577743,0.000063691,0,0,0,0,0,deberta_fallback
1138,0,0.139130846,0.000067681,0,0,0,0,0,deberta_fallback
1139,0,0.033325640,0.000058358,0,0,0,0,0,tfidf_direct_benign
1140,0,0.056956398,0.000065213,0,0,0,0,0,deberta_fallback
1141,0,0.030680825,0.000073587,0,0,0,0,0,tfidf_direct_benign
1142,0,0.082252691,0.000071727,0,0,0,0,0,deberta_fallback
1143,0,0.218025178,0.000070575,0,0,0,0,0,deberta_fallback
1144,0,0.084145074,0.000058833,0,0,0,0,0,deberta_fallback
1145,0,0.083695704,0.000057458,0,0,0,0,0,deberta_fallback
1146,0,0.048811465,0.000065842,0,0,0,0,0,tfidf_direct_benign
1147,0,0.070513225,0.000065551,0,0,0,0,0,deberta_fallback
1148,0,0.033904191,0.000085716,0,0,0,0,0,tfidf_direct_benign
1149,0,0.127758073,0.000064567,0,0,0,0,0,deberta_fallback
1150,0,0.063602069,0.000068450,0,0,0,0,0,deberta_fallback
1151,0,0.048740983,0.000056321,0,0,0,0,0,tfidf_direct_benign
1152,0,0.216981702,0.000068852,0,0,0,0,0,deberta_fallback
1153,0,0.061774726,0.000060142,0,0,0,0,0,deberta_fallback
1154,0,0.102133211,0.000061779,0,0,0,0,0,deberta_fallback
1155,0,0.209085622,0.000074596,0,0,0,0,0,deberta_fallback
1156,0,0.146439658,0.000080832,0,0,0,0,0,deberta_fallback
1157,0,0.057925691,0.000056783,0,0,0,0,0,deberta_fallback
1158,0,0.215751816,0.000059368,0,0,0,0,0,deberta_fallback
1159,0,0.084458848,0.000065484,0,0,0,0,0,deberta_fallback
1160,0,0.359825762,0.000247796,0,0,0,0,0,deberta_fallback
1161,0,0.104674400,0.000073936,0,0,0,0,0,deberta_fallback
1162,0,0.081570433,0.000064277,0,0,0,0,0,deberta_fallback
1163,0,0.084811873,0.000080091,0,0,0,0,0,deberta_fallback
1164,0,0.113743126,0.000058798,0,0,0,0,0,deberta_fallback
1165,0,0.224915248,0.000069189,0,0,0,0,0,deberta_fallback
1166,0,0.146427620,0.000074653,0,0,0,0,0,deberta_fallback
1167,0,0.166067538,0.000069257,0,0,0,0,0,deberta_fallback
1168,0,0.106044746,0.000066207,0,0,0,0,0,deberta_fallback
1169,0,0.083214906,0.000072823,0,0,0,0,0,deberta_fallback
1170,0,0.168701428,0.000064381,0,0,0,0,0,deberta_fallback
1171,0,0.071747252,0.000078227,0,0,0,0,0,deberta_fallback
1172,0,0.077705472,0.000062632,0,0,0,0,0,deberta_fallback
1173,0,0.066359407,0.000077242,0,0,0,0,0,deberta_fallback
1174,0,0.069706878,0.000059972,0,0,0,0,0,deberta_fallback
1175,0,0.121646967,0.000054055,0,0,0,0,0,deberta_fallback
1176,0,0.081034085,0.000060440,0,0,0,0,0,deberta_fallback
1177,0,0.063767996,0.000060046,0,0,0,0,0,deberta_fallback
1178,0,0.107756453,0.000061707,0,0,0,0,0,deberta_fallback
1179,0,0.073311952,0.000062486,0,0,0,0,0,deberta_fallback
1180,0,0.109907178,0.000060284,0,0,0,0,0,deberta_fallback
1181,0,0.113424557,0.000081177,0,0,0,0,0,deberta_fallback
1182,0,0.064333443,0.000097254,0,0,0,0,0,deberta_fallback
1183,0,0.011294300,0.000058119,0,0,0,0,0,tfidf_direct_benign
1184,0,0.020677426,0.000062953,0,0,0,0,0,tfidf_direct_benign
1185,0,0.369089186,0.000066989,0,0,0,0,0,deberta_fallback
1186,0,0.069555430,0.000080589,0,0,0,0,0,deberta_fallback
1187,0,0.088866487,0.000063094,0,0,0,0,0,deberta_fallback
1188,0,0.198548675,0.000082865,0,0,0,0,0,deberta_fallback
1189,0,0.075731806,0.000062957,0,0,0,0,0,deberta_fallback
1190,0,0.043144148,0.000061682,0,0,0,0,0,tfidf_direct_benign
1191,0,0.130879112,0.000177857,0,0,0,0,0,deberta_fallback
1192,0,0.122527703,0.000058125,0,0,0,0,0,deberta_fallback
1193,0,0.155171257,0.000063046,0,0,0,0,0,deberta_fallback
1194,0,0.083751449,0.000059934,0,0,0,0,0,deberta_fallback
1195,0,0.042831369,0.000061655,0,0,0,0,0,tfidf_direct_benign
1196,0,0.094734930,0.000058566,0,0,0,0,0,deberta_fallback
1197,0,0.068588468,0.000055209,0,0,0,0,0,deberta_fallback
1198,0,0.107602347,0.000064416,0,0,0,0,0,deberta_fallback
1199,0,0.074006172,0.000057938,0,0,0,0,0,deberta_fallback
1200,0,0.036926857,0.000057075,0,0,0,0,0,tfidf_direct_benign
1201,0,0.141275958,0.000065441,0,0,0,0,0,deberta_fallback
1202,0,0.113837577,0.000090861,0,0,0,0,0,deberta_fallback
1203,0,0.158986132,0.000224451,0,0,0,0,0,deberta_fallback
1204,0,0.052596353,0.000057620,0,0,0,0,0,deberta_fallback
1205,0,0.085122091,0.000073235,0,0,0,0,0,deberta_fallback
1206,0,0.077497566,0.000067983,0,0,0,0,0,deberta_fallback
1207,0,0.096951439,0.000070161,0,0,0,0,0,deberta_fallback
1208,0,0.029493058,0.000056496,0,0,0,0,0,tfidf_direct_benign
1209,0,0.083890389,0.000060059,0,0,0,0,0,deberta_fallback
1210,0,0.044874757,0.000059960,0,0,0,0,0,tfidf_direct_benign
1211,0,0.155734719,0.000094306,0,0,0,0,0,deberta_fallback
1212,0,0.197497320,0.000065181,0,0,0,0,0,deberta_fallback
1213,0,0.082809899,0.000110863,0,0,0,0,0,deberta_fallback
1214,0,0.082877043,0.000067095,0,0,0,0,0,deberta_fallback
1215,0,0.079346730,0.000074274,0,0,0,0,0,deberta_fallback
1216,0,0.063444442,0.000059033,0,0,0,0,0,deberta_fallback
1217,0,0.064469384,0.000068807,0,0,0,0,0,deberta_fallback
1218,0,0.086235716,0.000078649,0,0,0,0,0,deberta_fallback
1219,0,0.050078920,0.000070314,0,0,0,0,0,deberta_fallback
1220,0,0.191503380,0.000065656,0,0,0,0,0,deberta_fallback
1221,0,0.023043957,0.000057927,0,0,0,0,0,tfidf_direct_benign
1222,0,0.090726360,0.000064931,0,0,0,0,0,deberta_fallback
1223,0,0.043047126,0.000053134,0,0,0,0,0,tfidf_direct_benign
1224,0,0.096294401,0.000060788,0,0,0,0,0,deberta_fallback
1225,0,0.044789471,0.000058872,0,0,0,0,0,tfidf_direct_benign
1226,0,0.095443346,0.000059992,0,0,0,0,0,deberta_fallback
1227,0,0.016535137,0.000052439,0,0,0,0,0,tfidf_direct_benign
1228,0,0.069968671,0.000060392,0,0,0,0,0,deberta_fallback
1229,0,0.074620209,0.000058158,0,0,0,0,0,deberta_fallback
1230,0,0.048569590,0.000070798,0,0,0,0,0,tfidf_direct_benign
1231,0,0.087483762,0.000061956,0,0,0,0,0,deberta_fallback
1232,0,0.068107840,0.000082161,0,0,0,0,0,deberta_fallback
1233,0,0.041661982,0.000068730,0,0,0,0,0,tfidf_direct_benign
1234,0,0.028260643,0.000062501,0,0,0,0,0,tfidf_direct_benign
1235,0,0.147510220,0.000061615,0,0,0,0,0,deberta_fallback
1236,0,0.058998139,0.000057574,0,0,0,0,0,deberta_fallback
1237,0,0.084400408,0.000061679,0,0,0,0,0,deberta_fallback
1238,0,0.088359587,0.000062142,0,0,0,0,0,deberta_fallback
1239,0,0.391035056,0.000097087,0,0,0,0,0,deberta_fallback
1240,0,0.146276819,0.000057873,0,0,0,0,0,deberta_fallback
1241,0,0.116325550,0.000062836,0,0,0,0,0,deberta_fallback
1242,0,0.110846894,0.000059400,0,0,0,0,0,deberta_fallback
1243,0,0.058696131,0.000069651,0,0,0,0,0,deberta_fallback
1244,0,0.099989263,0.000068571,0,0,0,0,0,deberta_fallback
1245,0,0.054341067,0.000076634,0,0,0,0,0,deberta_fallback
1246,0,0.085043751,0.000061120,0,0,0,0,0,deberta_fallback
1247,0,0.144092076,0.000061245,0,0,0,0,0,deberta_fallback
1248,0,0.108753581,0.000098891,0,0,0,0,0,deberta_fallback
1249,0,0.104802832,0.000058399,0,0,0,0,0,deberta_fallback
1250,1,0.934681359,0.999991179,1,1,1,1,1,tfidf_direct_attack
1251,1,0.930875445,0.999991536,1,1,1,1,1,tfidf_direct_attack
1252,1,0.859252685,0.999990821,1,1,1,1,1,deberta_fallback
1253,1,0.921629362,0.999990344,1,1,1,1,1,tfidf_direct_attack
1254,1,0.831682273,0.999991775,1,1,1,1,1,deberta_fallback
1255,1,0.903334167,0.999989152,1,1,1,1,1,deberta_fallback
1256,1,0.964166367,0.999991059,1,1,1,1,1,tfidf_direct_attack
1257,1,0.979064072,0.999990821,1,1,1,1,1,tfidf_direct_attack
1258,1,0.827158780,0.999991298,1,1,1,1,1,deberta_fallback
1259,1,0.718732296,0.999991417,1,1,1,1,1,deberta_fallback
1260,1,0.810111847,0.999992013,1,1,1,1,1,deberta_fallback
1261,1,0.934199147,0.999988198,1,1,1,1,1,tfidf_direct_attack
1262,1,0.940129415,0.999991298,1,1,1,1,1,tfidf_direct_attack
1263,1,0.623064946,0.999990940,1,1,0,1,1,deberta_fallback
1264,1,0.937841577,0.999990821,1,1,1,1,1,tfidf_direct_attack
1265,1,0.947684498,0.999989748,1,1,1,1,1,tfidf_direct_attack
1266,1,0.952075219,0.999990940,1,1,1,1,1,tfidf_direct_attack
1267,1,0.981841500,0.999990225,1,1,1,1,1,tfidf_direct_attack
1268,1,0.945673412,0.999991179,1,1,1,1,1,tfidf_direct_attack
1269,1,0.765305363,0.999992371,1,1,1,1,1,deberta_fallback
1270,1,0.851896315,0.999991655,1,1,1,1,1,deberta_fallback
1271,1,0.690657342,0.999991179,1,1,1,1,1,deberta_fallback
1272,1,0.955794556,0.999991059,1,1,1,1,1,tfidf_direct_attack
1273,1,0.978866266,0.999990821,1,1,1,1,1,tfidf_direct_attack
1274,1,0.838564166,0.999987245,1,1,1,1,1,deberta_fallback
1275,1,0.954632794,0.999991417,1,1,1,1,1,tfidf_direct_attack
1276,1,0.949284790,0.999991179,1,1,1,1,1,tfidf_direct_attack
1277,1,0.981249235,0.999990702,1,1,1,1,1,tfidf_direct_attack
1278,1,0.869182338,0.999991655,1,1,1,1,1,deberta_fallback
1279,1,0.884552344,0.999991298,1,1,1,1,1,deberta_fallback
1280,1,0.708490518,0.999991536,1,1,1,1,1,deberta_fallback
1281,1,0.907891873,0.999992013,1,1,1,1,1,deberta_fallback
1282,1,0.819851652,0.999991298,1,1,1,1,1,deberta_fallback
1283,1,0.921789657,0.999990702,1,1,1,1,1,tfidf_direct_attack
1284,1,0.831963947,0.999991775,1,1,1,1,1,deberta_fallback
1285,1,0.926337240,0.999992013,1,1,1,1,1,tfidf_direct_attack
1286,1,0.971385352,0.999991417,1,1,1,1,1,tfidf_direct_attack
1287,1,0.569262376,0.999990940,1,1,0,1,1,deberta_fallback
1288,1,0.975512705,0.999990821,1,1,1,1,1,tfidf_direct_attack
1289,1,0.844538786,0.999991536,1,1,1,1,1,deberta_fallback
1290,1,0.846836993,0.999991179,1,1,1,1,1,deberta_fallback
1291,1,0.809883391,0.999992251,1,1,1,1,1,deberta_fallback
1292,1,0.930585564,0.999991775,1,1,1,1,1,tfidf_direct_attack
1293,1,0.835164355,0.999985337,1,1,1,1,1,deberta_fallback
1294,1,0.935865019,0.999992132,1,1,1,1,1,tfidf_direct_attack
1295,1,0.868586604,0.999991298,1,1,1,1,1,deberta_fallback
1296,1,0.828936372,0.999991298,1,1,1,1,1,deberta_fallback
1297,1,0.871184250,0.999991775,1,1,1,1,1,deberta_fallback
1298,1,0.863041586,0.999989033,1,1,1,1,1,deberta_fallback
1299,1,0.859319445,0.999991894,1,1,1,1,1,deberta_fallback
1300,1,0.522371129,0.999917030,1,1,0,1,1,deberta_fallback
1301,1,0.678199413,0.999991298,1,1,1,1,1,deberta_fallback
1302,1,0.958678869,0.999992132,1,1,1,1,1,tfidf_direct_attack
1303,1,0.933135184,0.999992251,1,1,1,1,1,tfidf_direct_attack
1304,1,0.912324833,0.999990582,1,1,1,1,1,deberta_fallback
1305,1,0.912007666,0.999991536,1,1,1,1,1,deberta_fallback
1306,1,0.563738564,0.999990344,1,1,0,1,1,deberta_fallback
1307,1,0.886153070,0.999991775,1,1,1,1,1,deberta_fallback
1308,1,0.837899313,0.999991298,1,1,1,1,1,deberta_fallback
1309,1,0.968508155,0.999991775,1,1,1,1,1,tfidf_direct_attack
1310,1,0.985930541,0.999991775,1,1,1,1,1,tfidf_direct_attack
1311,1,0.905613302,0.999989986,1,1,1,1,1,deberta_fallback
1312,1,0.955637851,0.999991536,1,1,1,1,1,tfidf_direct_attack
1313,1,0.899754310,0.999990582,1,1,1,1,1,deberta_fallback
1314,1,0.826129158,0.999990702,1,1,1,1,1,deberta_fallback
1315,1,0.631910160,0.999991298,1,1,0,1,1,deberta_fallback
1316,1,0.733261606,0.999985695,1,1,1,1,1,deberta_fallback
1317,1,0.877021728,0.999990702,1,1,1,1,1,deberta_fallback
1318,1,0.901280570,0.999990463,1,1,1,1,1,deberta_fallback
1319,1,0.824235008,0.999992132,1,1,1,1,1,deberta_fallback
1320,1,0.783728746,0.999991655,1,1,1,1,1,deberta_fallback
1321,1,0.608032450,0.999989152,1,1,0,1,1,deberta_fallback
1322,1,0.929401475,0.999991536,1,1,1,1,1,tfidf_direct_attack
1323,1,0.716377469,0.999991298,1,1,1,1,1,deberta_fallback
1324,1,0.952600918,0.999990821,1,1,1,1,1,tfidf_direct_attack
1325,1,0.838587966,0.999991059,1,1,1,1,1,deberta_fallback
1326,1,0.911096541,0.999991417,1,1,1,1,1,deberta_fallback
1327,1,0.862217489,0.999991536,1,1,1,1,1,deberta_fallback
1328,1,0.979429533,0.999992013,1,1,1,1,1,tfidf_direct_attack
1329,1,0.938575935,0.999991417,1,1,1,1,1,tfidf_direct_attack
1330,1,0.965064669,0.999991298,1,1,1,1,1,tfidf_direct_attack
1331,1,0.947531300,0.999991059,1,1,1,1,1,tfidf_direct_attack
1332,1,0.849925621,0.999991894,1,1,1,1,1,deberta_fallback
1333,1,0.976613522,0.999991179,1,1,1,1,1,tfidf_direct_attack
1334,1,0.892455856,0.999991775,1,1,1,1,1,deberta_fallback
1335,1,0.858176021,0.999992013,1,1,1,1,1,deberta_fallback
1336,1,0.804127545,0.999988794,1,1,1,1,1,deberta_fallback
1337,1,0.968004058,0.999990106,1,1,1,1,1,tfidf_direct_attack
1338,1,0.670448981,0.999990940,1,1,1,1,1,deberta_fallback
1339,1,0.954303768,0.999991536,1,1,1,1,1,tfidf_direct_attack
1340,1,0.897993457,0.999991536,1,1,1,1,1,deberta_fallback
1341,1,0.866318774,0.999991059,1,1,1,1,1,deberta_fallback
1342,1,0.663575034,0.999991894,1,1,1,1,1,deberta_fallback
1343,1,0.874164694,0.999992132,1,1,1,1,1,deberta_fallback
1344,1,0.885206408,0.999990821,1,1,1,1,1,deberta_fallback
1345,1,0.674221272,0.999953866,1,1,1,1,1,deberta_fallback
1346,1,0.919499553,0.999991894,1,1,1,1,1,tfidf_direct_attack
1347,1,0.797305639,0.999991536,1,1,1,1,1,deberta_fallback
1348,1,0.808256929,0.999991655,1,1,1,1,1,deberta_fallback
1349,1,0.893870437,0.999991536,1,1,1,1,1,deberta_fallback
1350,1,0.866664353,0.999991179,1,1,1,1,1,deberta_fallback
1351,1,0.839576274,0.999992013,1,1,1,1,1,deberta_fallback
1352,1,0.712697903,0.999991894,1,1,1,1,1,deberta_fallback
1353,1,0.676935099,0.999990821,1,1,1,1,1,deberta_fallback
1354,1,0.976165210,0.999992013,1,1,1,1,1,tfidf_direct_attack
1355,1,0.840743742,0.999991298,1,1,1,1,1,deberta_fallback
1356,1,0.792333087,0.999991536,1,1,1,1,1,deberta_fallback
1357,1,0.956297732,0.999989867,1,1,1,1,1,tfidf_direct_attack
1358,1,0.944333452,0.999991536,1,1,1,1,1,tfidf_direct_attack
1359,1,0.823510263,0.999991536,1,1,1,1,1,deberta_fallback
1360,1,0.893280040,0.999990940,1,1,1,1,1,deberta_fallback
1361,1,0.753312838,0.999991894,1,1,1,1,1,deberta_fallback
1362,1,0.947598170,0.999990225,1,1,1,1,1,tfidf_direct_attack
1363,1,0.974448814,0.999990702,1,1,1,1,1,tfidf_direct_attack
1364,1,0.932757740,0.999991298,1,1,1,1,1,tfidf_direct_attack
1365,1,0.928749157,0.999991655,1,1,1,1,1,tfidf_direct_attack
1366,1,0.850892389,0.999970913,1,1,1,1,1,deberta_fallback
1367,1,0.904475958,0.999991655,1,1,1,1,1,deberta_fallback
1368,1,0.940503853,0.999990940,1,1,1,1,1,tfidf_direct_attack
1369,1,0.766849423,0.999969482,1,1,1,1,1,deberta_fallback
1370,1,0.882115073,0.999991775,1,1,1,1,1,deberta_fallback
1371,1,0.872318586,0.999982595,1,1,1,1,1,deberta_fallback
1372,1,0.671977643,0.999991298,1,1,1,1,1,deberta_fallback
1373,1,0.806219902,0.999988914,1,1,1,1,1,deberta_fallback
1374,1,0.965478312,0.999990702,1,1,1,1,1,tfidf_direct_attack
1375,1,0.868877397,0.999987602,1,1,1,1,1,deberta_fallback
1376,1,0.887399108,0.999992132,1,1,1,1,1,deberta_fallback
1377,1,0.801979840,0.999990582,1,1,1,1,1,deberta_fallback
1378,1,0.822844865,0.999992132,1,1,1,1,1,deberta_fallback
1379,1,0.979600786,0.999991417,1,1,1,1,1,tfidf_direct_attack
1380,1,0.959582776,0.999990940,1,1,1,1,1,tfidf_direct_attack
1381,1,0.854791973,0.999991655,1,1,1,1,1,deberta_fallback
1382,1,0.950544178,0.999990463,1,1,1,1,1,tfidf_direct_attack
1383,1,0.731865843,0.999991536,1,1,1,1,1,deberta_fallback
1384,1,0.953584875,0.999991775,1,1,1,1,1,tfidf_direct_attack
1385,1,0.774155995,0.999991536,1,1,1,1,1,deberta_fallback
1386,1,0.818598343,0.999992013,1,1,1,1,1,deberta_fallback
1387,1,0.919087677,0.999989152,1,1,1,1,1,tfidf_direct_attack
1388,1,0.854264688,0.999991894,1,1,1,1,1,deberta_fallback
1389,1,0.875408335,0.999992013,1,1,1,1,1,deberta_fallback
1390,1,0.731805958,0.999989510,1,1,1,1,1,deberta_fallback
1391,1,0.525137180,0.999985337,1,1,0,1,1,deberta_fallback
1392,1,0.937194194,0.999992371,1,1,1,1,1,tfidf_direct_attack
1393,1,0.935237192,0.999989748,1,1,1,1,1,tfidf_direct_attack
1394,1,0.922819158,0.999991059,1,1,1,1,1,tfidf_direct_attack
1395,1,0.974393992,0.999991536,1,1,1,1,1,tfidf_direct_attack
1396,1,0.922709146,0.999991179,1,1,1,1,1,tfidf_direct_attack
1397,1,0.926854234,0.999991417,1,1,1,1,1,tfidf_direct_attack
1398,1,0.930685994,0.999992371,1,1,1,1,1,tfidf_direct_attack
1399,1,0.948330062,0.999991775,1,1,1,1,1,tfidf_direct_attack
1400,1,0.896491503,0.999991536,1,1,1,1,1,deberta_fallback
1401,1,0.890984658,0.999992371,1,1,1,1,1,deberta_fallback
1402,1,0.893191438,0.999991179,1,1,1,1,1,deberta_fallback
1403,1,0.888934448,0.999991894,1,1,1,1,1,deberta_fallback
1404,1,0.812555253,0.999992013,1,1,1,1,1,deberta_fallback
1405,1,0.985187772,0.999991298,1,1,1,1,1,tfidf_direct_attack
1406,1,0.897884507,0.999991417,1,1,1,1,1,deberta_fallback
1407,1,0.674101985,0.999992013,1,1,1,1,1,deberta_fallback
1408,1,0.953050294,0.999991298,1,1,1,1,1,tfidf_direct_attack
1409,1,0.563125589,0.999983430,1,1,0,1,1,deberta_fallback
1410,1,0.937681801,0.999991775,1,1,1,1,1,tfidf_direct_attack
1411,1,0.852540396,0.999992013,1,1,1,1,1,deberta_fallback
1412,1,0.927490432,0.999991298,1,1,1,1,1,tfidf_direct_attack
1413,1,0.581218021,0.999987245,1,1,0,1,1,deberta_fallback
1414,1,0.870067935,0.999978900,1,1,1,1,1,deberta_fallback
1415,1,0.941842559,0.999990106,1,1,1,1,1,tfidf_direct_attack
1416,1,0.900200381,0.999991536,1,1,1,1,1,deberta_fallback
1417,1,0.687935160,0.999980092,1,1,1,1,1,deberta_fallback
1418,1,0.694866756,0.999991417,1,1,1,1,1,deberta_fallback
1419,1,0.819196122,0.999991536,1,1,1,1,1,deberta_fallback
1420,1,0.876483288,0.999990344,1,1,1,1,1,deberta_fallback
1421,1,0.693838399,0.999973416,1,1,1,1,1,deberta_fallback
1422,1,0.974951789,0.999991417,1,1,1,1,1,tfidf_direct_attack
1423,1,0.897807625,0.999990463,1,1,1,1,1,deberta_fallback
1424,1,0.824890957,0.999980450,1,1,1,1,1,deberta_fallback
1425,1,0.522453935,0.999984980,1,1,0,1,1,deberta_fallback
1426,1,0.772371359,0.999990702,1,1,1,1,1,deberta_fallback
1427,1,0.560718998,0.999969721,1,1,0,1,1,deberta_fallback
1428,1,0.837802111,0.999990225,1,1,1,1,1,deberta_fallback
1429,1,0.958441286,0.999992371,1,1,1,1,1,tfidf_direct_attack
1430,1,0.858117883,0.999991894,1,1,1,1,1,deberta_fallback
1431,1,0.858129594,0.999989152,1,1,1,1,1,deberta_fallback
1432,1,0.894907748,0.999991298,1,1,1,1,1,deberta_fallback
1433,1,0.972555050,0.999992609,1,1,1,1,1,tfidf_direct_attack
1434,1,0.832143659,0.999990940,1,1,1,1,1,deberta_fallback
1435,1,0.750338723,0.999991655,1,1,1,1,1,deberta_fallback
1436,1,0.846711759,0.999991655,1,1,1,1,1,deberta_fallback
1437,1,0.693377766,0.999984860,1,1,1,1,1,deberta_fallback
1438,1,0.564582983,0.999992013,1,1,0,1,1,deberta_fallback
1439,1,0.906128689,0.999991298,1,1,1,1,1,deberta_fallback
1440,1,0.805415481,0.999991536,1,1,1,1,1,deberta_fallback
1441,1,0.810156472,0.999990940,1,1,1,1,1,deberta_fallback
1442,1,0.791217335,0.999990702,1,1,1,1,1,deberta_fallback
1443,1,0.901484837,0.999991775,1,1,1,1,1,deberta_fallback
1444,1,0.959909749,0.999990702,1,1,1,1,1,tfidf_direct_attack
1445,1,0.802482994,0.999989748,1,1,1,1,1,deberta_fallback
1446,1,0.553957902,0.999992251,1,1,0,1,1,deberta_fallback
1447,1,0.881474859,0.999991894,1,1,1,1,1,deberta_fallback
1448,1,0.848949913,0.999991775,1,1,1,1,1,deberta_fallback
1449,1,0.905724756,0.999991655,1,1,1,1,1,deberta_fallback
1450,1,0.797393639,0.999990702,1,1,1,1,1,deberta_fallback
1451,1,0.751850485,0.999990463,1,1,1,1,1,deberta_fallback
1452,1,0.848743676,0.999991179,1,1,1,1,1,deberta_fallback
1453,1,0.855146163,0.999991179,1,1,1,1,1,deberta_fallback
1454,1,0.707966497,0.999992132,1,1,1,1,1,deberta_fallback
1455,1,0.880385226,0.999992251,1,1,1,1,1,deberta_fallback
1456,1,0.782579564,0.999991775,1,1,1,1,1,deberta_fallback
1457,1,0.971637999,0.999991298,1,1,1,1,1,tfidf_direct_attack
1458,1,0.891473229,0.999991179,1,1,1,1,1,deberta_fallback
1459,1,0.761254381,0.999991775,1,1,1,1,1,deberta_fallback
1460,1,0.956622271,0.999991536,1,1,1,1,1,tfidf_direct_attack
1461,1,0.889640336,0.999991179,1,1,1,1,1,deberta_fallback
1462,1,0.595063003,0.999991417,1,1,0,1,1,deberta_fallback
1463,1,0.981219330,0.999990821,1,1,1,1,1,tfidf_direct_attack
1464,1,0.872500534,0.999991894,1,1,1,1,1,deberta_fallback
1465,1,0.696217333,0.999991655,1,1,1,1,1,deberta_fallback
1466,1,0.953643089,0.999992132,1,1,1,1,1,tfidf_direct_attack
1467,1,0.833513195,0.999991179,1,1,1,1,1,deberta_fallback
1468,1,0.917730529,0.999992013,1,1,1,1,1,tfidf_direct_attack
1469,1,0.561038564,0.999991536,1,1,0,1,1,deberta_fallback
1470,1,0.902178129,0.999990702,1,1,1,1,1,deberta_fallback
1471,1,0.937889097,0.999991655,1,1,1,1,1,tfidf_direct_attack
1472,1,0.443916102,0.999991298,0,1,0,1,1,deberta_fallback
1473,1,0.555757658,0.999991298,1,1,0,1,1,deberta_fallback
1474,1,0.899386706,0.999990940,1,1,1,1,1,deberta_fallback
1475,1,0.972199205,0.999990344,1,1,1,1,1,tfidf_direct_attack
1476,1,0.839808020,0.999989867,1,1,1,1,1,deberta_fallback
1477,1,0.881600272,0.999991536,1,1,1,1,1,deberta_fallback
1478,1,0.926497097,0.999990702,1,1,1,1,1,tfidf_direct_attack
1479,1,0.900237926,0.999991179,1,1,1,1,1,deberta_fallback
1480,1,0.817381328,0.999991536,1,1,1,1,1,deberta_fallback
1481,1,0.981985745,0.999991775,1,1,1,1,1,tfidf_direct_attack
1482,1,0.884728103,0.999990940,1,1,1,1,1,deberta_fallback
1483,1,0.791822122,0.999990940,1,1,1,1,1,deberta_fallback
1484,1,0.761314658,0.999990702,1,1,1,1,1,deberta_fallback
1485,1,0.821069238,0.999989152,1,1,1,1,1,deberta_fallback
1486,1,0.889807023,0.999991894,1,1,1,1,1,deberta_fallback
1487,1,0.913270312,0.999992013,1,1,1,1,1,deberta_fallback
1488,1,0.936271788,0.999990106,1,1,1,1,1,tfidf_direct_attack
1489,1,0.739960423,0.999989867,1,1,1,1,1,deberta_fallback
1490,1,0.853648126,0.999988914,1,1,1,1,1,deberta_fallback
1491,1,0.862694749,0.999991775,1,1,1,1,1,deberta_fallback
1492,1,0.928229685,0.999990702,1,1,1,1,1,tfidf_direct_attack
1493,1,0.977077351,0.999991536,1,1,1,1,1,tfidf_direct_attack
1494,1,0.738763204,0.999991179,1,1,1,1,1,deberta_fallback
1495,1,0.909707384,0.999991655,1,1,1,1,1,deberta_fallback
1496,1,0.880914025,0.999992371,1,1,1,1,1,deberta_fallback
1497,1,0.872045544,0.999991894,1,1,1,1,1,deberta_fallback
1498,1,0.796830285,0.999991417,1,1,1,1,1,deberta_fallback
1499,1,0.939288073,0.999992132,1,1,1,1,1,tfidf_direct_attack
1500,0,0.277318098,0.000166738,0,0,0,0,0,deberta_fallback
1501,0,0.131094680,0.000082265,0,0,0,0,0,deberta_fallback
1502,0,0.084498495,0.000055640,0,0,0,0,0,deberta_fallback
1503,0,0.062279419,0.000060364,0,0,0,0,0,deberta_fallback
1504,0,0.351604282,0.000081296,0,0,0,0,0,deberta_fallback
1505,0,0.111559896,0.000080640,0,0,0,0,0,deberta_fallback
1506,0,0.117094645,0.000069681,0,0,0,0,0,deberta_fallback
1507,0,0.104686126,0.000056128,0,0,0,0,0,deberta_fallback
1508,0,0.121349223,0.000130236,0,0,0,0,0,deberta_fallback
1509,0,0.058522823,0.000068151,0,0,0,0,0,deberta_fallback
1510,0,0.153087633,0.000266693,0,0,0,0,0,deberta_fallback
1511,0,0.047969672,0.000052012,0,0,0,0,0,tfidf_direct_benign
1512,0,0.203657645,0.000724710,0,0,0,0,0,deberta_fallback
1513,0,0.301176481,0.000157320,0,0,0,0,0,deberta_fallback
1514,0,0.192273955,0.000053232,0,0,0,0,0,deberta_fallback
1515,0,0.078538017,0.000061787,0,0,0,0,0,deberta_fallback
1516,0,0.293785480,0.000063142,0,0,0,0,0,deberta_fallback
1517,0,0.371414064,0.000346888,0,0,0,0,0,deberta_fallback
1518,0,0.354036872,0.000131701,0,0,0,0,0,deberta_fallback
1519,0,0.065470252,0.000052699,0,0,0,0,0,deberta_fallback
1520,0,0.026257793,0.000054534,0,0,0,0,0,tfidf_direct_benign
1521,0,0.064551660,0.998295844,0,1,0,1,1,deberta_fallback
1522,0,0.074145368,0.000073615,0,0,0,0,0,deberta_fallback
1523,0,0.087193018,0.000060968,0,0,0,0,0,deberta_fallback
1524,0,0.156861188,0.010700772,0,0,0,0,0,deberta_fallback
1525,0,0.243740865,0.000059543,0,0,0,0,0,deberta_fallback
1526,0,0.158413359,0.000172510,0,0,0,0,0,deberta_fallback
1527,0,0.070492559,0.000050431,0,0,0,0,0,deberta_fallback
1528,0,0.103720046,0.000058786,0,0,0,0,0,deberta_fallback
1529,0,0.120722698,0.000057413,0,0,0,0,0,deberta_fallback
1530,0,0.052066662,0.000206001,0,0,0,0,0,deberta_fallback
1531,0,0.089881039,0.000073337,0,0,0,0,0,deberta_fallback
1532,0,0.134560392,0.000054713,0,0,0,0,0,deberta_fallback
1533,0,0.086684138,0.000053263,0,0,0,0,0,deberta_fallback
1534,0,0.318124310,0.000052692,0,0,0,0,0,deberta_fallback
1535,0,0.210989786,0.028267737,0,0,0,0,0,deberta_fallback
1536,0,0.054448032,0.000167669,0,0,0,0,0,deberta_fallback
1537,0,0.133418755,0.000054518,0,0,0,0,0,deberta_fallback
1538,0,0.190768625,0.000216116,0,0,0,0,0,deberta_fallback
1539,0,0.067197358,0.000112404,0,0,0,0,0,deberta_fallback
1540,0,0.171378588,0.000102350,0,0,0,0,0,deberta_fallback
1541,0,0.128882492,0.000075537,0,0,0,0,0,deberta_fallback
1542,0,0.252308035,0.000091174,0,0,0,0,0,deberta_fallback
1543,0,0.115860912,0.000447864,0,0,0,0,0,deberta_fallback
1544,0,0.076690025,0.000069291,0,0,0,0,0,deberta_fallback
1545,0,0.122620931,0.000327907,0,0,0,0,0,deberta_fallback
1546,0,0.414059702,0.091886371,0,0,0,0,0,deberta_fallback
1547,0,0.160732149,0.000076146,0,0,0,0,0,deberta_fallback
1548,0,0.197205604,0.000054662,0,0,0,0,0,deberta_fallback
1549,0,0.202965275,0.000091316,0,0,0,0,0,deberta_fallback
1550,0,0.137488244,0.372208565,0,0,0,0,0,deberta_fallback
1551,0,0.044572603,0.000055712,0,0,0,0,0,tfidf_direct_benign
1552,0,0.066550421,0.000051566,0,0,0,0,0,deberta_fallback
1553,0,0.175764107,0.000080127,0,0,0,0,0,deberta_fallback
1554,0,0.139049244,0.000058163,0,0,0,0,0,deberta_fallback
1555,0,0.421394626,0.000224307,0,0,0,0,0,deberta_fallback
1556,0,0.149393781,0.993962228,0,1,0,1,1,deberta_fallback
1557,0,0.218247634,0.000110895,0,0,0,0,0,deberta_fallback
1558,0,0.182043603,0.000056648,0,0,0,0,0,deberta_fallback
1559,0,0.194744786,0.000067705,0,0,0,0,0,deberta_fallback
1560,0,0.193345963,0.000052652,0,0,0,0,0,deberta_fallback
1561,0,0.060160377,0.000115701,0,0,0,0,0,deberta_fallback
1562,0,0.090792459,0.000095231,0,0,0,0,0,deberta_fallback
1563,0,0.055687562,0.000055795,0,0,0,0,0,deberta_fallback
1564,0,0.078834812,0.010883072,0,0,0,0,0,deberta_fallback
1565,0,0.106972322,0.000089682,0,0,0,0,0,deberta_fallback
1566,0,0.059233667,0.000063656,0,0,0,0,0,deberta_fallback
1567,0,0.186608349,0.000119920,0,0,0,0,0,deberta_fallback
1568,0,0.144193277,0.000050947,0,0,0,0,0,deberta_fallback
1569,0,0.337482860,0.997425318,0,1,0,1,1,deberta_fallback
1570,0,0.094699485,0.000155032,0,0,0,0,0,deberta_fallback
1571,0,0.076984641,0.000072764,0,0,0,0,0,deberta_fallback
1572,0,0.083726375,0.000102981,0,0,0,0,0,deberta_fallback
1573,0,0.360681996,0.000092800,0,0,0,0,0,deberta_fallback
1574,0,0.054932194,0.000060928,0,0,0,0,0,deberta_fallback
1575,0,0.113887998,0.000117994,0,0,0,0,0,deberta_fallback
1576,0,0.424131342,0.058601614,0,0,0,0,0,deberta_fallback
1577,0,0.079360169,0.000054442,0,0,0,0,0,deberta_fallback
1578,0,0.093215906,0.999917269,0,1,0,1,1,deberta_fallback
1579,0,0.071188770,0.000066940,0,0,0,0,0,deberta_fallback
1580,0,0.066257300,0.000059009,0,0,0,0,0,deberta_fallback
1581,0,0.247704859,0.000129201,0,0,0,0,0,deberta_fallback
1582,0,0.122649537,0.000222704,0,0,0,0,0,deberta_fallback
1583,0,0.084044466,0.964399576,0,1,0,1,1,deberta_fallback
1584,0,0.066536912,0.000051084,0,0,0,0,0,deberta_fallback
1585,0,0.219871727,0.000058094,0,0,0,0,0,deberta_fallback
1586,0,0.270508124,0.000875988,0,0,0,0,0,deberta_fallback
1587,0,0.054556908,0.000054522,0,0,0,0,0,deberta_fallback
1588,0,0.109472524,0.000080848,0,0,0,0,0,deberta_fallback
1589,0,0.319718338,0.770184815,0,1,0,0,0,deberta_fallback
1590,0,0.104654166,0.000062052,0,0,0,0,0,deberta_fallback
1591,0,0.171803274,0.000056538,0,0,0,0,0,deberta_fallback
1592,0,0.334820736,0.000718930,0,0,0,0,0,deberta_fallback
1593,0,0.036730013,0.000055457,0,0,0,0,0,tfidf_direct_benign
1594,0,0.507020122,0.000079565,1,0,0,0,0,deberta_fallback
1595,0,0.187810649,0.000054617,0,0,0,0,0,deberta_fallback
1596,0,0.400293181,0.000060967,0,0,0,0,0,deberta_fallback
1597,0,0.309811105,0.897682905,0,1,0,1,1,deberta_fallback
1598,0,0.106362841,0.000055013,0,0,0,0,0,deberta_fallback
1599,0,0.076980575,0.000084402,0,0,0,0,0,deberta_fallback
1600,0,0.118485234,0.000053011,0,0,0,0,0,deberta_fallback
1601,0,0.196157764,0.000095961,0,0,0,0,0,deberta_fallback
1602,0,0.112821418,0.000076150,0,0,0,0,0,deberta_fallback
1603,0,0.154544164,0.000060800,0,0,0,0,0,deberta_fallback
1604,0,0.127042212,0.000064929,0,0,0,0,0,deberta_fallback
1605,0,0.071626540,0.000145722,0,0,0,0,0,deberta_fallback
1606,0,0.102818793,0.000053372,0,0,0,0,0,deberta_fallback
1607,0,0.230902474,0.000090094,0,0,0,0,0,deberta_fallback
1608,0,0.058960556,0.000062367,0,0,0,0,0,deberta_fallback
1609,0,0.123908524,0.000102141,0,0,0,0,0,deberta_fallback
1610,0,0.163568448,0.999986649,0,1,0,1,1,deberta_fallback
1611,0,0.234074999,0.000487556,0,0,0,0,0,deberta_fallback
1612,0,0.315120397,0.000165541,0,0,0,0,0,deberta_fallback
1613,0,0.051452922,0.000057875,0,0,0,0,0,deberta_fallback
1614,0,0.088658269,0.000259262,0,0,0,0,0,deberta_fallback
1615,0,0.114297632,0.000055568,0,0,0,0,0,deberta_fallback
1616,0,0.168213887,0.000051419,0,0,0,0,0,deberta_fallback
1617,0,0.213248617,0.000050911,0,0,0,0,0,deberta_fallback
1618,0,0.134768944,0.000052321,0,0,0,0,0,deberta_fallback
1619,0,0.091754442,0.000052530,0,0,0,0,0,deberta_fallback
1620,0,0.185409862,0.000056550,0,0,0,0,0,deberta_fallback
1621,0,0.145231345,0.000066433,0,0,0,0,0,deberta_fallback
1622,0,0.050467563,0.000061191,0,0,0,0,0,deberta_fallback
1623,0,0.263428053,0.000063236,0,0,0,0,0,deberta_fallback
1624,0,0.181397681,0.000052401,0,0,0,0,0,deberta_fallback
1625,0,0.193897246,0.000087859,0,0,0,0,0,deberta_fallback
1626,0,0.307628375,0.000067175,0,0,0,0,0,deberta_fallback
1627,0,0.070046470,0.000050175,0,0,0,0,0,deberta_fallback
1628,0,0.411749085,0.000277702,0,0,0,0,0,deberta_fallback
1629,0,0.130935240,0.000074523,0,0,0,0,0,deberta_fallback
1630,0,0.203728326,0.999617338,0,1,0,1,1,deberta_fallback
1631,0,0.047513006,0.000054549,0,0,0,0,0,tfidf_direct_benign
1632,0,0.132716776,0.000062592,0,0,0,0,0,deberta_fallback
1633,0,0.144059345,0.997752488,0,1,0,1,1,deberta_fallback
1634,0,0.168783133,0.000050610,0,0,0,0,0,deberta_fallback
1635,0,0.044632625,0.000056485,0,0,0,0,0,tfidf_direct_benign
1636,0,0.360626246,0.000091496,0,0,0,0,0,deberta_fallback
1637,0,0.088417520,0.794470429,0,1,0,0,0,deberta_fallback
1638,0,0.275231186,0.000079450,0,0,0,0,0,deberta_fallback
1639,0,0.205973902,0.000053541,0,0,0,0,0,deberta_fallback
1640,0,0.080595922,0.000053354,0,0,0,0,0,deberta_fallback
1641,0,0.337844569,0.000081637,0,0,0,0,0,deberta_fallback
1642,0,0.348251726,0.000085126,0,0,0,0,0,deberta_fallback
1643,0,0.038338680,0.000055178,0,0,0,0,0,tfidf_direct_benign
1644,0,0.113546491,0.000053026,0,0,0,0,0,deberta_fallback
1645,0,0.052066662,0.000056208,0,0,0,0,0,deberta_fallback
1646,0,0.190364318,0.000056392,0,0,0,0,0,deberta_fallback
1647,0,0.339327217,0.000054809,0,0,0,0,0,deberta_fallback
1648,0,0.138918695,0.702827930,0,1,0,0,0,deberta_fallback
1649,0,0.055960473,0.000050266,0,0,0,0,0,deberta_fallback
1650,0,0.211485024,0.000119015,0,0,0,0,0,deberta_fallback
1651,0,0.083598263,0.000106214,0,0,0,0,0,deberta_fallback
1652,0,0.163983251,0.000079813,0,0,0,0,0,deberta_fallback
1653,0,0.173402087,0.000056319,0,0,0,0,0,deberta_fallback
1654,0,0.276591269,0.000075502,0,0,0,0,0,deberta_fallback
1655,0,0.129018702,0.000057031,0,0,0,0,0,deberta_fallback
1656,0,0.154084232,0.000050525,0,0,0,0,0,deberta_fallback
1657,0,0.123372205,0.000058991,0,0,0,0,0,deberta_fallback
1658,0,0.341300490,0.000095390,0,0,0,0,0,deberta_fallback
1659,0,0.452375901,0.002827764,0,0,0,0,0,deberta_fallback
1660,0,0.052232684,0.000061067,0,0,0,0,0,deberta_fallback
1661,0,0.225947742,0.000232599,0,0,0,0,0,deberta_fallback
1662,0,0.058489705,0.992330015,0,1,0,1,1,deberta_fallback
1663,0,0.095397269,0.000066467,0,0,0,0,0,deberta_fallback
1664,0,0.054815705,0.000069412,0,0,0,0,0,deberta_fallback
1665,0,0.099049241,0.000052021,0,0,0,0,0,deberta_fallback
1666,0,0.088948515,0.000064750,0,0,0,0,0,deberta_fallback
1667,0,0.138312543,0.000081712,0,0,0,0,0,deberta_fallback
1668,0,0.222901376,0.000073498,0,0,0,0,0,deberta_fallback
1669,0,0.307732865,0.000132268,0,0,0,0,0,deberta_fallback
1670,0,0.183068462,0.000085368,0,0,0,0,0,deberta_fallback
1671,0,0.070223971,0.000064179,0,0,0,0,0,deberta_fallback
1672,0,0.103248013,0.000078561,0,0,0,0,0,deberta_fallback
1673,0,0.195913608,0.000064755,0,0,0,0,0,deberta_fallback
1674,0,0.077343143,0.000083015,0,0,0,0,0,deberta_fallback
1675,0,0.097576744,0.000055770,0,0,0,0,0,deberta_fallback
1676,0,0.105297639,0.000082432,0,0,0,0,0,deberta_fallback
1677,0,0.092410778,0.000060124,0,0,0,0,0,deberta_fallback
1678,0,0.057315079,0.000066603,0,0,0,0,0,deberta_fallback
1679,0,0.216319944,0.000056064,0,0,0,0,0,deberta_fallback
1680,0,0.073094890,0.000051448,0,0,0,0,0,deberta_fallback
1681,0,0.134387163,0.000136761,0,0,0,0,0,deberta_fallback
1682,0,0.165584170,0.000063759,0,0,0,0,0,deberta_fallback
1683,0,0.122581875,0.000059384,0,0,0,0,0,deberta_fallback
1684,0,0.202076290,0.917291224,0,1,0,1,1,deberta_fallback
1685,0,0.306840186,0.999901295,0,1,0,1,1,deberta_fallback
1686,0,0.177145556,0.000182032,0,0,0,0,0,deberta_fallback
1687,0,0.195973191,0.000060349,0,0,0,0,0,deberta_fallback
1688,0,0.151811743,0.000060552,0,0,0,0,0,deberta_fallback
1689,0,0.119457739,0.000064974,0,0,0,0,0,deberta_fallback
1690,0,0.102514356,0.000059065,0,0,0,0,0,deberta_fallback
1691,0,0.193864761,0.000154125,0,0,0,0,0,deberta_fallback
1692,0,0.104989950,0.000056469,0,0,0,0,0,deberta_fallback
1693,0,0.044857052,0.000056240,0,0,0,0,0,tfidf_direct_benign
1694,0,0.210891174,0.000054021,0,0,0,0,0,deberta_fallback
1695,0,0.214683693,0.000075115,0,0,0,0,0,deberta_fallback
1696,0,0.494047018,0.000079148,0,0,0,0,0,deberta_fallback
1697,0,0.136549218,0.000054791,0,0,0,0,0,deberta_fallback
1698,0,0.166951499,0.000059312,0,0,0,0,0,deberta_fallback
1699,0,0.149614056,0.000051887,0,0,0,0,0,deberta_fallback
1700,0,0.078356376,0.000066135,0,0,0,0,0,deberta_fallback
1701,0,0.154972389,0.000073693,0,0,0,0,0,deberta_fallback
1702,0,0.245869858,0.000078490,0,0,0,0,0,deberta_fallback
1703,0,0.145065265,0.000068689,0,0,0,0,0,deberta_fallback
1704,0,0.226317429,0.000192867,0,0,0,0,0,deberta_fallback
1705,0,0.066939668,0.000104265,0,0,0,0,0,deberta_fallback
1706,0,0.358321142,0.000096278,0,0,0,0,0,deberta_fallback
1707,0,0.189961435,0.000146209,0,0,0,0,0,deberta_fallback
1708,0,0.124779774,0.000050952,0,0,0,0,0,deberta_fallback
1709,0,0.155731441,0.019588970,0,0,0,0,0,deberta_fallback
1710,0,0.277584529,0.000162803,0,0,0,0,0,deberta_fallback
1711,0,0.168898509,0.000130798,0,0,0,0,0,deberta_fallback
1712,0,0.052195867,0.000168058,0,0,0,0,0,deberta_fallback
1713,0,0.099721954,0.000108550,0,0,0,0,0,deberta_fallback
1714,0,0.109869723,0.000053668,0,0,0,0,0,deberta_fallback
1715,0,0.097836176,0.000152370,0,0,0,0,0,deberta_fallback
1716,0,0.115691472,0.000059768,0,0,0,0,0,deberta_fallback
1717,0,0.028038176,0.000048476,0,0,0,0,0,tfidf_direct_benign
1718,0,0.089961870,0.000078913,0,0,0,0,0,deberta_fallback
1719,0,0.095172654,0.000121342,0,0,0,0,0,deberta_fallback
1720,0,0.172920550,0.000056100,0,0,0,0,0,deberta_fallback
1721,0,0.065195936,0.000073566,0,0,0,0,0,deberta_fallback
1722,0,0.061244059,0.000061856,0,0,0,0,0,deberta_fallback
1723,0,0.124204232,0.000156689,0,0,0,0,0,deberta_fallback
1724,0,0.181199576,0.000058448,0,0,0,0,0,deberta_fallback
1725,0,0.076528839,0.000089743,0,0,0,0,0,deberta_fallback
1726,0,0.323893830,0.000053439,0,0,0,0,0,deberta_fallback
1727,0,0.147185068,0.000057223,0,0,0,0,0,deberta_fallback
1728,0,0.086670247,0.000067169,0,0,0,0,0,deberta_fallback
1729,0,0.151595642,0.000066898,0,0,0,0,0,deberta_fallback
1730,0,0.118402360,0.000100070,0,0,0,0,0,deberta_fallback
1731,0,0.270395996,0.000114656,0,0,0,0,0,deberta_fallback
1732,0,0.136338446,0.000089393,0,0,0,0,0,deberta_fallback
1733,0,0.044633329,0.000059050,0,0,0,0,0,tfidf_direct_benign
1734,0,0.082265983,0.000079673,0,0,0,0,0,deberta_fallback
1735,0,0.383752857,0.000055164,0,0,0,0,0,deberta_fallback
1736,0,0.374062067,0.000069270,0,0,0,0,0,deberta_fallback
1737,0,0.592218037,0.000069633,1,0,0,0,0,deberta_fallback
1738,0,0.116420826,0.000065356,0,0,0,0,0,deberta_fallback
1739,0,0.079923668,0.000062897,0,0,0,0,0,deberta_fallback
1740,0,0.121041973,0.000274176,0,0,0,0,0,deberta_fallback
1741,0,0.088992410,0.000058825,0,0,0,0,0,deberta_fallback
1742,0,0.150599200,0.000283210,0,0,0,0,0,deberta_fallback
1743,0,0.190301255,0.000080658,0,0,0,0,0,deberta_fallback
1744,0,0.213442041,0.000051918,0,0,0,0,0,deberta_fallback
1745,0,0.170476926,0.999889493,0,1,0,1,1,deberta_fallback
1746,0,0.085870849,0.000051210,0,0,0,0,0,deberta_fallback
1747,0,0.122554855,0.991423190,0,1,0,1,1,deberta_fallback
1748,0,0.333747500,0.000160279,0,0,0,0,0,deberta_fallback
1749,0,0.066782091,0.000089939,0,0,0,0,0,deberta_fallback
1750,1,0.739705220,0.999991775,1,1,1,1,1,deberta_fallback
1751,1,0.737670511,0.999992132,1,1,1,1,1,deberta_fallback
1752,1,0.827948626,0.999987721,1,1,1,1,1,deberta_fallback
1753,1,0.963739687,0.999801815,1,1,1,1,1,tfidf_direct_attack
1754,1,0.804054501,0.999930143,1,1,1,1,1,deberta_fallback
1755,1,0.611128952,0.999592602,1,1,0,1,1,deberta_fallback
1756,1,0.824537813,0.999533296,1,1,1,1,1,deberta_fallback
1757,1,0.722907473,0.820269406,1,1,1,0,0,deberta_fallback
1758,1,0.762817015,0.794663966,1,1,1,0,0,deberta_fallback
1759,1,0.491930227,0.999976277,0,1,0,1,1,deberta_fallback
1760,1,0.757604985,0.999990106,1,1,1,1,1,deberta_fallback
1761,1,0.776601118,0.973091722,1,1,1,1,1,deberta_fallback
1762,1,0.911918648,0.999976873,1,1,1,1,1,deberta_fallback
1763,1,0.843469662,0.000240287,1,0,1,0,0,deberta_fallback
1764,1,0.877673086,0.994898856,1,1,1,1,1,deberta_fallback
1765,1,0.934393228,0.999992371,1,1,1,1,1,tfidf_direct_attack
1766,1,0.951342582,0.999981046,1,1,1,1,1,tfidf_direct_attack
1767,1,0.834418998,0.999982834,1,1,1,1,1,deberta_fallback
1768,1,0.472755491,0.965285480,0,1,0,1,1,deberta_fallback
1769,1,0.561202240,0.999974966,1,1,0,1,1,deberta_fallback
1770,1,0.808612223,0.999990940,1,1,1,1,1,deberta_fallback
1771,1,0.618971804,0.997508645,1,1,0,1,1,deberta_fallback
1772,1,0.285526017,0.999986053,0,1,0,1,1,deberta_fallback
1773,1,0.833977078,0.999795377,1,1,1,1,1,deberta_fallback
1774,1,0.928974969,0.999990463,1,1,1,1,1,tfidf_direct_attack
1775,1,0.958168217,0.999986887,1,1,1,1,1,tfidf_direct_attack
1776,1,0.742976677,0.999952078,1,1,1,1,1,deberta_fallback
1777,1,0.402353723,0.987512410,0,1,0,1,1,deberta_fallback
1778,1,0.610640524,0.998303413,1,1,0,1,1,deberta_fallback
1779,1,0.897598924,0.999988437,1,1,1,1,1,deberta_fallback
1780,1,0.739740282,0.999986649,1,1,1,1,1,deberta_fallback
1781,1,0.468598094,0.303180575,0,0,0,0,0,deberta_fallback
1782,1,0.673505023,0.001668834,1,0,1,0,0,deberta_fallback
1783,1,0.938982956,0.999989390,1,1,1,1,1,tfidf_direct_attack
1784,1,0.738279858,0.999992251,1,1,1,1,1,deberta_fallback
1785,1,0.953189368,0.999990344,1,1,1,1,1,tfidf_direct_attack
1786,1,0.800453055,0.999979138,1,1,1,1,1,deberta_fallback
1787,1,0.765969753,0.999875426,1,1,1,1,1,deberta_fallback
1788,1,0.526890222,0.999971390,1,1,0,1,1,deberta_fallback
1789,1,0.485383264,0.999539375,0,1,0,1,1,deberta_fallback
1790,1,0.971560783,0.999991655,1,1,1,1,1,tfidf_direct_attack
1791,1,0.970139833,0.999719083,1,1,1,1,1,tfidf_direct_attack
1792,1,0.793276537,0.999986529,1,1,1,1,1,deberta_fallback
1793,1,0.706492752,0.000091623,1,0,1,0,0,deberta_fallback
1794,1,0.768058753,0.999956489,1,1,1,1,1,deberta_fallback
1795,1,0.830034458,0.999265373,1,1,1,1,1,deberta_fallback
1796,1,0.769449327,0.001018197,1,0,1,0,0,deberta_fallback
1797,1,0.853767322,0.999948382,1,1,1,1,1,deberta_fallback
1798,1,0.853105747,0.999185145,1,1,1,1,1,deberta_fallback
1799,1,0.650694200,0.999900579,1,1,0,1,1,deberta_fallback
1800,1,0.801912575,0.999985695,1,1,1,1,1,deberta_fallback
1801,1,0.908956145,0.999988794,1,1,1,1,1,deberta_fallback
1802,1,0.893745719,0.999991298,1,1,1,1,1,deberta_fallback
1803,1,0.679226521,0.000378667,1,0,1,0,0,deberta_fallback
1804,1,0.889873049,0.999709189,1,1,1,1,1,deberta_fallback
1805,1,0.888789015,0.999733269,1,1,1,1,1,deberta_fallback
1806,1,0.826489127,0.999932528,1,1,1,1,1,deberta_fallback
1807,1,0.501634052,0.997863829,1,1,0,1,1,deberta_fallback
1808,1,0.702678717,0.000618019,1,0,1,0,0,deberta_fallback
1809,1,0.757905113,0.999878287,1,1,1,1,1,deberta_fallback
1810,1,0.508824637,0.999985576,1,1,0,1,1,deberta_fallback
1811,1,0.853658259,0.003333401,1,0,1,0,0,deberta_fallback
1812,1,0.752713430,0.999955773,1,1,1,1,1,deberta_fallback
1813,1,0.716744866,0.999766886,1,1,1,1,1,deberta_fallback
1814,1,0.733196619,0.999453366,1,1,1,1,1,deberta_fallback
1815,1,0.541660328,0.000369455,1,0,0,0,0,deberta_fallback
1816,1,0.841453050,0.999968767,1,1,1,1,1,deberta_fallback
1817,1,0.744300813,0.998827636,1,1,1,1,1,deberta_fallback
1818,1,0.912537814,0.999961734,1,1,1,1,1,deberta_fallback
1819,1,0.769419991,0.999981046,1,1,1,1,1,deberta_fallback
1820,1,0.815012977,0.999961853,1,1,1,1,1,deberta_fallback
1821,1,0.870761009,0.999948621,1,1,1,1,1,deberta_fallback
1822,1,0.965163290,0.999992728,1,1,1,1,1,tfidf_direct_attack
1823,1,0.664688113,0.999986649,1,1,1,1,1,deberta_fallback
1824,1,0.905816291,0.999707639,1,1,1,1,1,deberta_fallback
1825,1,0.952200603,0.999988675,1,1,1,1,1,tfidf_direct_attack
1826,1,0.794148101,0.999388695,1,1,1,1,1,deberta_fallback
1827,1,0.851606665,0.999948740,1,1,1,1,1,deberta_fallback
1828,1,0.802017416,0.999962807,1,1,1,1,1,deberta_fallback
1829,1,0.866059638,0.999985933,1,1,1,1,1,deberta_fallback
1830,1,0.934818693,0.999911070,1,1,1,1,1,tfidf_direct_attack
1831,1,0.555779661,0.000237261,1,0,0,0,0,deberta_fallback
1832,1,0.536320004,0.999985695,1,1,0,1,1,deberta_fallback
1833,1,0.823994805,0.999989510,1,1,1,1,1,deberta_fallback
1834,1,0.862653837,0.999977231,1,1,1,1,1,deberta_fallback
1835,1,0.780781095,0.996681869,1,1,1,1,1,deberta_fallback
1836,1,0.639423878,0.999967694,1,1,0,1,1,deberta_fallback
1837,1,0.879512059,0.999975562,1,1,1,1,1,deberta_fallback
1838,1,0.520928553,0.931022823,1,1,0,1,1,deberta_fallback
1839,1,0.891811004,0.999990344,1,1,1,1,1,deberta_fallback
1840,1,0.619259355,0.999991655,1,1,0,1,1,deberta_fallback
1841,1,0.863035192,0.999448478,1,1,1,1,1,deberta_fallback
1842,1,0.827731147,0.999961019,1,1,1,1,1,deberta_fallback
1843,1,0.789728339,0.999991298,1,1,1,1,1,deberta_fallback
1844,1,0.922192357,0.999681711,1,1,1,1,1,tfidf_direct_attack
1845,1,0.548569109,0.987677753,1,1,0,1,1,deberta_fallback
1846,1,0.850451337,0.999987125,1,1,1,1,1,deberta_fallback
1847,1,0.916363924,0.999986529,1,1,1,1,1,deberta_fallback
1848,1,0.597905438,0.999976277,1,1,0,1,1,deberta_fallback
1849,1,0.780526338,0.999984622,1,1,1,1,1,deberta_fallback
1850,1,0.987152142,0.999987841,1,1,1,1,1,tfidf_direct_attack
1851,1,0.814210318,0.999570310,1,1,1,1,1,deberta_fallback
1852,1,0.884969643,0.999973655,1,1,1,1,1,deberta_fallback
1853,1,0.621746834,0.999973655,1,1,0,1,1,deberta_fallback
1854,1,0.953353940,0.999965191,1,1,1,1,1,tfidf_direct_attack
1855,1,0.868954213,0.999985814,1,1,1,1,1,deberta_fallback
1856,1,0.853095627,0.999988556,1,1,1,1,1,deberta_fallback
1857,1,0.857439563,0.000360963,1,0,1,0,0,deberta_fallback
1858,1,0.931199379,0.999840260,1,1,1,1,1,tfidf_direct_attack
1859,1,0.912629167,0.999963641,1,1,1,1,1,deberta_fallback
1860,1,0.506757912,0.001536303,1,0,0,0,0,deberta_fallback
1861,1,0.972133653,0.999980092,1,1,1,1,1,tfidf_direct_attack
1862,1,0.728253686,0.999937177,1,1,1,1,1,deberta_fallback
1863,1,0.875838247,0.999969482,1,1,1,1,1,deberta_fallback
1864,1,0.742462155,0.999874830,1,1,1,1,1,deberta_fallback
1865,1,0.806884425,0.999992490,1,1,1,1,1,deberta_fallback
1866,1,0.756107530,0.998711824,1,1,1,1,1,deberta_fallback
1867,1,0.718772338,0.999983430,1,1,1,1,1,deberta_fallback
1868,1,0.278850762,0.916288555,0,1,0,1,1,deberta_fallback
1869,1,0.755551712,0.999717891,1,1,1,1,1,deberta_fallback
1870,1,0.881925043,0.999790847,1,1,1,1,1,deberta_fallback
1871,1,0.887716602,0.999922276,1,1,1,1,1,deberta_fallback
1872,1,0.708183277,0.999988914,1,1,1,1,1,deberta_fallback
1873,1,0.728596357,0.999976158,1,1,1,1,1,deberta_fallback
1874,1,0.844146129,0.993721604,1,1,1,1,1,deberta_fallback
1875,1,0.638387592,0.999991059,1,1,0,1,1,deberta_fallback
1876,1,0.696021064,0.999989152,1,1,1,1,1,deberta_fallback
1877,1,0.860000289,0.996711612,1,1,1,1,1,deberta_fallback
1878,1,0.499002034,0.998257458,0,1,0,1,1,deberta_fallback
1879,1,0.414994095,0.999648452,0,1,0,1,1,deberta_fallback
1880,1,0.405781233,0.999878883,0,1,0,1,1,deberta_fallback
1881,1,0.712088844,0.999530196,1,1,1,1,1,deberta_fallback
1882,1,0.641617301,0.999736965,1,1,0,1,1,deberta_fallback
1883,1,0.540274884,0.996543467,1,1,0,1,1,deberta_fallback
1884,1,0.748449053,0.999061882,1,1,1,1,1,deberta_fallback
1885,1,0.704055001,0.999830842,1,1,1,1,1,deberta_fallback
1886,1,0.737766354,0.009807455,1,0,1,0,0,deberta_fallback
1887,1,0.887037368,0.999988317,1,1,1,1,1,deberta_fallback
1888,1,0.790447925,0.944868624,1,1,1,1,1,deberta_fallback
1889,1,0.541767220,0.999989271,1,1,0,1,1,deberta_fallback
1890,1,0.842089736,0.999988437,1,1,1,1,1,deberta_fallback
1891,1,0.778730207,0.999105752,1,1,1,1,1,deberta_fallback
1892,1,0.846214602,0.999990702,1,1,1,1,1,deberta_fallback
1893,1,0.863669998,0.999989986,1,1,1,1,1,deberta_fallback
1894,1,0.539577419,0.988267839,1,1,0,1,1,deberta_fallback
1895,1,0.795418513,0.999981761,1,1,1,1,1,deberta_fallback
1896,1,0.789748373,0.999693990,1,1,1,1,1,deberta_fallback
1897,1,0.616861297,0.999962330,1,1,0,1,1,deberta_fallback
1898,1,0.496462418,0.993460059,0,1,0,1,1,deberta_fallback
1899,1,0.793965856,0.999951959,1,1,1,1,1,deberta_fallback
1900,1,0.554679940,0.999947906,1,1,0,1,1,deberta_fallback
1901,1,0.958024572,0.999906301,1,1,1,1,1,tfidf_direct_attack
1902,1,0.768253154,0.999831915,1,1,1,1,1,deberta_fallback
1903,1,0.813326040,0.999965429,1,1,1,1,1,deberta_fallback
1904,1,0.834756262,0.999956846,1,1,1,1,1,deberta_fallback
1905,1,0.808599680,0.999616742,1,1,1,1,1,deberta_fallback
1906,1,0.240879096,0.849313915,0,1,0,0,0,deberta_fallback
1907,1,0.675672759,0.004028952,1,0,1,0,0,deberta_fallback
1908,1,0.559600863,0.001154337,1,0,0,0,0,deberta_fallback
1909,1,0.877428773,0.999991298,1,1,1,1,1,deberta_fallback
1910,1,0.793759259,0.999979138,1,1,1,1,1,deberta_fallback
1911,1,0.787246544,0.999990344,1,1,1,1,1,deberta_fallback
1912,1,0.856238210,0.300820291,1,0,1,0,0,deberta_fallback
1913,1,0.587776519,0.000400820,1,0,0,0,0,deberta_fallback
1914,1,0.633113380,0.999990940,1,1,0,1,1,deberta_fallback
1915,1,0.888259487,0.999980569,1,1,1,1,1,deberta_fallback
1916,1,0.658172449,0.999369919,1,1,1,1,1,deberta_fallback
1917,1,0.781758821,0.999988437,1,1,1,1,1,deberta_fallback
1918,1,0.953738626,0.999971867,1,1,1,1,1,tfidf_direct_attack
1919,1,0.935081867,0.999989271,1,1,1,1,1,tfidf_direct_attack
1920,1,0.661728388,0.999918938,1,1,1,1,1,deberta_fallback
1921,1,0.861595540,0.999988079,1,1,1,1,1,deberta_fallback
1922,1,0.788648741,0.999951959,1,1,1,1,1,deberta_fallback
1923,1,0.633489264,0.999964237,1,1,0,1,1,deberta_fallback
1924,1,0.791849320,0.999980211,1,1,1,1,1,deberta_fallback
1925,1,0.732273973,0.999793947,1,1,1,1,1,deberta_fallback
1926,1,0.871059733,0.999990106,1,1,1,1,1,deberta_fallback
1927,1,0.513851078,0.999734223,1,1,0,1,1,deberta_fallback
1928,1,0.729377732,0.999981284,1,1,1,1,1,deberta_fallback
1929,1,0.875742621,0.999161720,1,1,1,1,1,deberta_fallback
1930,1,0.750974512,0.999964952,1,1,1,1,1,deberta_fallback
1931,1,0.536264009,0.999644518,1,1,0,1,1,deberta_fallback
1932,1,0.738159470,0.999929547,1,1,1,1,1,deberta_fallback
1933,1,0.835165190,0.999989271,1,1,1,1,1,deberta_fallback
1934,1,0.406088601,0.000145697,0,0,0,0,0,deberta_fallback
1935,1,0.830807688,0.999988317,1,1,1,1,1,deberta_fallback
1936,1,0.817240170,0.999991417,1,1,1,1,1,deberta_fallback
1937,1,0.769887442,0.999977469,1,1,1,1,1,deberta_fallback
1938,1,0.765428715,0.999980807,1,1,1,1,1,deberta_fallback
1939,1,0.560541072,0.000385088,1,0,0,0,0,deberta_fallback
1940,1,0.693784530,0.999768317,1,1,1,1,1,deberta_fallback
1941,1,0.926150766,0.999825418,1,1,1,1,1,tfidf_direct_attack
1942,1,0.847776328,0.999969244,1,1,1,1,1,deberta_fallback
1943,1,0.800122917,0.999667525,1,1,1,1,1,deberta_fallback
1944,1,0.584862374,0.999990344,1,1,0,1,1,deberta_fallback
1945,1,0.812980864,0.996937871,1,1,1,1,1,deberta_fallback
1946,1,0.645186480,0.998891532,1,1,0,1,1,deberta_fallback
1947,1,0.554345910,0.006197045,1,0,0,0,0,deberta_fallback
1948,1,0.829575013,0.999987245,1,1,1,1,1,deberta_fallback
1949,1,0.926044044,0.999704182,1,1,1,1,1,tfidf_direct_attack
1950,1,0.515833348,0.997477472,1,1,0,1,1,deberta_fallback
1951,1,0.559001724,0.999887586,1,1,0,1,1,deberta_fallback
1952,1,0.960793289,0.999990582,1,1,1,1,1,tfidf_direct_attack
1953,1,0.986898312,0.999992490,1,1,1,1,1,tfidf_direct_attack
1954,1,0.585350457,0.043073900,1,0,0,0,0,deberta_fallback
1955,1,0.560854767,0.999877572,1,1,0,1,1,deberta_fallback
1956,1,0.774634547,0.995269358,1,1,1,1,1,deberta_fallback
1957,1,0.732269967,0.999902606,1,1,1,1,1,deberta_fallback
1958,1,0.591008941,0.020904057,1,0,0,0,0,deberta_fallback
1959,1,0.749959363,0.999991179,1,1,1,1,1,deberta_fallback
1960,1,0.350256903,0.010036171,0,0,0,0,0,deberta_fallback
1961,1,0.592069873,0.999958992,1,1,0,1,1,deberta_fallback
1962,1,0.757119855,0.999946117,1,1,1,1,1,deberta_fallback
1963,1,0.570292261,0.999790490,1,1,0,1,1,deberta_fallback
1964,1,0.883287437,0.999971747,1,1,1,1,1,deberta_fallback
1965,1,0.861371303,0.999886274,1,1,1,1,1,deberta_fallback
1966,1,0.760672524,0.934161961,1,1,1,1,1,deberta_fallback
1967,1,0.742782378,0.999623895,1,1,1,1,1,deberta_fallback
1968,1,0.471941617,0.002630861,0,0,0,0,0,deberta_fallback
1969,1,0.642113800,0.999964476,1,1,0,1,1,deberta_fallback
1970,1,0.842476714,0.999985695,1,1,1,1,1,deberta_fallback
1971,1,0.446363778,0.000702542,0,0,0,0,0,deberta_fallback
1972,1,0.950678259,0.999990821,1,1,1,1,1,tfidf_direct_attack
1973,1,0.894285688,0.999979496,1,1,1,1,1,deberta_fallback
1974,1,0.838609285,0.999902368,1,1,1,1,1,deberta_fallback
1975,1,0.920791369,0.999487281,1,1,1,1,1,tfidf_direct_attack
1976,1,0.946250568,0.999892950,1,1,1,1,1,tfidf_direct_attack
1977,1,0.903190308,0.999990821,1,1,1,1,1,deberta_fallback
1978,1,0.933257732,0.999968171,1,1,1,1,1,tfidf_direct_attack
1979,1,0.594792655,0.999954224,1,1,0,1,1,deberta_fallback
1980,1,0.960953998,0.999953151,1,1,1,1,1,tfidf_direct_attack
1981,1,0.677127405,0.999497294,1,1,1,1,1,deberta_fallback
1982,1,0.868438962,0.999962091,1,1,1,1,1,deberta_fallback
1983,1,0.690754714,0.999987483,1,1,1,1,1,deberta_fallback
1984,1,0.639940255,0.998894751,1,1,0,1,1,deberta_fallback
1985,1,0.560622943,0.807769716,1,1,0,0,0,deberta_fallback
1986,1,0.673285835,0.999849439,1,1,1,1,1,deberta_fallback
1987,1,0.562196434,0.999785364,1,1,0,1,1,deberta_fallback
1988,1,0.617333870,0.999992013,1,1,0,1,1,deberta_fallback
1989,1,0.875850836,0.999990463,1,1,1,1,1,deberta_fallback
1990,1,0.949194511,0.999989271,1,1,1,1,1,tfidf_direct_attack
1991,1,0.829853850,0.999990940,1,1,1,1,1,deberta_fallback
1992,1,0.857462466,0.999974966,1,1,1,1,1,deberta_fallback
1993,1,0.829008869,0.999991417,1,1,1,1,1,deberta_fallback
1994,1,0.841591781,0.999931574,1,1,1,1,1,deberta_fallback
1995,1,0.674904581,0.999981046,1,1,1,1,1,deberta_fallback
1996,1,0.898948328,0.999928832,1,1,1,1,1,deberta_fallback
1997,1,0.708674951,0.924748361,1,1,1,1,1,deberta_fallback
1998,1,0.897033353,0.999496222,1,1,1,1,1,deberta_fallback
1999,1,0.612371457,0.999987721,1,1,0,1,1,deberta_fallback
