row_index,label,tfidf_score,deberta_score,tfidf_prediction_0_5,deberta_prediction_0_5,tfidf_prediction_fpr_budget,deberta_prediction_fpr_budget,cascade_prediction,cascade_route
0,1,0.924778189,0.999992967,1,1,1,1,1,tfidf_direct_attack
1,1,0.664515904,0.999992847,1,1,1,1,1,deberta_fallback
2,1,0.841993358,0.999991894,1,1,1,1,1,deberta_fallback
3,1,0.824858760,0.999989629,1,1,1,1,1,deberta_fallback
4,1,0.983635992,0.999991894,1,1,1,1,1,tfidf_direct_attack
5,1,0.832291776,0.999981284,1,1,1,1,1,deberta_fallback
6,1,0.873859760,0.999992847,1,1,1,1,1,deberta_fallback
7,1,0.960012048,0.999968410,1,1,1,1,1,tfidf_direct_attack
8,1,0.791792839,0.999983191,1,1,1,1,1,deberta_fallback
9,1,0.772793734,0.999968171,1,1,1,1,1,deberta_fallback
10,1,0.949327981,0.999982715,1,1,1,1,1,tfidf_direct_attack
11,1,0.601257841,0.999964237,1,1,0,1,1,deberta_fallback
12,1,0.927390356,0.999993086,1,1,1,1,1,tfidf_direct_attack
13,1,0.892914874,0.999991298,1,1,1,1,1,deberta_fallback
14,1,0.704371146,0.998060286,1,1,1,1,1,deberta_fallback
15,1,0.441546397,0.999927998,0,1,0,1,1,deberta_fallback
16,1,0.887310290,0.999985933,1,1,1,1,1,deberta_fallback
17,1,0.942965641,0.999989271,1,1,1,1,1,tfidf_direct_attack
18,1,0.823664181,0.999942422,1,1,1,1,1,deberta_fallback
19,1,0.985523731,0.999993086,1,1,1,1,1,tfidf_direct_attack
20,1,0.897015906,0.999982595,1,1,1,1,1,deberta_fallback
21,1,0.691026792,0.999431789,1,1,1,1,1,deberta_fallback
22,1,0.825465745,0.999965072,1,1,1,1,1,deberta_fallback
23,1,0.970187304,0.999989271,1,1,1,1,1,tfidf_direct_attack
24,1,0.897696672,0.999990106,1,1,1,1,1,deberta_fallback
25,1,0.829056141,0.999548614,1,1,1,1,1,deberta_fallback
26,1,0.833317812,0.999989748,1,1,1,1,1,deberta_fallback
27,1,0.791753970,0.999990106,1,1,1,1,1,deberta_fallback
28,1,0.842692199,0.999990940,1,1,1,1,1,deberta_fallback
29,1,0.822002906,0.999747097,1,1,1,1,1,deberta_fallback
30,1,0.532012093,0.715386569,1,1,0,0,0,deberta_fallback
31,1,0.865678514,0.999371350,1,1,1,1,1,deberta_fallback
32,1,0.783402223,0.999977589,1,1,1,1,1,deberta_fallback
33,1,0.785727490,0.999986291,1,1,1,1,1,deberta_fallback
34,1,0.925726900,0.999992013,1,1,1,1,1,tfidf_direct_attack
35,1,0.630875740,0.999846935,1,1,0,1,1,deberta_fallback
36,1,0.945720714,0.999990821,1,1,1,1,1,tfidf_direct_attack
37,1,0.441060484,0.999014735,0,1,0,1,1,deberta_fallback
38,1,0.463595872,0.999978781,0,1,0,1,1,deberta_fallback
39,1,0.537853621,0.998586535,1,1,0,1,1,deberta_fallback
40,1,0.939979103,0.999988317,1,1,1,1,1,tfidf_direct_attack
41,1,0.777292620,0.999990344,1,1,1,1,1,deberta_fallback
42,1,0.802999948,0.999907613,1,1,1,1,1,deberta_fallback
43,1,0.963804889,0.999984026,1,1,1,1,1,tfidf_direct_attack
44,1,0.574879961,0.999889135,1,1,0,1,1,deberta_fallback
45,1,0.932615880,0.999989629,1,1,1,1,1,tfidf_direct_attack
46,1,0.824871513,0.999918818,1,1,1,1,1,deberta_fallback
47,1,0.700822566,0.999653339,1,1,1,1,1,deberta_fallback
48,1,0.596533972,0.999903321,1,1,0,1,1,deberta_fallback
49,1,0.869152902,0.999973178,1,1,1,1,1,deberta_fallback
50,1,0.644592540,0.999960661,1,1,0,1,1,deberta_fallback
51,1,0.952290371,0.999990225,1,1,1,1,1,tfidf_direct_attack
52,1,0.968169294,0.999984741,1,1,1,1,1,tfidf_direct_attack
53,1,0.476860601,0.998590052,0,1,0,1,1,deberta_fallback
54,1,0.792056076,0.999984145,1,1,1,1,1,deberta_fallback
55,1,0.586356738,0.999990821,1,1,0,1,1,deberta_fallback
56,1,0.817894098,0.990439892,1,1,1,1,1,deberta_fallback
57,1,0.929134503,0.999989271,1,1,1,1,1,tfidf_direct_attack
58,1,0.755193365,0.999991059,1,1,1,1,1,deberta_fallback
59,1,0.762204883,0.999846339,1,1,1,1,1,deberta_fallback
60,1,0.501707552,0.999871731,1,1,0,1,1,deberta_fallback
61,1,0.641016971,0.999984026,1,1,0,1,1,deberta_fallback
62,1,0.845751162,0.999988675,1,1,1,1,1,deberta_fallback
63,1,0.844860585,0.999991655,1,1,1,1,1,deberta_fallback
64,1,0.673965141,0.999979973,1,1,1,1,1,deberta_fallback
65,1,0.786849457,0.999989748,1,1,1,1,1,deberta_fallback
66,1,0.914454907,0.999916315,1,1,1,1,1,deberta_fallback
67,1,0.885363744,0.999992609,1,1,1,1,1,deberta_fallback
68,1,0.888348227,0.999991059,1,1,1,1,1,deberta_fallback
69,1,0.635299545,0.999986649,1,1,0,1,1,deberta_fallback
70,1,0.983590029,0.999991655,1,1,1,1,1,tfidf_direct_attack
71,1,0.986869761,0.999992967,1,1,1,1,1,tfidf_direct_attack
72,1,0.881516765,0.999987721,1,1,1,1,1,deberta_fallback
73,1,0.942004570,0.999990582,1,1,1,1,1,tfidf_direct_attack
74,1,0.875867074,0.999990821,1,1,1,1,1,deberta_fallback
75,1,0.856748909,0.999769747,1,1,1,1,1,deberta_fallback
76,1,0.547554721,0.999844432,1,1,0,1,1,deberta_fallback
77,1,0.963814382,0.999991179,1,1,1,1,1,tfidf_direct_attack
78,1,0.701519592,0.999927998,1,1,1,1,1,deberta_fallback
79,1,0.642172137,0.005682365,1,0,0,0,0,deberta_fallback
80,1,0.838343236,0.999471843,1,1,1,1,1,deberta_fallback
81,1,0.814273105,0.999957204,1,1,1,1,1,deberta_fallback
82,1,0.844111341,0.999992013,1,1,1,1,1,deberta_fallback
83,1,0.806697317,0.999989510,1,1,1,1,1,deberta_fallback
84,1,0.829566237,0.999990106,1,1,1,1,1,deberta_fallback
85,1,0.945202126,0.999861479,1,1,1,1,1,tfidf_direct_attack
86,1,0.689666157,0.994939566,1,1,1,1,1,deberta_fallback
87,1,0.647733211,0.999792635,1,1,0,1,1,deberta_fallback
88,1,0.821785662,0.999992490,1,1,1,1,1,deberta_fallback
89,1,0.860519832,0.999988675,1,1,1,1,1,deberta_fallback
90,1,0.660005600,0.999798119,1,1,1,1,1,deberta_fallback
91,1,0.564851163,0.999825656,1,1,0,1,1,deberta_fallback
92,1,0.869993742,0.999966264,1,1,1,1,1,deberta_fallback
93,1,0.538853991,0.999830365,1,1,0,1,1,deberta_fallback
94,1,0.939444682,0.999991417,1,1,1,1,1,tfidf_direct_attack
95,1,0.900613125,0.999993086,1,1,1,1,1,deberta_fallback
96,1,0.796110929,0.999974489,1,1,1,1,1,deberta_fallback
97,1,0.962334747,0.999993086,1,1,1,1,1,tfidf_direct_attack
98,1,0.794215064,0.999963641,1,1,1,1,1,deberta_fallback
99,1,0.580454401,0.999984264,1,1,0,1,1,deberta_fallback
100,1,0.769241819,0.999964118,1,1,1,1,1,deberta_fallback
101,1,0.410084601,0.999988556,0,1,0,1,1,deberta_fallback
102,1,0.772884672,0.999990344,1,1,1,1,1,deberta_fallback
103,1,0.813674287,0.999917269,1,1,1,1,1,deberta_fallback
104,1,0.654636661,0.999947190,1,1,1,1,1,deberta_fallback
105,1,0.979361884,0.999992609,1,1,1,1,1,tfidf_direct_attack
106,1,0.875220266,0.999992013,1,1,1,1,1,deberta_fallback
107,1,0.468355546,0.999977469,0,1,0,1,1,deberta_fallback
108,1,0.898597827,0.999984980,1,1,1,1,1,deberta_fallback
109,1,0.813767834,0.999971390,1,1,1,1,1,deberta_fallback
110,1,0.871411980,0.999960780,1,1,1,1,1,deberta_fallback
111,1,0.709589340,0.999980569,1,1,1,1,1,deberta_fallback
112,1,0.952633763,0.999940157,1,1,1,1,1,tfidf_direct_attack
113,1,0.823867942,0.999990582,1,1,1,1,1,deberta_fallback
114,1,0.801468639,0.999987721,1,1,1,1,1,deberta_fallback
115,1,0.906514680,0.999895453,1,1,1,1,1,deberta_fallback
116,1,0.571845069,0.999981046,1,1,0,1,1,deberta_fallback
117,1,0.968756926,0.999993086,1,1,1,1,1,tfidf_direct_attack
118,1,0.739431813,0.997499883,1,1,1,1,1,deberta_fallback
119,1,0.593771082,0.999989271,1,1,0,1,1,deberta_fallback
120,1,0.570324362,0.999978662,1,1,0,1,1,deberta_fallback
121,1,0.640870743,0.999709308,1,1,0,1,1,deberta_fallback
122,1,0.961231222,0.999992967,1,1,1,1,1,tfidf_direct_attack
123,1,0.835339004,0.999982834,1,1,1,1,1,deberta_fallback
124,1,0.892772635,0.999991179,1,1,1,1,1,deberta_fallback
125,1,0.970653328,0.999987960,1,1,1,1,1,tfidf_direct_attack
126,1,0.971631657,0.999989748,1,1,1,1,1,tfidf_direct_attack
127,1,0.801481575,0.999974251,1,1,1,1,1,deberta_fallback
128,1,0.770443603,0.999990582,1,1,1,1,1,deberta_fallback
129,1,0.401116963,0.998701811,0,1,0,1,1,deberta_fallback
130,1,0.689374660,0.999899626,1,1,1,1,1,deberta_fallback
131,1,0.712911402,0.999666333,1,1,1,1,1,deberta_fallback
132,1,0.813987693,0.999966264,1,1,1,1,1,deberta_fallback
133,1,0.945726025,0.999988317,1,1,1,1,1,tfidf_direct_attack
134,1,0.616957610,0.999976397,1,1,0,1,1,deberta_fallback
135,1,0.599972889,0.999318480,1,1,0,1,1,deberta_fallback
136,1,0.680965977,0.999987602,1,1,1,1,1,deberta_fallback
137,1,0.914960645,0.999992609,1,1,1,1,1,deberta_fallback
138,1,0.753789951,0.986414492,1,1,1,1,1,deberta_fallback
139,1,0.666245508,0.999981880,1,1,1,1,1,deberta_fallback
140,1,0.784429447,0.077371746,1,0,1,0,0,deberta_fallback
141,1,0.754764331,0.999986529,1,1,1,1,1,deberta_fallback
142,1,0.826655390,0.999984622,1,1,1,1,1,deberta_fallback
143,1,0.920487841,0.999988317,1,1,1,1,1,tfidf_direct_attack
144,1,0.869229598,0.999947190,1,1,1,1,1,deberta_fallback
145,1,0.816941419,0.999990582,1,1,1,1,1,deberta_fallback
146,1,0.914074898,0.999989152,1,1,1,1,1,deberta_fallback
147,1,0.868416476,0.999946356,1,1,1,1,1,deberta_fallback
148,1,0.638327212,0.999992728,1,1,0,1,1,deberta_fallback
149,1,0.824795617,0.999978423,1,1,1,1,1,deberta_fallback
150,1,0.833291139,0.999984980,1,1,1,1,1,deberta_fallback
151,1,0.907851654,0.999955177,1,1,1,1,1,deberta_fallback
152,1,0.484029757,0.999945521,0,1,0,1,1,deberta_fallback
153,1,0.856560327,0.999992967,1,1,1,1,1,deberta_fallback
154,1,0.605567045,0.998646080,1,1,0,1,1,deberta_fallback
155,1,0.394453067,0.999856949,0,1,0,1,1,deberta_fallback
156,1,0.581518794,0.998599350,1,1,0,1,1,deberta_fallback
157,1,0.855487489,0.999990106,1,1,1,1,1,deberta_fallback
158,1,0.871863844,0.999961615,1,1,1,1,1,deberta_fallback
159,1,0.584564232,0.999881506,1,1,0,1,1,deberta_fallback
160,1,0.926471242,0.999988317,1,1,1,1,1,tfidf_direct_attack
161,1,0.847695180,0.999766171,1,1,1,1,1,deberta_fallback
162,1,0.903804215,0.999992728,1,1,1,1,1,deberta_fallback
163,1,0.788109212,0.999988317,1,1,1,1,1,deberta_fallback
164,1,0.962555843,0.999982238,1,1,1,1,1,tfidf_direct_attack
165,1,0.737946188,0.999941230,1,1,1,1,1,deberta_fallback
166,1,0.864723958,0.999992013,1,1,1,1,1,deberta_fallback
167,1,0.966348831,0.999962568,1,1,1,1,1,tfidf_direct_attack
168,1,0.561845473,0.999984860,1,1,0,1,1,deberta_fallback
169,1,0.899450323,0.999989033,1,1,1,1,1,deberta_fallback
170,1,0.748810940,0.991094708,1,1,1,1,1,deberta_fallback
171,1,0.873784115,0.999977827,1,1,1,1,1,deberta_fallback
172,1,0.792720654,0.999955535,1,1,1,1,1,deberta_fallback
173,1,0.687190474,0.998715162,1,1,1,1,1,deberta_fallback
174,1,0.532250009,0.999879241,1,1,0,1,1,deberta_fallback
175,1,0.920132739,0.999990463,1,1,1,1,1,tfidf_direct_attack
176,1,0.900266342,0.999991655,1,1,1,1,1,deberta_fallback
177,1,0.932201299,0.998931229,1,1,1,1,1,tfidf_direct_attack
178,1,0.684872652,0.999988675,1,1,1,1,1,deberta_fallback
179,1,0.363757035,0.999958634,0,1,0,1,1,deberta_fallback
180,1,0.941175241,0.999991298,1,1,1,1,1,tfidf_direct_attack
181,1,0.885181772,0.999972820,1,1,1,1,1,deberta_fallback
182,1,0.929082724,0.999986768,1,1,1,1,1,tfidf_direct_attack
183,1,0.761408981,0.999976993,1,1,1,1,1,deberta_fallback
184,1,0.557496606,0.999954104,1,1,0,1,1,deberta_fallback
185,1,0.688094041,0.999989271,1,1,1,1,1,deberta_fallback
186,1,0.915722180,0.999991059,1,1,1,1,1,deberta_fallback
187,1,0.789620534,0.999979258,1,1,1,1,1,deberta_fallback
188,1,0.773460428,0.997254312,1,1,1,1,1,deberta_fallback
189,1,0.970736652,0.999990821,1,1,1,1,1,tfidf_direct_attack
190,1,0.970114079,0.999989390,1,1,1,1,1,tfidf_direct_attack
191,1,0.500381496,0.999977469,1,1,0,1,1,deberta_fallback
192,1,0.813215160,0.999989629,1,1,1,1,1,deberta_fallback
193,1,0.882210205,0.999988914,1,1,1,1,1,deberta_fallback
194,1,0.931739288,0.999992967,1,1,1,1,1,tfidf_direct_attack
195,1,0.848792445,0.997511506,1,1,1,1,1,deberta_fallback
196,1,0.725861609,0.999941826,1,1,1,1,1,deberta_fallback
197,1,0.907225084,0.999932647,1,1,1,1,1,deberta_fallback
198,1,0.566097122,0.999989748,1,1,0,1,1,deberta_fallback
199,1,0.927895764,0.999990225,1,1,1,1,1,tfidf_direct_attack
200,1,0.534134249,0.999990702,1,1,0,1,1,deberta_fallback
201,1,0.672346213,0.992643535,1,1,1,1,1,deberta_fallback
202,1,0.549509503,0.999737084,1,1,0,1,1,deberta_fallback
203,1,0.898056079,0.999939203,1,1,1,1,1,deberta_fallback
204,1,0.886665768,0.999787152,1,1,1,1,1,deberta_fallback
205,1,0.793496657,0.999965310,1,1,1,1,1,deberta_fallback
206,1,0.669778844,0.998738825,1,1,1,1,1,deberta_fallback
207,1,0.634101822,0.999945045,1,1,0,1,1,deberta_fallback
208,1,0.849889146,0.999932647,1,1,1,1,1,deberta_fallback
209,1,0.529590796,0.999986172,1,1,0,1,1,deberta_fallback
210,1,0.814755575,0.999991179,1,1,1,1,1,deberta_fallback
211,1,0.725801476,0.999982834,1,1,1,1,1,deberta_fallback
212,1,0.884785625,0.999981761,1,1,1,1,1,deberta_fallback
213,1,0.580076108,0.989519238,1,1,0,1,1,deberta_fallback
214,1,0.980220574,0.999993086,1,1,1,1,1,tfidf_direct_attack
215,1,0.818004279,0.999953985,1,1,1,1,1,deberta_fallback
216,1,0.779084076,0.999988437,1,1,1,1,1,deberta_fallback
217,1,0.460813845,0.999931335,0,1,0,1,1,deberta_fallback
218,1,0.861309853,0.999909997,1,1,1,1,1,deberta_fallback
219,1,0.946293685,0.999986887,1,1,1,1,1,tfidf_direct_attack
220,1,0.797890284,0.999990821,1,1,1,1,1,deberta_fallback
221,1,0.954928730,0.999992132,1,1,1,1,1,tfidf_direct_attack
222,1,0.965626133,0.999991179,1,1,1,1,1,tfidf_direct_attack
223,1,0.676551280,0.999989986,1,1,1,1,1,deberta_fallback
224,1,0.740503051,0.999966145,1,1,1,1,1,deberta_fallback
225,1,0.883592768,0.999992013,1,1,1,1,1,deberta_fallback
226,1,0.994722052,0.999991536,1,1,1,1,1,tfidf_direct_attack
227,1,0.876251112,0.999990225,1,1,1,1,1,deberta_fallback
228,1,0.680866143,0.963499606,1,1,1,1,1,deberta_fallback
229,1,0.790573285,0.999962568,1,1,1,1,1,deberta_fallback
230,1,0.733772401,0.999926209,1,1,1,1,1,deberta_fallback
231,1,0.672962492,0.999976635,1,1,1,1,1,deberta_fallback
232,1,0.844083553,0.999984264,1,1,1,1,1,deberta_fallback
233,1,0.921156028,0.999992371,1,1,1,1,1,tfidf_direct_attack
234,1,0.718258500,0.999968529,1,1,1,1,1,deberta_fallback
235,1,0.985575877,0.999985099,1,1,1,1,1,tfidf_direct_attack
236,1,0.661197057,0.999872327,1,1,1,1,1,deberta_fallback
237,1,0.802650872,0.001173787,1,0,1,0,0,deberta_fallback
238,1,0.803421444,0.999973059,1,1,1,1,1,deberta_fallback
239,1,0.821462622,0.999616146,1,1,1,1,1,deberta_fallback
240,1,0.914395684,0.999989748,1,1,1,1,1,deberta_fallback
241,1,0.929457871,0.999977708,1,1,1,1,1,tfidf_direct_attack
242,1,0.706566753,0.999974489,1,1,1,1,1,deberta_fallback
243,1,0.827833120,0.998127997,1,1,1,1,1,deberta_fallback
244,1,0.756137467,0.999981165,1,1,1,1,1,deberta_fallback
245,1,0.572314412,0.999935627,1,1,0,1,1,deberta_fallback
246,1,0.963266449,0.999988198,1,1,1,1,1,tfidf_direct_attack
247,1,0.964196082,0.999988914,1,1,1,1,1,tfidf_direct_attack
248,1,0.907099971,0.999992132,1,1,1,1,1,deberta_fallback
249,1,0.730088491,0.999668241,1,1,1,1,1,deberta_fallback
250,1,0.930201767,0.999868512,1,1,1,1,1,tfidf_direct_attack
251,1,0.915407720,0.999976158,1,1,1,1,1,deberta_fallback
252,1,0.942643991,0.999989867,1,1,1,1,1,tfidf_direct_attack
253,1,0.864367516,0.999992728,1,1,1,1,1,deberta_fallback
254,1,0.794285319,0.999992132,1,1,1,1,1,deberta_fallback
255,1,0.773591443,0.999986291,1,1,1,1,1,deberta_fallback
256,1,0.737324872,0.999986768,1,1,1,1,1,deberta_fallback
257,1,0.981049358,0.999990821,1,1,1,1,1,tfidf_direct_attack
258,1,0.934104395,0.999935150,1,1,1,1,1,tfidf_direct_attack
259,1,0.527317555,0.999961615,1,1,0,1,1,deberta_fallback
260,1,0.922184249,0.999943852,1,1,1,1,1,tfidf_direct_attack
261,1,0.686116482,0.999989390,1,1,1,1,1,deberta_fallback
262,1,0.705964163,0.996758759,1,1,1,1,1,deberta_fallback
263,1,0.776880332,0.999342144,1,1,1,1,1,deberta_fallback
264,1,0.629994794,0.999989867,1,1,0,1,1,deberta_fallback
265,1,0.873126225,0.999978423,1,1,1,1,1,deberta_fallback
266,1,0.894069154,0.999882340,1,1,1,1,1,deberta_fallback
267,1,0.950215945,0.999988556,1,1,1,1,1,tfidf_direct_attack
268,1,0.466557431,0.999971271,0,1,0,1,1,deberta_fallback
269,1,0.916239330,0.997241497,1,1,1,1,1,deberta_fallback
270,1,0.865254050,0.999989033,1,1,1,1,1,deberta_fallback
271,1,0.934533846,0.999933600,1,1,1,1,1,tfidf_direct_attack
272,1,0.763014660,0.999922633,1,1,1,1,1,deberta_fallback
273,1,0.959685179,0.999976039,1,1,1,1,1,tfidf_direct_attack
274,1,0.962403549,0.999982715,1,1,1,1,1,tfidf_direct_attack
275,1,0.939724502,0.999986887,1,1,1,1,1,tfidf_direct_attack
276,1,0.894031766,0.999965668,1,1,1,1,1,deberta_fallback
277,1,0.726553881,0.999626637,1,1,1,1,1,deberta_fallback
278,1,0.934536825,0.999984264,1,1,1,1,1,tfidf_direct_attack
279,1,0.717773750,0.992542863,1,1,1,1,1,deberta_fallback
280,1,0.663979851,0.999979496,1,1,1,1,1,deberta_fallback
281,1,0.818266447,0.999981999,1,1,1,1,1,deberta_fallback
282,1,0.639946772,0.999987841,1,1,0,1,1,deberta_fallback
283,1,0.797139211,0.999877334,1,1,1,1,1,deberta_fallback
284,1,0.976771951,0.999992490,1,1,1,1,1,tfidf_direct_attack
285,1,0.890071249,0.999938369,1,1,1,1,1,deberta_fallback
286,1,0.329924420,0.981676817,0,1,0,1,1,deberta_fallback
287,1,0.759919618,0.999991298,1,1,1,1,1,deberta_fallback
288,1,0.735448948,0.999986649,1,1,1,1,1,deberta_fallback
289,1,0.883856854,0.999977469,1,1,1,1,1,deberta_fallback
290,1,0.516958788,0.999860764,1,1,0,1,1,deberta_fallback
291,1,0.936345503,0.999974012,1,1,1,1,1,tfidf_direct_attack
292,1,0.636213554,0.988866031,1,1,0,1,1,deberta_fallback
293,1,0.913306381,0.999988794,1,1,1,1,1,deberta_fallback
294,1,0.859430715,0.999928713,1,1,1,1,1,deberta_fallback
295,1,0.884630024,0.999492764,1,1,1,1,1,deberta_fallback
296,1,0.592404814,0.999534845,1,1,0,1,1,deberta_fallback
297,1,0.904148273,0.999967813,1,1,1,1,1,deberta_fallback
298,1,0.604258023,0.999990582,1,1,0,1,1,deberta_fallback
299,1,0.942793571,0.999992728,1,1,1,1,1,tfidf_direct_attack
300,1,0.582328329,0.999765813,1,1,0,1,1,deberta_fallback
301,1,0.806551803,0.999975681,1,1,1,1,1,deberta_fallback
302,1,0.639822545,0.999983907,1,1,0,1,1,deberta_fallback
303,1,0.779888067,0.999988317,1,1,1,1,1,deberta_fallback
304,1,0.809718392,0.999987364,1,1,1,1,1,deberta_fallback
305,1,0.794409341,0.999812543,1,1,1,1,1,deberta_fallback
306,1,0.646978244,0.999946594,1,1,0,1,1,deberta_fallback
307,1,0.745799434,0.999969006,1,1,1,1,1,deberta_fallback
308,1,0.691182596,0.999885798,1,1,1,1,1,deberta_fallback
309,1,0.645279175,0.999979615,1,1,0,1,1,deberta_fallback
310,1,0.784158277,0.999943972,1,1,1,1,1,deberta_fallback
311,1,0.821956216,0.999983907,1,1,1,1,1,deberta_fallback
312,1,0.760924409,0.999984026,1,1,1,1,1,deberta_fallback
313,1,0.765963135,0.999984384,1,1,1,1,1,deberta_fallback
314,1,0.976500883,0.999986887,1,1,1,1,1,tfidf_direct_attack
315,1,0.739651824,0.999913692,1,1,1,1,1,deberta_fallback
316,1,0.380291440,0.010930084,0,0,0,0,0,deberta_fallback
317,1,0.664793595,0.999873400,1,1,1,1,1,deberta_fallback
318,1,0.845187818,0.999975920,1,1,1,1,1,deberta_fallback
319,1,0.955306391,0.999991655,1,1,1,1,1,tfidf_direct_attack
320,1,0.187796798,0.000628438,0,0,0,0,0,deberta_fallback
321,1,0.844027982,0.999987721,1,1,1,1,1,deberta_fallback
322,1,0.697165329,0.999520183,1,1,1,1,1,deberta_fallback
323,1,0.630295231,0.999817312,1,1,0,1,1,deberta_fallback
324,1,0.800638187,0.999989629,1,1,1,1,1,deberta_fallback
325,1,0.933996010,0.999989152,1,1,1,1,1,tfidf_direct_attack
326,1,0.670910279,0.999991894,1,1,1,1,1,deberta_fallback
327,1,0.777835666,0.999990463,1,1,1,1,1,deberta_fallback
328,1,0.752371915,0.999991298,1,1,1,1,1,deberta_fallback
329,1,0.713044218,0.999988198,1,1,1,1,1,deberta_fallback
330,1,0.741721148,0.999988079,1,1,1,1,1,deberta_fallback
331,1,0.884774897,0.999959350,1,1,1,1,1,deberta_fallback
332,1,0.899348588,0.999981642,1,1,1,1,1,deberta_fallback
333,0,0.615816770,0.927175760,1,1,0,1,1,deberta_fallback
334,0,0.932213549,0.999835610,1,1,1,1,1,tfidf_direct_attack
335,0,0.876716777,0.971838534,1,1,1,1,1,deberta_fallback
336,0,0.225219173,0.940769136,0,1,0,1,1,deberta_fallback
337,0,0.882360671,0.998942912,1,1,1,1,1,deberta_fallback
338,0,0.667550910,0.999974370,1,1,1,1,1,deberta_fallback
339,0,0.753947461,0.999966741,1,1,1,1,1,deberta_fallback
340,0,0.669289464,0.965265930,1,1,1,1,1,deberta_fallback
341,0,0.430727978,0.019318283,0,0,0,0,0,deberta_fallback
342,0,0.898560722,0.999990940,1,1,1,1,1,deberta_fallback
343,0,0.831585190,0.998596847,1,1,1,1,1,deberta_fallback
344,0,0.748242225,0.875961423,1,1,1,1,1,deberta_fallback
345,0,0.780381550,0.007368507,1,0,1,0,0,deberta_fallback
346,0,0.408376295,0.320800930,0,0,0,0,0,deberta_fallback
347,0,0.574001161,0.000384548,1,0,0,0,0,deberta_fallback
348,0,0.613292143,0.999757111,1,1,0,1,1,deberta_fallback
349,0,0.750483598,0.985051036,1,1,1,1,1,deberta_fallback
350,0,0.361105367,0.999536037,0,1,0,1,1,deberta_fallback
351,0,0.874089917,0.999932647,1,1,1,1,1,deberta_fallback
352,0,0.543405567,0.999787152,1,1,0,1,1,deberta_fallback
353,0,0.773222305,0.999957561,1,1,1,1,1,deberta_fallback
354,0,0.759562662,0.988025725,1,1,1,1,1,deberta_fallback
355,0,0.893620779,0.999816239,1,1,1,1,1,deberta_fallback
356,0,0.744778575,0.999828458,1,1,1,1,1,deberta_fallback
357,0,0.672603476,0.998846292,1,1,1,1,1,deberta_fallback
358,0,0.652919725,0.702814698,1,1,0,0,0,deberta_fallback
359,0,0.738488664,0.835692942,1,1,1,0,0,deberta_fallback
360,0,0.679683327,0.999847293,1,1,1,1,1,deberta_fallback
361,0,0.664358816,0.998841226,1,1,1,1,1,deberta_fallback
362,0,0.936600379,0.999976158,1,1,1,1,1,tfidf_direct_attack
363,0,0.813262051,0.018335756,1,0,1,0,0,deberta_fallback
364,0,0.365936143,0.993631303,0,1,0,1,1,deberta_fallback
365,0,0.280407867,0.982947648,0,1,0,1,1,deberta_fallback
366,0,0.554242117,0.982761443,1,1,0,1,1,deberta_fallback
367,0,0.657326683,0.000236290,1,0,1,0,0,deberta_fallback
368,0,0.961167823,0.999989271,1,1,1,1,1,tfidf_direct_attack
369,0,0.223386459,0.757085681,0,1,0,0,0,deberta_fallback
370,0,0.750126104,0.999152899,1,1,1,1,1,deberta_fallback
371,0,0.852756236,0.999747694,1,1,1,1,1,deberta_fallback
372,0,0.898560722,0.999990702,1,1,1,1,1,deberta_fallback
373,0,0.831714896,0.994222462,1,1,1,1,1,deberta_fallback
374,0,0.300208101,0.979672551,0,1,0,1,1,deberta_fallback
375,0,0.734713570,0.999475658,1,1,1,1,1,deberta_fallback
376,0,0.330542389,0.997760534,0,1,0,1,1,deberta_fallback
377,0,0.934768008,0.982510984,1,1,1,1,1,tfidf_direct_attack
378,0,0.932707200,0.985206783,1,1,1,1,1,tfidf_direct_attack
379,0,0.489358336,0.351340503,0,0,0,0,0,deberta_fallback
380,0,0.938317595,0.999285638,1,1,1,1,1,tfidf_direct_attack
381,0,0.776140873,0.000420127,1,0,1,0,0,deberta_fallback
382,0,0.866600470,0.996362746,1,1,1,1,1,deberta_fallback
383,0,0.604644324,0.000354932,1,0,0,0,0,deberta_fallback
384,0,0.574501972,0.013716198,1,0,0,0,0,deberta_fallback
385,0,0.504119302,0.998113275,1,1,0,1,1,deberta_fallback
386,0,0.781200855,0.999966145,1,1,1,1,1,deberta_fallback
387,0,0.732944456,0.998663306,1,1,1,1,1,deberta_fallback
388,0,0.599276010,0.991213977,1,1,0,1,1,deberta_fallback
389,0,0.976486225,0.999855280,1,1,1,1,1,tfidf_direct_attack
390,0,0.542271429,0.998117208,1,1,0,1,1,deberta_fallback
391,0,0.228572403,0.003160228,0,0,0,0,0,deberta_fallback
392,0,0.332911997,0.967810988,0,1,0,1,1,deberta_fallback
393,0,0.870471729,0.999766290,1,1,1,1,1,deberta_fallback
394,0,0.613701875,0.541660666,1,1,0,0,0,deberta_fallback
395,0,0.769898942,0.996478379,1,1,1,1,1,deberta_fallback
396,0,0.881215308,0.999705017,1,1,1,1,1,deberta_fallback
397,0,0.644402130,0.991600275,1,1,0,1,1,deberta_fallback
398,0,0.840372325,0.999459565,1,1,1,1,1,deberta_fallback
399,0,0.764384514,0.999261677,1,1,1,1,1,deberta_fallback
400,0,0.327321977,0.010414008,0,0,0,0,0,deberta_fallback
401,0,0.845128845,0.002313338,1,0,1,0,0,deberta_fallback
402,0,0.752051825,0.999753654,1,1,1,1,1,deberta_fallback
403,0,0.957319372,0.972244501,1,1,1,1,1,tfidf_direct_attack
404,0,0.767558397,0.999881625,1,1,1,1,1,deberta_fallback
405,0,0.826027081,0.999316096,1,1,1,1,1,deberta_fallback
406,0,0.445266794,0.929319441,0,1,0,1,1,deberta_fallback
407,0,0.940093495,0.024573032,1,0,1,0,1,tfidf_direct_attack
408,0,0.776063327,0.995832384,1,1,1,1,1,deberta_fallback
409,0,0.745990755,0.998668313,1,1,1,1,1,deberta_fallback
410,0,0.475405807,0.000361929,0,0,0,0,0,deberta_fallback
411,0,0.762253260,0.668767452,1,1,1,0,0,deberta_fallback
412,0,0.859181391,0.994410098,1,1,1,1,1,deberta_fallback
413,0,0.894863936,0.999526024,1,1,1,1,1,deberta_fallback
414,0,0.229472176,0.000980963,0,0,0,0,0,deberta_fallback
415,0,0.743564344,0.999730885,1,1,1,1,1,deberta_fallback
416,0,0.971793597,0.999224782,1,1,1,1,1,tfidf_direct_attack
417,0,0.940399642,0.999965072,1,1,1,1,1,tfidf_direct_attack
418,0,0.555513531,0.998540998,1,1,0,1,1,deberta_fallback
419,0,0.595428723,0.909597635,1,1,0,1,1,deberta_fallback
420,0,0.884163306,0.999956965,1,1,1,1,1,deberta_fallback
421,0,0.653978119,0.995300055,1,1,1,1,1,deberta_fallback
422,0,0.647577429,0.999564826,1,1,0,1,1,deberta_fallback
423,0,0.921310781,0.984149039,1,1,1,1,1,tfidf_direct_attack
424,0,0.243161015,0.294553131,0,0,0,0,0,deberta_fallback
425,0,0.903361930,0.987872243,1,1,1,1,1,deberta_fallback
426,0,0.648089483,0.838169873,1,1,0,0,0,deberta_fallback
427,0,0.299894351,0.000304208,0,0,0,0,0,deberta_fallback
428,0,0.812134306,0.999150276,1,1,1,1,1,deberta_fallback
429,0,0.643342492,0.000380837,1,0,0,0,0,deberta_fallback
430,0,0.652305792,0.977444768,1,1,0,1,1,deberta_fallback
431,0,0.617015774,0.998753309,1,1,0,1,1,deberta_fallback
432,0,0.796833287,0.999936700,1,1,1,1,1,deberta_fallback
433,0,0.979259132,0.999966383,1,1,1,1,1,tfidf_direct_attack
434,0,0.254095055,0.925154567,0,1,0,1,1,deberta_fallback
435,0,0.332905300,0.998896241,0,1,0,1,1,deberta_fallback
436,0,0.754343662,0.999566376,1,1,1,1,1,deberta_fallback
437,0,0.902994520,0.999621153,1,1,1,1,1,deberta_fallback
438,0,0.681832264,0.997689724,1,1,1,1,1,deberta_fallback
439,0,0.729445317,0.999633670,1,1,1,1,1,deberta_fallback
440,0,0.326150714,0.988744855,0,1,0,1,1,deberta_fallback
441,0,0.765258118,0.000176346,1,0,1,0,0,deberta_fallback
442,0,0.984839710,0.999982953,1,1,1,1,1,tfidf_direct_attack
443,0,0.887445070,0.987321794,1,1,1,1,1,deberta_fallback
444,0,0.968309438,0.999694824,1,1,1,1,1,tfidf_direct_attack
445,0,0.900840974,0.999944568,1,1,1,1,1,deberta_fallback
446,0,0.843029075,0.999931455,1,1,1,1,1,deberta_fallback
447,0,0.747505938,0.954297304,1,1,1,1,1,deberta_fallback
448,0,0.328868057,0.997968972,0,1,0,1,1,deberta_fallback
449,0,0.708027245,0.999802887,1,1,1,1,1,deberta_fallback
450,0,0.590019629,0.999927998,1,1,0,1,1,deberta_fallback
451,0,0.157103415,0.000591926,0,0,0,0,0,deberta_fallback
452,0,0.545838194,0.000626930,1,0,0,0,0,deberta_fallback
453,0,0.617961110,0.993271768,1,1,0,1,1,deberta_fallback
454,0,0.770707128,0.894467413,1,1,1,1,1,deberta_fallback
455,0,0.906160900,0.999628305,1,1,1,1,1,deberta_fallback
456,0,0.719610157,0.999632716,1,1,1,1,1,deberta_fallback
457,0,0.459158499,0.996632636,0,1,0,1,1,deberta_fallback
458,0,0.304152409,0.000322874,0,0,0,0,0,deberta_fallback
459,0,0.525236048,0.003209202,1,0,0,0,0,deberta_fallback
460,0,0.292375807,0.960556626,0,1,0,1,1,deberta_fallback
461,0,0.844521486,0.999948025,1,1,1,1,1,deberta_fallback
462,0,0.800620248,0.999890447,1,1,1,1,1,deberta_fallback
463,0,0.905254049,0.971588552,1,1,1,1,1,deberta_fallback
464,0,0.865121267,0.000891198,1,0,1,0,0,deberta_fallback
465,0,0.838802622,0.999761283,1,1,1,1,1,deberta_fallback
466,0,0.781976700,0.998966813,1,1,1,1,1,deberta_fallback
467,0,0.473027849,0.000423148,0,0,0,0,0,deberta_fallback
468,0,0.872123131,0.999620795,1,1,1,1,1,deberta_fallback
469,0,0.931512372,0.987595081,1,1,1,1,1,tfidf_direct_attack
470,0,0.672933354,0.999983549,1,1,1,1,1,deberta_fallback
471,0,0.848353234,0.000289438,1,0,1,0,0,deberta_fallback
472,0,0.781043096,0.998668194,1,1,1,1,1,deberta_fallback
473,0,0.595242928,0.948997676,1,1,0,1,1,deberta_fallback
474,0,0.235259084,0.014096308,0,0,0,0,0,deberta_fallback
475,0,0.206365499,0.002542194,0,0,0,0,0,deberta_fallback
476,0,0.660377643,0.000291320,1,0,1,0,0,deberta_fallback
477,0,0.590414143,0.998628020,1,1,0,1,1,deberta_fallback
478,0,0.926324557,0.999954820,1,1,1,1,1,tfidf_direct_attack
479,0,0.891532693,0.999842286,1,1,1,1,1,deberta_fallback
480,0,0.218726448,0.009713612,0,0,0,0,0,deberta_fallback
481,0,0.616406259,0.920256972,1,1,0,1,1,deberta_fallback
482,0,0.776460257,0.219386250,1,0,1,0,0,deberta_fallback
483,0,0.776028108,0.998639524,1,1,1,1,1,deberta_fallback
484,0,0.941557492,0.999958396,1,1,1,1,1,tfidf_direct_attack
485,0,0.493608009,0.999788702,0,1,0,1,1,deberta_fallback
486,0,0.587243317,0.998448491,1,1,0,1,1,deberta_fallback
487,0,0.244297643,0.497076601,0,0,0,0,0,deberta_fallback
488,0,0.794011850,0.996382356,1,1,1,1,1,deberta_fallback
489,0,0.399674341,0.999289513,0,1,0,1,1,deberta_fallback
490,0,0.892655013,0.999909759,1,1,1,1,1,deberta_fallback
491,0,0.719797406,0.996839762,1,1,1,1,1,deberta_fallback
492,0,0.494542760,0.999532461,0,1,0,1,1,deberta_fallback
493,0,0.487172440,0.505048037,0,1,0,0,0,deberta_fallback
494,0,0.684262869,0.997105062,1,1,1,1,1,deberta_fallback
495,0,0.625348680,0.999800503,1,1,0,1,1,deberta_fallback
496,0,0.221927093,0.000507902,0,0,0,0,0,deberta_fallback
497,0,0.881210469,0.999910593,1,1,1,1,1,deberta_fallback
498,0,0.755515313,0.010213267,1,0,1,0,0,deberta_fallback
499,0,0.882256263,0.999969125,1,1,1,1,1,deberta_fallback
500,0,0.814286388,0.999894381,1,1,1,1,1,deberta_fallback
501,0,0.945334482,0.999375522,1,1,1,1,1,tfidf_direct_attack
502,0,0.801084026,0.999843121,1,1,1,1,1,deberta_fallback
503,0,0.555642976,0.003074650,1,0,0,0,0,deberta_fallback
504,0,0.972238000,0.999968171,1,1,1,1,1,tfidf_direct_attack
505,0,0.775910482,0.999897242,1,1,1,1,1,deberta_fallback
506,0,0.230427873,0.003149678,0,0,0,0,0,deberta_fallback
507,0,0.608010534,0.999728739,1,1,0,1,1,deberta_fallback
508,0,0.818352372,0.010341136,1,0,1,0,0,deberta_fallback
509,0,0.419093381,0.999843717,0,1,0,1,1,deberta_fallback
510,0,0.819544557,0.999658942,1,1,1,1,1,deberta_fallback
511,0,0.743278539,0.009880761,1,0,1,0,0,deberta_fallback
512,0,0.362252724,0.985482097,0,1,0,1,1,deberta_fallback
513,0,0.335069706,0.001295289,0,0,0,0,0,deberta_fallback
514,0,0.262065476,0.995719492,0,1,0,1,1,deberta_fallback
515,0,0.619317023,0.020237882,1,0,0,0,0,deberta_fallback
516,0,0.887691847,0.999282420,1,1,1,1,1,deberta_fallback
517,0,0.624104113,0.999884725,1,1,0,1,1,deberta_fallback
518,0,0.564529578,0.001369459,1,0,0,0,0,deberta_fallback
519,0,0.335689784,0.884138048,0,1,0,1,1,deberta_fallback
520,0,0.871046968,0.999848127,1,1,1,1,1,deberta_fallback
521,0,0.343294887,0.027036019,0,0,0,0,0,deberta_fallback
522,0,0.688049608,0.998886645,1,1,1,1,1,deberta_fallback
523,0,0.907490929,0.999889612,1,1,1,1,1,deberta_fallback
524,0,0.562182553,0.997072458,1,1,0,1,1,deberta_fallback
525,0,0.225617208,0.979451001,0,1,0,1,1,deberta_fallback
526,0,0.596425160,0.990631938,1,1,0,1,1,deberta_fallback
527,0,0.794373132,0.007101022,1,0,1,0,0,deberta_fallback
528,0,0.910382842,0.999477684,1,1,1,1,1,deberta_fallback
529,0,0.685149282,0.999860048,1,1,1,1,1,deberta_fallback
530,0,0.938196434,0.028555857,1,0,1,0,1,tfidf_direct_attack
531,0,0.380714950,0.000699531,0,0,0,0,0,deberta_fallback
532,0,0.829816778,0.999917269,1,1,1,1,1,deberta_fallback
533,0,0.532153782,0.925362051,1,1,0,1,1,deberta_fallback
534,0,0.797427303,0.998502851,1,1,1,1,1,deberta_fallback
535,0,0.702210035,0.978890359,1,1,1,1,1,deberta_fallback
536,0,0.718720401,0.000981585,1,0,1,0,0,deberta_fallback
537,0,0.288406525,0.000563321,0,0,0,0,0,deberta_fallback
538,0,0.283113243,0.890761852,0,1,0,1,1,deberta_fallback
539,0,0.980070286,0.001667455,1,0,1,0,1,tfidf_direct_attack
540,0,0.743253777,0.912465751,1,1,1,1,1,deberta_fallback
541,0,0.886164299,0.999951243,1,1,1,1,1,deberta_fallback
542,0,0.608358966,0.998945057,1,1,0,1,1,deberta_fallback
543,0,0.454210259,0.166610032,0,0,0,0,0,deberta_fallback
544,0,0.428574649,0.000493865,0,0,0,0,0,deberta_fallback
545,0,0.619175704,0.999893427,1,1,0,1,1,deberta_fallback
546,0,0.732272228,0.999896884,1,1,1,1,1,deberta_fallback
547,0,0.378413703,0.917661667,0,1,0,1,1,deberta_fallback
548,0,0.612152084,0.999288440,1,1,0,1,1,deberta_fallback
549,0,0.554710850,0.973841786,1,1,0,1,1,deberta_fallback
550,0,0.387269906,0.995963454,0,1,0,1,1,deberta_fallback
551,0,0.729402942,0.998198330,1,1,1,1,1,deberta_fallback
552,0,0.871866952,0.990430295,1,1,1,1,1,deberta_fallback
553,0,0.569408956,0.001072754,1,0,0,0,0,deberta_fallback
554,0,0.579546108,0.043352004,1,0,0,0,0,deberta_fallback
555,0,0.433714550,0.739958346,0,1,0,0,0,deberta_fallback
556,0,0.699897527,0.000980154,1,0,1,0,0,deberta_fallback
557,0,0.658922180,0.999177516,1,1,1,1,1,deberta_fallback
558,0,0.741799353,0.983390152,1,1,1,1,1,deberta_fallback
559,0,0.715043615,0.985098004,1,1,1,1,1,deberta_fallback
560,0,0.283280338,0.001789270,0,0,0,0,0,deberta_fallback
561,0,0.556500672,0.999913454,1,1,0,1,1,deberta_fallback
562,0,0.413249135,0.999635696,0,1,0,1,1,deberta_fallback
563,0,0.768035815,0.999906182,1,1,1,1,1,deberta_fallback
564,0,0.729946386,0.646375895,1,1,1,0,0,deberta_fallback
565,0,0.661980901,0.160632044,1,0,1,0,0,deberta_fallback
566,0,0.607106965,0.143851981,1,0,0,0,0,deberta_fallback
567,0,0.123085135,0.000613675,0,0,0,0,0,deberta_fallback
568,0,0.614954259,0.999707282,1,1,0,1,1,deberta_fallback
569,0,0.523864588,0.000587121,1,0,0,0,0,deberta_fallback
570,0,0.694421038,0.016598657,1,0,1,0,0,deberta_fallback
571,0,0.727279742,0.999928951,1,1,1,1,1,deberta_fallback
572,0,0.283726504,0.015922964,0,0,0,0,0,deberta_fallback
573,0,0.785809537,0.999494672,1,1,1,1,1,deberta_fallback
574,0,0.115491143,0.000510606,0,0,0,0,0,deberta_fallback
575,0,0.281691864,0.992950797,0,1,0,1,1,deberta_fallback
576,0,0.618079407,0.994444668,1,1,0,1,1,deberta_fallback
577,0,0.791554690,0.993793249,1,1,1,1,1,deberta_fallback
578,0,0.869041719,0.999974608,1,1,1,1,1,deberta_fallback
579,0,0.653301511,0.966556907,1,1,0,1,1,deberta_fallback
580,0,0.612998203,0.999278724,1,1,0,1,1,deberta_fallback
581,0,0.707536715,0.859443069,1,1,1,0,0,deberta_fallback
582,0,0.929938841,0.997577250,1,1,1,1,1,tfidf_direct_attack
583,0,0.916787377,0.988267720,1,1,1,1,1,deberta_fallback
584,0,0.511539396,0.805425465,1,1,0,0,0,deberta_fallback
585,0,0.308578767,0.986071527,0,1,0,1,1,deberta_fallback
586,0,0.337006503,0.002790322,0,0,0,0,0,deberta_fallback
587,0,0.660628196,0.994820952,1,1,1,1,1,deberta_fallback
588,0,0.152170927,0.001760447,0,0,0,0,0,deberta_fallback
589,0,0.792199198,0.999365866,1,1,1,1,1,deberta_fallback
590,0,0.763932354,0.999699473,1,1,1,1,1,deberta_fallback
591,0,0.895593588,0.999222517,1,1,1,1,1,deberta_fallback
592,0,0.725993078,0.999962330,1,1,1,1,1,deberta_fallback
593,0,0.887839071,0.999943733,1,1,1,1,1,deberta_fallback
594,0,0.823361982,0.999861598,1,1,1,1,1,deberta_fallback
595,0,0.807924948,0.994946897,1,1,1,1,1,deberta_fallback
596,0,0.682876433,0.963313162,1,1,1,1,1,deberta_fallback
597,0,0.816648862,0.999359548,1,1,1,1,1,deberta_fallback
598,0,0.938914710,0.999905109,1,1,1,1,1,tfidf_direct_attack
599,0,0.640399602,0.981325507,1,1,0,1,1,deberta_fallback
600,0,0.939754325,0.999924660,1,1,1,1,1,tfidf_direct_attack
601,0,0.741263831,0.999697447,1,1,1,1,1,deberta_fallback
602,0,0.770558001,0.999808609,1,1,1,1,1,deberta_fallback
603,0,0.950431267,0.995179534,1,1,1,1,1,tfidf_direct_attack
604,0,0.868646126,0.074820891,1,0,1,0,0,deberta_fallback
605,0,0.711680669,0.999705732,1,1,1,1,1,deberta_fallback
606,0,0.754132116,0.007712977,1,0,1,0,0,deberta_fallback
607,0,0.540648016,0.000296113,1,0,0,0,0,deberta_fallback
608,0,0.717501343,0.973919153,1,1,1,1,1,deberta_fallback
609,0,0.609392864,0.146062687,1,0,0,0,0,deberta_fallback
610,0,0.732042739,0.996883333,1,1,1,1,1,deberta_fallback
611,0,0.582462008,0.996676445,1,1,0,1,1,deberta_fallback
612,0,0.649871759,0.935727179,1,1,0,1,1,deberta_fallback
613,0,0.908536912,0.999741375,1,1,1,1,1,deberta_fallback
614,0,0.698790671,0.996522188,1,1,1,1,1,deberta_fallback
615,0,0.826027081,0.998893440,1,1,1,1,1,deberta_fallback
616,0,0.373495283,0.001593099,0,0,0,0,0,deberta_fallback
617,0,0.511783958,0.999443591,1,1,0,1,1,deberta_fallback
618,0,0.328987766,0.001108383,0,0,0,0,0,deberta_fallback
619,0,0.768869038,0.998908401,1,1,1,1,1,deberta_fallback
620,0,0.382388875,0.004236192,0,0,0,0,0,deberta_fallback
621,0,0.377393850,0.002163940,0,0,0,0,0,deberta_fallback
622,0,0.598606151,0.861272752,1,1,0,0,0,deberta_fallback
623,0,0.344088026,0.999644279,0,1,0,1,1,deberta_fallback
624,0,0.729479248,0.082860388,1,0,1,0,0,deberta_fallback
625,0,0.773200272,0.999884009,1,1,1,1,1,deberta_fallback
626,0,0.888244128,0.999935508,1,1,1,1,1,deberta_fallback
627,0,0.788412427,0.999689341,1,1,1,1,1,deberta_fallback
628,0,0.885082789,0.999979496,1,1,1,1,1,deberta_fallback
629,0,0.927235352,0.999239922,1,1,1,1,1,tfidf_direct_attack
630,0,0.795611553,0.994210839,1,1,1,1,1,deberta_fallback
631,0,0.429126342,0.962334037,0,1,0,1,1,deberta_fallback
632,0,0.791659666,0.998635709,1,1,1,1,1,deberta_fallback
633,0,0.863341215,0.999823868,1,1,1,1,1,deberta_fallback
634,0,0.769028606,0.999162912,1,1,1,1,1,deberta_fallback
635,0,0.856498933,0.999879837,1,1,1,1,1,deberta_fallback
636,0,0.648744405,0.999956489,1,1,0,1,1,deberta_fallback
637,0,0.305969782,0.967230678,0,1,0,1,1,deberta_fallback
638,0,0.791971355,0.999202907,1,1,1,1,1,deberta_fallback
639,0,0.725489519,0.147482604,1,0,1,0,0,deberta_fallback
640,0,0.319050442,0.000139446,0,0,0,0,0,deberta_fallback
641,0,0.521715262,0.998363912,1,1,0,1,1,deberta_fallback
642,0,0.870596327,0.989962995,1,1,1,1,1,deberta_fallback
643,0,0.773851635,0.998554289,1,1,1,1,1,deberta_fallback
644,0,0.844451195,0.032229029,1,0,1,0,0,deberta_fallback
645,0,0.571101947,0.989768863,1,1,0,1,1,deberta_fallback
646,0,0.975278058,0.997094393,1,1,1,1,1,tfidf_direct_attack
647,0,0.366369938,0.154510826,0,0,0,0,0,deberta_fallback
648,0,0.496448476,0.993299723,0,1,0,1,1,deberta_fallback
649,0,0.789540833,0.997907877,1,1,1,1,1,deberta_fallback
650,0,0.374861892,0.903428257,0,1,0,1,1,deberta_fallback
651,0,0.295763980,0.000419322,0,0,0,0,0,deberta_fallback
652,0,0.729851299,0.458683997,1,0,1,0,0,deberta_fallback
653,0,0.533056080,0.993749499,1,1,0,1,1,deberta_fallback
654,0,0.812329597,0.000240737,1,0,1,0,0,deberta_fallback
655,0,0.542269305,0.567868471,1,1,0,0,0,deberta_fallback
656,0,0.602169622,0.128266260,1,0,0,0,0,deberta_fallback
657,0,0.347832467,0.997969091,0,1,0,1,1,deberta_fallback
658,0,0.410510810,0.979154348,0,1,0,1,1,deberta_fallback
659,0,0.308208748,0.013658210,0,0,0,0,0,deberta_fallback
660,0,0.289815436,0.989771545,0,1,0,1,1,deberta_fallback
661,0,0.804422249,0.158922061,1,0,1,0,0,deberta_fallback
662,0,0.933814010,0.999955058,1,1,1,1,1,tfidf_direct_attack
663,0,0.635031551,0.003589020,1,0,0,0,0,deberta_fallback
664,0,0.950678134,0.999930263,1,1,1,1,1,tfidf_direct_attack
665,0,0.711256482,0.807298481,1,1,1,0,0,deberta_fallback
666,1,0.954614870,0.999992609,1,1,1,1,1,tfidf_direct_attack
667,1,0.697472287,0.999992490,1,1,1,1,1,deberta_fallback
668,1,0.922649496,0.999991298,1,1,1,1,1,tfidf_direct_attack
669,1,0.868873374,0.999992847,1,1,1,1,1,deberta_fallback
670,1,0.983387425,0.999986768,1,1,1,1,1,tfidf_direct_attack
671,1,0.945549052,0.999992371,1,1,1,1,1,tfidf_direct_attack
672,1,0.967387123,0.999925017,1,1,1,1,1,tfidf_direct_attack
673,1,0.969903201,0.999992132,1,1,1,1,1,tfidf_direct_attack
674,1,0.790511690,0.999992251,1,1,1,1,1,deberta_fallback
675,1,0.808400270,0.999989033,1,1,1,1,1,deberta_fallback
676,1,0.900325422,0.991690397,1,1,1,1,1,deberta_fallback
677,1,0.635730557,0.999920249,1,1,0,1,1,deberta_fallback
678,1,0.967073760,0.999990582,1,1,1,1,1,tfidf_direct_attack
679,1,0.784355788,0.999991775,1,1,1,1,1,deberta_fallback
680,1,0.666738528,0.999606073,1,1,1,1,1,deberta_fallback
681,1,0.944146007,0.999909520,1,1,1,1,1,tfidf_direct_attack
682,1,0.935076220,0.994851530,1,1,1,1,1,tfidf_direct_attack
683,1,0.978461300,0.999992251,1,1,1,1,1,tfidf_direct_attack
684,1,0.825437634,0.999962568,1,1,1,1,1,deberta_fallback
685,1,0.961916211,0.999993086,1,1,1,1,1,tfidf_direct_attack
686,1,0.991333886,0.999991894,1,1,1,1,1,tfidf_direct_attack
687,1,0.770398205,0.999952793,1,1,1,1,1,deberta_fallback
688,1,0.911952419,0.999990702,1,1,1,1,1,deberta_fallback
689,1,0.926759369,0.999990702,1,1,1,1,1,tfidf_direct_attack
690,1,0.972037119,0.999992371,1,1,1,1,1,tfidf_direct_attack
691,1,0.787512597,0.999946713,1,1,1,1,1,deberta_fallback
692,1,0.952103431,0.998936117,1,1,1,1,1,tfidf_direct_attack
693,1,0.801510666,0.999980688,1,1,1,1,1,deberta_fallback
694,1,0.565410974,0.986678898,1,1,0,1,1,deberta_fallback
695,1,0.608322578,0.999907732,1,1,0,1,1,deberta_fallback
696,1,0.677567682,0.999938250,1,1,1,1,1,deberta_fallback
697,1,0.837642903,0.999978781,1,1,1,1,1,deberta_fallback
698,1,0.970044002,0.999891520,1,1,1,1,1,tfidf_direct_attack
699,1,0.741051745,0.999992490,1,1,1,1,1,deberta_fallback
700,1,0.624634308,0.999971271,1,1,0,1,1,deberta_fallback
701,1,0.600686960,0.999863148,1,1,0,1,1,deberta_fallback
702,1,0.943404411,0.999992728,1,1,1,1,1,tfidf_direct_attack
703,1,0.972177827,0.001585955,1,0,1,0,1,tfidf_direct_attack
704,1,0.447872313,0.982966900,0,1,0,1,1,deberta_fallback
705,1,0.554689094,0.999987006,1,1,0,1,1,deberta_fallback
706,1,0.981284255,0.999992490,1,1,1,1,1,tfidf_direct_attack
707,1,0.347560842,0.999991179,0,1,0,1,1,deberta_fallback
708,1,0.737521827,0.999986887,1,1,1,1,1,deberta_fallback
709,1,0.950215712,0.999983549,1,1,1,1,1,tfidf_direct_attack
710,1,0.569112404,0.999469817,1,1,0,1,1,deberta_fallback
711,1,0.983065828,0.999974608,1,1,1,1,1,tfidf_direct_attack
712,1,0.907726280,0.999855638,1,1,1,1,1,deberta_fallback
713,1,0.717837295,0.999375522,1,1,1,1,1,deberta_fallback
714,1,0.960780308,0.999982595,1,1,1,1,1,tfidf_direct_attack
715,1,0.941032632,0.999976635,1,1,1,1,1,tfidf_direct_attack
716,1,0.879354797,0.999991536,1,1,1,1,1,deberta_fallback
717,1,0.870799912,0.999975085,1,1,1,1,1,deberta_fallback
718,1,0.982092787,0.999992490,1,1,1,1,1,tfidf_direct_attack
719,1,0.687123016,0.001009776,1,0,1,0,0,deberta_fallback
720,1,0.922854752,0.999992609,1,1,1,1,1,tfidf_direct_attack
721,1,0.635108987,0.999982476,1,1,0,1,1,deberta_fallback
722,1,0.700911665,0.997075438,1,1,1,1,1,deberta_fallback
723,1,0.961621553,0.999992728,1,1,1,1,1,tfidf_direct_attack
724,1,0.465486581,0.997246504,0,1,0,1,1,deberta_fallback
725,1,0.772565311,0.999988675,1,1,1,1,1,deberta_fallback
726,1,0.545577529,0.999991059,1,1,0,1,1,deberta_fallback
727,1,0.777804455,0.999989390,1,1,1,1,1,deberta_fallback
728,1,0.749211881,0.999992132,1,1,1,1,1,deberta_fallback
729,1,0.876345952,0.999903202,1,1,1,1,1,deberta_fallback
730,1,0.735645683,0.999992013,1,1,1,1,1,deberta_fallback
731,1,0.858126358,0.999902487,1,1,1,1,1,deberta_fallback
732,1,0.863544763,0.999890208,1,1,1,1,1,deberta_fallback
733,1,0.697097548,0.999991179,1,1,1,1,1,deberta_fallback
734,1,0.490277546,0.992821157,0,1,0,1,1,deberta_fallback
735,1,0.911803388,0.999987245,1,1,1,1,1,deberta_fallback
736,1,0.947226052,0.999980688,1,1,1,1,1,tfidf_direct_attack
737,1,0.987814341,0.999992847,1,1,1,1,1,tfidf_direct_attack
738,1,0.984015769,0.999991894,1,1,1,1,1,tfidf_direct_attack
739,1,0.974711936,0.999992490,1,1,1,1,1,tfidf_direct_attack
740,1,0.921274206,0.999992609,1,1,1,1,1,tfidf_direct_attack
741,1,0.837170191,0.999825656,1,1,1,1,1,deberta_fallback
742,1,0.598103103,0.999945402,1,1,0,1,1,deberta_fallback
743,1,0.973187666,0.999975204,1,1,1,1,1,tfidf_direct_attack
744,1,0.725099729,0.999991179,1,1,1,1,1,deberta_fallback
745,1,0.825655389,0.001318627,1,0,1,0,0,deberta_fallback
746,1,0.912742470,0.997175336,1,1,1,1,1,deberta_fallback
747,1,0.980752718,0.999989867,1,1,1,1,1,tfidf_direct_attack
748,1,0.896611859,0.998705864,1,1,1,1,1,deberta_fallback
749,1,0.953784656,0.999430478,1,1,1,1,1,tfidf_direct_attack
750,1,0.821205855,0.999794304,1,1,1,1,1,deberta_fallback
751,1,0.938351005,0.999949574,1,1,1,1,1,tfidf_direct_attack
752,1,0.872426367,0.000349415,1,0,1,0,0,deberta_fallback
753,1,0.433849835,0.979064941,0,1,0,1,1,deberta_fallback
754,1,0.886797730,0.999989033,1,1,1,1,1,deberta_fallback
755,1,0.803408565,0.999992728,1,1,1,1,1,deberta_fallback
756,1,0.285176958,0.868343592,0,1,0,0,1,deberta_fallback
757,1,0.884559462,0.999992013,1,1,1,1,1,deberta_fallback
758,1,0.943188872,0.999935389,1,1,1,1,1,tfidf_direct_attack
759,1,0.934021855,0.992102325,1,1,1,1,1,tfidf_direct_attack
760,1,0.852594705,0.850244701,1,1,1,0,0,deberta_fallback
761,1,0.961192219,0.999992132,1,1,1,1,1,tfidf_direct_attack
762,1,0.865167465,0.999933600,1,1,1,1,1,deberta_fallback
763,1,0.971899637,0.999988079,1,1,1,1,1,tfidf_direct_attack
764,1,0.509108440,0.999961972,1,1,0,1,1,deberta_fallback
765,1,0.771551319,0.999990106,1,1,1,1,1,deberta_fallback
766,1,0.557733893,0.999742568,1,1,0,1,1,deberta_fallback
767,1,0.552001060,0.999992251,1,1,0,1,1,deberta_fallback
768,1,0.618717702,0.999605834,1,1,0,1,1,deberta_fallback
769,1,0.842422700,0.999989629,1,1,1,1,1,deberta_fallback
770,1,0.853950671,0.999987364,1,1,1,1,1,deberta_fallback
771,1,0.973344216,0.999983430,1,1,1,1,1,tfidf_direct_attack
772,1,0.929794223,0.999991298,1,1,1,1,1,tfidf_direct_attack
773,1,0.477864478,0.999991536,0,1,0,1,1,deberta_fallback
774,1,0.867902861,0.999978423,1,1,1,1,1,deberta_fallback
775,1,0.517958886,0.990857184,1,1,0,1,1,deberta_fallback
776,1,0.910766260,0.999991417,1,1,1,1,1,deberta_fallback
777,1,0.726970721,0.999381542,1,1,1,1,1,deberta_fallback
778,1,0.955564430,0.999990702,1,1,1,1,1,tfidf_direct_attack
779,1,0.813198482,0.999992371,1,1,1,1,1,deberta_fallback
780,1,0.983036276,0.999990344,1,1,1,1,1,tfidf_direct_attack
781,1,0.820124436,0.999986410,1,1,1,1,1,deberta_fallback
782,1,0.892195955,0.999987364,1,1,1,1,1,deberta_fallback
783,1,0.966857172,0.999992013,1,1,1,1,1,tfidf_direct_attack
784,1,0.602452662,0.999914169,1,1,0,1,1,deberta_fallback
785,1,0.979058691,0.997491717,1,1,1,1,1,tfidf_direct_attack
786,1,0.897993844,0.999992728,1,1,1,1,1,deberta_fallback
787,1,0.936372698,0.999987960,1,1,1,1,1,tfidf_direct_attack
788,1,0.966380933,0.999992609,1,1,1,1,1,tfidf_direct_attack
789,1,0.839215800,0.999992371,1,1,1,1,1,deberta_fallback
790,1,0.938807726,0.999991655,1,1,1,1,1,tfidf_direct_attack
791,1,0.989911445,0.999989986,1,1,1,1,1,tfidf_direct_attack
792,1,0.959066573,0.999992847,1,1,1,1,1,tfidf_direct_attack
793,1,0.991619761,0.999173343,1,1,1,1,1,tfidf_direct_attack
794,1,0.648141832,0.999984860,1,1,0,1,1,deberta_fallback
795,1,0.574189290,0.999927640,1,1,0,1,1,deberta_fallback
796,1,0.923811413,0.999991655,1,1,1,1,1,tfidf_direct_attack
797,1,0.726385995,0.999951720,1,1,1,1,1,deberta_fallback
798,1,0.930401730,0.999992371,1,1,1,1,1,tfidf_direct_attack
799,1,0.956612535,0.999981046,1,1,1,1,1,tfidf_direct_attack
800,1,0.812698645,0.999976635,1,1,1,1,1,deberta_fallback
801,1,0.748068036,0.999969244,1,1,1,1,1,deberta_fallback
802,1,0.662415003,0.999985099,1,1,1,1,1,deberta_fallback
803,1,0.937941292,0.999992251,1,1,1,1,1,tfidf_direct_attack
804,1,0.959998215,0.998255551,1,1,1,1,1,tfidf_direct_attack
805,1,0.911158565,0.999992728,1,1,1,1,1,deberta_fallback
806,1,0.673122048,0.000424732,1,0,1,0,0,deberta_fallback
807,1,0.865061927,0.999992132,1,1,1,1,1,deberta_fallback
808,1,0.836109878,0.999991775,1,1,1,1,1,deberta_fallback
809,1,0.928365206,0.999987960,1,1,1,1,1,tfidf_direct_attack
810,1,0.977821463,0.999988437,1,1,1,1,1,tfidf_direct_attack
811,1,0.813228963,0.999991655,1,1,1,1,1,deberta_fallback
812,1,0.901422984,0.999700189,1,1,1,1,1,deberta_fallback
813,1,0.683539933,0.997082889,1,1,1,1,1,deberta_fallback
814,1,0.909275507,0.999992251,1,1,1,1,1,deberta_fallback
815,1,0.907479230,0.999990702,1,1,1,1,1,deberta_fallback
816,1,0.377164081,0.999983191,0,1,0,1,1,deberta_fallback
817,1,0.866575325,0.998754382,1,1,1,1,1,deberta_fallback
818,1,0.788324099,0.999978781,1,1,1,1,1,deberta_fallback
819,1,0.361653326,0.999129593,0,1,0,1,1,deberta_fallback
820,1,0.710629417,0.999679923,1,1,1,1,1,deberta_fallback
821,1,0.953202205,0.999986768,1,1,1,1,1,tfidf_direct_attack
822,1,0.872098479,0.999987245,1,1,1,1,1,deberta_fallback
823,1,0.877955814,0.999988437,1,1,1,1,1,deberta_fallback
824,1,0.957700593,0.999945045,1,1,1,1,1,tfidf_direct_attack
825,1,0.964248282,0.999961495,1,1,1,1,1,tfidf_direct_attack
826,1,0.896575933,0.999992490,1,1,1,1,1,deberta_fallback
827,1,0.937793081,0.999881268,1,1,1,1,1,tfidf_direct_attack
828,1,0.923570200,0.999967575,1,1,1,1,1,tfidf_direct_attack
829,1,0.911987766,0.999992490,1,1,1,1,1,deberta_fallback
830,1,0.949002043,0.999983072,1,1,1,1,1,tfidf_direct_attack
831,1,0.972261237,0.999897361,1,1,1,1,1,tfidf_direct_attack
832,1,0.869488969,0.999992371,1,1,1,1,1,deberta_fallback
833,1,0.985472750,0.999987245,1,1,1,1,1,tfidf_direct_attack
834,1,0.560226716,0.999980688,1,1,0,1,1,deberta_fallback
835,1,0.904762753,0.999992013,1,1,1,1,1,deberta_fallback
836,1,0.723483019,0.986666501,1,1,1,1,1,deberta_fallback
837,1,0.939771912,0.999992132,1,1,1,1,1,tfidf_direct_attack
838,1,0.935508179,0.999984384,1,1,1,1,1,tfidf_direct_attack
839,1,0.881963656,0.997145116,1,1,1,1,1,deberta_fallback
840,1,0.951851059,0.998462200,1,1,1,1,1,tfidf_direct_attack
841,1,0.947589271,0.999990702,1,1,1,1,1,tfidf_direct_attack
842,1,0.967482286,0.999992490,1,1,1,1,1,tfidf_direct_attack
843,1,0.976347179,0.999990344,1,1,1,1,1,tfidf_direct_attack
844,1,0.819255823,0.999989271,1,1,1,1,1,deberta_fallback
845,1,0.826902360,0.999980330,1,1,1,1,1,deberta_fallback
846,1,0.958122270,0.999992728,1,1,1,1,1,tfidf_direct_attack
847,1,0.821069868,0.999960542,1,1,1,1,1,deberta_fallback
848,1,0.859144824,0.999987245,1,1,1,1,1,deberta_fallback
849,1,0.918850235,0.999992490,1,1,1,1,1,tfidf_direct_attack
850,1,0.362119456,0.999978662,0,1,0,1,1,deberta_fallback
851,1,0.584354499,0.999789059,1,1,0,1,1,deberta_fallback
852,1,0.925853403,0.999989033,1,1,1,1,1,tfidf_direct_attack
853,1,0.863283421,0.999571145,1,1,1,1,1,deberta_fallback
854,1,0.991496151,0.984951019,1,1,1,1,1,tfidf_direct_attack
855,1,0.959453397,0.999980330,1,1,1,1,1,tfidf_direct_attack
856,1,0.916631460,0.999990344,1,1,1,1,1,deberta_fallback
857,1,0.822662490,0.994270563,1,1,1,1,1,deberta_fallback
858,1,0.952475534,0.999459326,1,1,1,1,1,tfidf_direct_attack
859,1,0.879693120,0.999962449,1,1,1,1,1,deberta_fallback
860,1,0.684222262,0.999932766,1,1,1,1,1,deberta_fallback
861,1,0.790440409,0.999323726,1,1,1,1,1,deberta_fallback
862,1,0.435328928,0.942212224,0,1,0,1,1,deberta_fallback
863,1,0.812517476,0.999992132,1,1,1,1,1,deberta_fallback
864,1,0.582477118,0.999992967,1,1,0,1,1,deberta_fallback
865,1,0.975469873,0.999992490,1,1,1,1,1,tfidf_direct_attack
866,1,0.965093710,0.999984145,1,1,1,1,1,tfidf_direct_attack
867,1,0.978761321,0.989162087,1,1,1,1,1,tfidf_direct_attack
868,1,0.864284337,0.999950409,1,1,1,1,1,deberta_fallback
869,1,0.886586899,0.974815011,1,1,1,1,1,deberta_fallback
870,1,0.969990238,0.999973774,1,1,1,1,1,tfidf_direct_attack
871,1,0.565828876,0.999875665,1,1,0,1,1,deberta_fallback
872,1,0.261045974,0.004183646,0,0,0,0,0,deberta_fallback
873,1,0.807649739,0.999991059,1,1,1,1,1,deberta_fallback
874,1,0.853850564,0.999992013,1,1,1,1,1,deberta_fallback
875,1,0.900338081,0.999982715,1,1,1,1,1,deberta_fallback
876,1,0.947528943,0.999570310,1,1,1,1,1,tfidf_direct_attack
877,1,0.722783718,0.999987721,1,1,1,1,1,deberta_fallback
878,1,0.698537344,0.999961019,1,1,1,1,1,deberta_fallback
879,1,0.792272080,0.999880075,1,1,1,1,1,deberta_fallback
880,1,0.941400700,0.999992490,1,1,1,1,1,tfidf_direct_attack
881,1,0.484342491,0.999589264,0,1,0,1,1,deberta_fallback
882,1,0.913822873,0.999992609,1,1,1,1,1,deberta_fallback
883,1,0.756330274,0.999953151,1,1,1,1,1,deberta_fallback
884,1,0.647604044,0.999984622,1,1,0,1,1,deberta_fallback
885,1,0.599722877,0.986771405,1,1,0,1,1,deberta_fallback
886,1,0.963259651,0.996813476,1,1,1,1,1,tfidf_direct_attack
887,1,0.840851214,0.999978900,1,1,1,1,1,deberta_fallback
888,1,0.988406139,0.999991894,1,1,1,1,1,tfidf_direct_attack
889,1,0.664532246,0.999992967,1,1,1,1,1,deberta_fallback
890,1,0.734086148,0.999889851,1,1,1,1,1,deberta_fallback
891,1,0.934144997,0.999992371,1,1,1,1,1,tfidf_direct_attack
892,1,0.993232018,0.999992132,1,1,1,1,1,tfidf_direct_attack
893,1,0.788346541,0.999992609,1,1,1,1,1,deberta_fallback
894,1,0.798269760,0.999845266,1,1,1,1,1,deberta_fallback
895,1,0.942856707,0.999988794,1,1,1,1,1,tfidf_direct_attack
896,1,0.616776910,0.999787152,1,1,0,1,1,deberta_fallback
897,1,0.843185910,0.999747336,1,1,1,1,1,deberta_fallback
898,1,0.906361722,0.999966621,1,1,1,1,1,deberta_fallback
899,1,0.900697731,0.999984384,1,1,1,1,1,deberta_fallback
900,1,0.958172384,0.999973059,1,1,1,1,1,tfidf_direct_attack
901,1,0.968825625,0.999988914,1,1,1,1,1,tfidf_direct_attack
902,1,0.929783253,0.999981403,1,1,1,1,1,tfidf_direct_attack
903,1,0.887556595,0.003798269,1,0,1,0,0,deberta_fallback
904,1,0.757636511,0.090267994,1,0,1,0,0,deberta_fallback
905,1,0.920186580,0.999982357,1,1,1,1,1,tfidf_direct_attack
906,1,0.981001453,0.997307420,1,1,1,1,1,tfidf_direct_attack
907,1,0.768548840,0.994966447,1,1,1,1,1,deberta_fallback
908,1,0.944228019,0.999989033,1,1,1,1,1,tfidf_direct_attack
909,1,0.832502701,0.993199408,1,1,1,1,1,deberta_fallback
910,1,0.741146531,0.999990106,1,1,1,1,1,deberta_fallback
911,1,0.849008173,0.999983788,1,1,1,1,1,deberta_fallback
912,1,0.968077912,0.997917712,1,1,1,1,1,tfidf_direct_attack
913,1,0.985434837,0.999992490,1,1,1,1,1,tfidf_direct_attack
914,1,0.865261963,0.999992967,1,1,1,1,1,deberta_fallback
915,1,0.926152430,0.999980569,1,1,1,1,1,tfidf_direct_attack
916,1,0.858225962,0.999989510,1,1,1,1,1,deberta_fallback
917,1,0.975351178,0.999135911,1,1,1,1,1,tfidf_direct_attack
918,1,0.803204229,0.999991655,1,1,1,1,1,deberta_fallback
919,1,0.927141659,0.999992132,1,1,1,1,1,tfidf_direct_attack
920,1,0.914996483,0.999983668,1,1,1,1,1,deberta_fallback
921,1,0.956763897,0.999990225,1,1,1,1,1,tfidf_direct_attack
922,1,0.835323784,0.999975085,1,1,1,1,1,deberta_fallback
923,1,0.985073476,0.999883413,1,1,1,1,1,tfidf_direct_attack
924,1,0.924299327,0.999990702,1,1,1,1,1,tfidf_direct_attack
925,1,0.873010103,0.999926209,1,1,1,1,1,deberta_fallback
926,1,0.875719099,0.999991655,1,1,1,1,1,deberta_fallback
927,1,0.601348080,0.999992371,1,1,0,1,1,deberta_fallback
928,1,0.897582791,0.999982119,1,1,1,1,1,deberta_fallback
929,1,0.557980023,0.996550441,1,1,0,1,1,deberta_fallback
930,1,0.349315935,0.997172415,0,1,0,1,1,deberta_fallback
931,1,0.920957184,0.999988556,1,1,1,1,1,tfidf_direct_attack
932,1,0.919184473,0.999991775,1,1,1,1,1,tfidf_direct_attack
933,1,0.978580765,0.999654651,1,1,1,1,1,tfidf_direct_attack
934,1,0.932085503,0.999951243,1,1,1,1,1,tfidf_direct_attack
935,1,0.966403993,0.999874473,1,1,1,1,1,tfidf_direct_attack
936,1,0.743474640,0.999986410,1,1,1,1,1,deberta_fallback
937,1,0.838780403,0.999977946,1,1,1,1,1,deberta_fallback
938,1,0.405839977,0.999890685,0,1,0,1,1,deberta_fallback
939,1,0.976076470,0.999982476,1,1,1,1,1,tfidf_direct_attack
940,1,0.977631230,0.999992251,1,1,1,1,1,tfidf_direct_attack
941,1,0.951493044,0.999992132,1,1,1,1,1,tfidf_direct_attack
942,1,0.941873349,0.999989033,1,1,1,1,1,tfidf_direct_attack
943,1,0.941568421,0.999989152,1,1,1,1,1,tfidf_direct_attack
944,1,0.663106022,0.995652795,1,1,1,1,1,deberta_fallback
945,1,0.739906539,0.999588549,1,1,1,1,1,deberta_fallback
946,1,0.805199204,0.999991179,1,1,1,1,1,deberta_fallback
947,1,0.559753269,0.999940872,1,1,0,1,1,deberta_fallback
948,1,0.973793954,0.999957800,1,1,1,1,1,tfidf_direct_attack
949,1,0.954886668,0.999988317,1,1,1,1,1,tfidf_direct_attack
950,1,0.878863718,0.999969244,1,1,1,1,1,deberta_fallback
951,1,0.987480171,0.999990463,1,1,1,1,1,tfidf_direct_attack
952,1,0.624410476,0.999968886,1,1,0,1,1,deberta_fallback
953,1,0.956474984,0.999992490,1,1,1,1,1,tfidf_direct_attack
954,1,0.423182525,0.999977112,0,1,0,1,1,deberta_fallback
955,1,0.435380292,0.999940276,0,1,0,1,1,deberta_fallback
956,1,0.563348928,0.999916792,1,1,0,1,1,deberta_fallback
957,1,0.985530363,0.999923110,1,1,1,1,1,tfidf_direct_attack
958,1,0.944876112,0.992292106,1,1,1,1,1,tfidf_direct_attack
959,1,0.990395153,0.999946356,1,1,1,1,1,tfidf_direct_attack
960,1,0.946005602,0.999380469,1,1,1,1,1,tfidf_direct_attack
961,1,0.830821062,0.999966264,1,1,1,1,1,deberta_fallback
962,1,0.781871634,0.999769509,1,1,1,1,1,deberta_fallback
963,1,0.884625924,0.999989390,1,1,1,1,1,deberta_fallback
964,1,0.396651600,0.999986529,0,1,0,1,1,deberta_fallback
965,1,0.621998749,0.999376237,1,1,0,1,1,deberta_fallback
966,1,0.718654773,0.999991894,1,1,1,1,1,deberta_fallback
967,1,0.963737118,0.999992132,1,1,1,1,1,tfidf_direct_attack
968,1,0.930469284,0.999990821,1,1,1,1,1,tfidf_direct_attack
969,1,0.584569758,0.999991894,1,1,0,1,1,deberta_fallback
970,1,0.894961517,0.999914050,1,1,1,1,1,deberta_fallback
971,1,0.897300075,0.999897718,1,1,1,1,1,deberta_fallback
972,1,0.894155847,0.999980688,1,1,1,1,1,deberta_fallback
973,1,0.834291726,0.999989271,1,1,1,1,1,deberta_fallback
974,1,0.438100854,0.999688983,0,1,0,1,1,deberta_fallback
975,1,0.802348650,0.999992013,1,1,1,1,1,deberta_fallback
976,1,0.826034517,0.999973536,1,1,1,1,1,deberta_fallback
977,1,0.898808885,0.999603093,1,1,1,1,1,deberta_fallback
978,1,0.983913388,0.999906182,1,1,1,1,1,tfidf_direct_attack
979,1,0.959089431,0.999352157,1,1,1,1,1,tfidf_direct_attack
980,1,0.942102194,0.999951959,1,1,1,1,1,tfidf_direct_attack
981,1,0.661475590,0.999886274,1,1,1,1,1,deberta_fallback
982,1,0.300129797,0.017140836,0,0,0,0,0,deberta_fallback
983,1,0.831993294,0.999992490,1,1,1,1,1,deberta_fallback
984,1,0.721145306,0.999946594,1,1,1,1,1,deberta_fallback
985,1,0.794226914,0.999992132,1,1,1,1,1,deberta_fallback
986,1,0.413816527,0.663561225,0,1,0,0,0,deberta_fallback
987,1,0.909378469,0.999992013,1,1,1,1,1,deberta_fallback
988,1,0.700831266,0.999024868,1,1,1,1,1,deberta_fallback
989,1,0.322734824,0.000414717,0,0,0,0,0,deberta_fallback
990,1,0.797207272,0.999988675,1,1,1,1,1,deberta_fallback
991,1,0.973200969,0.999946713,1,1,1,1,1,tfidf_direct_attack
992,1,0.575042123,0.999991655,1,1,0,1,1,deberta_fallback
993,1,0.862000847,0.999990940,1,1,1,1,1,deberta_fallback
994,1,0.940982562,0.999992251,1,1,1,1,1,tfidf_direct_attack
995,1,0.486762972,0.999958515,0,1,0,1,1,deberta_fallback
996,1,0.667265383,0.999992251,1,1,1,1,1,deberta_fallback
997,1,0.942263747,0.999895692,1,1,1,1,1,tfidf_direct_attack
998,1,0.573726244,0.998692095,1,1,0,1,1,deberta_fallback
999,0,0.751489191,0.999279916,1,1,1,1,1,deberta_fallback
1000,0,0.959450548,0.991565585,1,1,1,1,1,tfidf_direct_attack
1001,0,0.987189478,0.998847127,1,1,1,1,1,tfidf_direct_attack
1002,0,0.679380412,0.999982595,1,1,1,1,1,deberta_fallback
1003,0,0.969114723,0.999898434,1,1,1,1,1,tfidf_direct_attack
1004,0,0.888380943,0.999856472,1,1,1,1,1,deberta_fallback
1005,0,0.983538637,0.999990344,1,1,1,1,1,tfidf_direct_attack
1006,0,0.699419975,0.999931931,1,1,1,1,1,deberta_fallback
1007,0,0.492756267,0.193607315,0,0,0,0,0,deberta_fallback
1008,0,0.812896806,0.999984384,1,1,1,1,1,deberta_fallback
1009,0,0.948715248,0.999978662,1,1,1,1,1,tfidf_direct_attack
1010,0,0.823183048,0.010128527,1,0,1,0,0,deberta_fallback
1011,0,0.742946957,0.037515134,1,0,1,0,0,deberta_fallback
1012,0,0.223290852,0.000179845,0,0,0,0,0,deberta_fallback
1013,0,0.770882914,0.998848796,1,1,1,1,1,deberta_fallback
1014,0,0.926942631,0.999984980,1,1,1,1,1,tfidf_direct_attack
1015,0,0.786513681,0.998490214,1,1,1,1,1,deberta_fallback
1016,0,0.747211809,0.879459023,1,1,1,1,1,deberta_fallback
1017,0,0.852296859,0.999988079,1,1,1,1,1,deberta_fallback
1018,0,0.672026223,0.999989033,1,1,1,1,1,deberta_fallback
1019,0,0.876675671,0.999992728,1,1,1,1,1,deberta_fallback
1020,0,0.915743360,0.999899387,1,1,1,1,1,deberta_fallback
1021,0,0.906901908,0.999933362,1,1,1,1,1,deberta_fallback
1022,0,0.906941853,0.999992609,1,1,1,1,1,deberta_fallback
1023,0,0.788018732,0.999949336,1,1,1,1,1,deberta_fallback
1024,0,0.537556200,0.967648745,1,1,0,1,1,deberta_fallback
1025,0,0.563483489,0.999429286,1,1,0,1,1,deberta_fallback
1026,0,0.418350424,0.999765694,0,1,0,1,1,deberta_fallback
1027,0,0.609694067,0.999938846,1,1,0,1,1,deberta_fallback
1028,0,0.846516992,0.999973416,1,1,1,1,1,deberta_fallback
1029,0,0.941075874,0.997340262,1,1,1,1,1,tfidf_direct_attack
1030,0,0.685145582,0.997328520,1,1,1,1,1,deberta_fallback
1031,0,0.872430164,0.999981880,1,1,1,1,1,deberta_fallback
1032,0,0.833304979,0.999976754,1,1,1,1,1,deberta_fallback
1033,0,0.746272049,0.975102842,1,1,1,1,1,deberta_fallback
1034,0,0.718444301,0.999978185,1,1,1,1,1,deberta_fallback
1035,0,0.552420957,0.928422034,1,1,0,1,1,deberta_fallback
1036,0,0.855893722,0.997966945,1,1,1,1,1,deberta_fallback
1037,0,0.927058961,0.999982119,1,1,1,1,1,tfidf_direct_attack
1038,0,0.906281215,0.999991894,1,1,1,1,1,deberta_fallback
1039,0,0.908569009,0.999839187,1,1,1,1,1,deberta_fallback
1040,0,0.773349995,0.999943852,1,1,1,1,1,deberta_fallback
1041,0,0.795817388,0.999787629,1,1,1,1,1,deberta_fallback
1042,0,0.948178798,0.999819338,1,1,1,1,1,tfidf_direct_attack
1043,0,0.973783792,0.999974370,1,1,1,1,1,tfidf_direct_attack
1044,0,0.962466603,0.950713933,1,1,1,1,1,tfidf_direct_attack
1045,0,0.947688197,0.877859354,1,1,1,1,1,tfidf_direct_attack
1046,0,0.488990229,0.999832630,0,1,0,1,1,deberta_fallback
1047,0,0.981973631,0.999638915,1,1,1,1,1,tfidf_direct_attack
1048,0,0.802979446,0.999935389,1,1,1,1,1,deberta_fallback
1049,0,0.724877201,0.953708172,1,1,1,1,1,deberta_fallback
1050,0,0.662303526,0.994669735,1,1,1,1,1,deberta_fallback
1051,0,0.573663281,0.999978304,1,1,0,1,1,deberta_fallback
1052,0,0.921895314,0.999992847,1,1,1,1,1,tfidf_direct_attack
1053,0,0.545926769,0.999916911,1,1,0,1,1,deberta_fallback
1054,0,0.935282710,0.999962091,1,1,1,1,1,tfidf_direct_attack
1055,0,0.973438922,0.999978423,1,1,1,1,1,tfidf_direct_attack
1056,0,0.720361692,0.185737580,1,0,1,0,0,deberta_fallback
1057,0,0.276945437,0.000455210,0,0,0,0,0,deberta_fallback
1058,0,0.712218281,0.984100103,1,1,1,1,1,deberta_fallback
1059,0,0.902973015,0.999667764,1,1,1,1,1,deberta_fallback
1060,0,0.809926119,0.999980211,1,1,1,1,1,deberta_fallback
1061,0,0.129609262,0.001222042,0,0,0,0,0,deberta_fallback
1062,0,0.674480149,0.999761522,1,1,1,1,1,deberta_fallback
1063,0,0.971896811,0.999983549,1,1,1,1,1,tfidf_direct_attack
1064,0,0.932469230,0.999943376,1,1,1,1,1,tfidf_direct_attack
1065,0,0.884091720,0.999991775,1,1,1,1,1,deberta_fallback
1066,0,0.507855349,0.999945879,1,1,0,1,1,deberta_fallback
1067,0,0.930988391,0.996310651,1,1,1,1,1,tfidf_direct_attack
1068,0,0.826639753,0.968627632,1,1,1,1,1,deberta_fallback
1069,0,0.972157359,0.869184375,1,1,1,0,1,tfidf_direct_attack
1070,0,0.817444790,0.999488235,1,1,1,1,1,deberta_fallback
1071,0,0.898892597,0.999816954,1,1,1,1,1,deberta_fallback
1072,0,0.716890404,0.999954820,1,1,1,1,1,deberta_fallback
1073,0,0.961545008,0.086457856,1,0,1,0,1,tfidf_direct_attack
1074,0,0.839815605,0.999961019,1,1,1,1,1,deberta_fallback
1075,0,0.905913017,0.999148726,1,1,1,1,1,deberta_fallback
1076,0,0.947882200,0.973802209,1,1,1,1,1,tfidf_direct_attack
1077,0,0.746038758,0.993330657,1,1,1,1,1,deberta_fallback
1078,0,0.857557267,0.999931097,1,1,1,1,1,deberta_fallback
1079,0,0.953476319,0.998117208,1,1,1,1,1,tfidf_direct_attack
1080,0,0.480198071,0.978777289,0,1,0,1,1,deberta_fallback
1081,0,0.976634103,0.999989748,1,1,1,1,1,tfidf_direct_attack
1082,0,0.969726148,0.999895573,1,1,1,1,1,tfidf_direct_attack
1083,0,0.879623414,0.999446929,1,1,1,1,1,deberta_fallback
1084,0,0.917276980,0.999988198,1,1,1,1,1,deberta_fallback
1085,0,0.840100363,0.000876988,1,0,1,0,0,deberta_fallback
1086,0,0.946286963,0.999721587,1,1,1,1,1,tfidf_direct_attack
1087,0,0.878285544,0.999800861,1,1,1,1,1,deberta_fallback
1088,0,0.498809554,0.999990702,0,1,0,1,1,deberta_fallback
1089,0,0.591245153,0.986195803,1,1,0,1,1,deberta_fallback
1090,0,0.856866534,0.999866605,1,1,1,1,1,deberta_fallback
1091,0,0.957045255,0.999971986,1,1,1,1,1,tfidf_direct_attack
1092,0,0.659741303,0.039883088,1,0,1,0,0,deberta_fallback
1093,0,0.599734357,0.000929418,1,0,0,0,0,deberta_fallback
1094,0,0.748073618,0.999805868,1,1,1,1,1,deberta_fallback
1095,0,0.716829990,0.997797132,1,1,1,1,1,deberta_fallback
1096,0,0.675961889,0.985457659,1,1,1,1,1,deberta_fallback
1097,0,0.815507098,0.995685101,1,1,1,1,1,deberta_fallback
1098,0,0.792688089,0.999836206,1,1,1,1,1,deberta_fallback
1099,0,0.972856568,0.999964356,1,1,1,1,1,tfidf_direct_attack
1100,0,0.622639884,0.896565914,1,1,0,1,1,deberta_fallback
1101,0,0.205989500,0.999888301,0,1,0,1,1,deberta_fallback
1102,0,0.940056048,0.999987841,1,1,1,1,1,tfidf_direct_attack
1103,0,0.977454331,0.999967098,1,1,1,1,1,tfidf_direct_attack
1104,0,0.827427094,0.999992251,1,1,1,1,1,deberta_fallback
1105,0,0.837780659,0.999969482,1,1,1,1,1,deberta_fallback
1106,0,0.878642701,0.973270178,1,1,1,1,1,deberta_fallback
1107,0,0.762998162,0.003431937,1,0,1,0,0,deberta_fallback
1108,0,0.973539525,0.999984980,1,1,1,1,1,tfidf_direct_attack
1109,0,0.830896590,0.996836782,1,1,1,1,1,deberta_fallback
1110,0,0.331986271,0.992532551,0,1,0,1,1,deberta_fallback
1111,0,0.833293128,0.999952078,1,1,1,1,1,deberta_fallback
1112,0,0.836503041,0.998752952,1,1,1,1,1,deberta_fallback
1113,0,0.684464502,0.999564469,1,1,1,1,1,deberta_fallback
1114,0,0.310719657,0.999903560,0,1,0,1,1,deberta_fallback
1115,0,0.749476092,0.999914169,1,1,1,1,1,deberta_fallback
1116,0,0.528048575,0.997111082,1,1,0,1,1,deberta_fallback
1117,0,0.124838677,0.974296391,0,1,0,1,1,deberta_fallback
1118,0,0.527730638,0.002016170,1,0,0,0,0,deberta_fallback
1119,0,0.598896004,0.999212742,1,1,0,1,1,deberta_fallback
1120,0,0.831174555,0.697542667,1,1,1,0,0,deberta_fallback
1121,0,0.959161326,0.999990940,1,1,1,1,1,tfidf_direct_attack
1122,0,0.788237420,0.999991059,1,1,1,1,1,deberta_fallback
1123,0,0.827175375,0.999983191,1,1,1,1,1,deberta_fallback
1124,0,0.139381857,0.000152720,0,0,0,0,0,deberta_fallback
1125,0,0.805466959,0.999945879,1,1,1,1,1,deberta_fallback
1126,0,0.515863973,0.999989510,1,1,0,1,1,deberta_fallback
1127,0,0.361926424,0.999005854,0,1,0,1,1,deberta_fallback
1128,0,0.547496838,0.999944448,1,1,0,1,1,deberta_fallback
1129,0,0.869900781,0.485005885,1,0,1,0,0,deberta_fallback
1130,0,0.882736574,0.907020569,1,1,1,1,1,deberta_fallback
1131,0,0.855145444,0.999389768,1,1,1,1,1,deberta_fallback
1132,0,0.367624345,0.647556484,0,1,0,0,0,deberta_fallback
1133,0,0.886171494,0.997259378,1,1,1,1,1,deberta_fallback
1134,0,0.990155630,0.999989271,1,1,1,1,1,tfidf_direct_attack
1135,0,0.893149327,0.898336887,1,1,1,1,1,deberta_fallback
1136,0,0.342109511,0.999740303,0,1,0,1,1,deberta_fallback
1137,0,0.547510779,0.000379818,1,0,0,0,0,deberta_fallback
1138,0,0.333752135,0.001538849,0,0,0,0,0,deberta_fallback
1139,0,0.944004642,0.988353729,1,1,1,1,1,tfidf_direct_attack
1140,0,0.801626269,0.999950051,1,1,1,1,1,deberta_fallback
1141,0,0.176673380,0.000572387,0,0,0,0,0,deberta_fallback
1142,0,0.719604912,0.006630174,1,0,1,0,0,deberta_fallback
1143,0,0.345818042,0.980287373,0,1,0,1,1,deberta_fallback
1144,0,0.982450900,0.999977469,1,1,1,1,1,tfidf_direct_attack
1145,0,0.807249334,0.999886990,1,1,1,1,1,deberta_fallback
1146,0,0.509563531,0.961359560,1,1,0,1,1,deberta_fallback
1147,0,0.808689536,0.998972178,1,1,1,1,1,deberta_fallback
1148,0,0.433186859,0.000297751,0,0,0,0,0,deberta_fallback
1149,0,0.823242710,0.999968648,1,1,1,1,1,deberta_fallback
1150,0,0.950826937,0.999989748,1,1,1,1,1,tfidf_direct_attack
1151,0,0.662957660,0.878562987,1,1,1,1,1,deberta_fallback
1152,0,0.867109114,0.998866200,1,1,1,1,1,deberta_fallback
1153,0,0.353668970,0.998168468,0,1,0,1,1,deberta_fallback
1154,0,0.818010322,0.945212424,1,1,1,1,1,deberta_fallback
1155,0,0.355477457,0.999665618,0,1,0,1,1,deberta_fallback
1156,0,0.722298542,0.999946952,1,1,1,1,1,deberta_fallback
1157,0,0.918637886,0.999989867,1,1,1,1,1,tfidf_direct_attack
1158,0,0.930181572,0.955891967,1,1,1,1,1,tfidf_direct_attack
1159,0,0.732482374,0.999741852,1,1,1,1,1,deberta_fallback
1160,0,0.880212727,0.999835372,1,1,1,1,1,deberta_fallback
1161,0,0.911580183,0.999949098,1,1,1,1,1,deberta_fallback
1162,0,0.770756196,0.997252882,1,1,1,1,1,deberta_fallback
1163,0,0.929960708,0.999975681,1,1,1,1,1,tfidf_direct_attack
1164,0,0.792611524,0.981433928,1,1,1,1,1,deberta_fallback
1165,0,0.913924761,0.999965906,1,1,1,1,1,deberta_fallback
1166,0,0.956242087,0.999972343,1,1,1,1,1,tfidf_direct_attack
1167,0,0.981481946,0.999929309,1,1,1,1,1,tfidf_direct_attack
1168,0,0.941069063,0.995246232,1,1,1,1,1,tfidf_direct_attack
1169,0,0.765570526,0.932590127,1,1,1,1,1,deberta_fallback
1170,0,0.972922871,0.989387274,1,1,1,1,1,tfidf_direct_attack
1171,0,0.693225479,0.999973655,1,1,1,1,1,deberta_fallback
1172,0,0.744044816,0.999892473,1,1,1,1,1,deberta_fallback
1173,0,0.853521812,0.999948263,1,1,1,1,1,deberta_fallback
1174,0,0.918860697,0.993709564,1,1,1,1,1,tfidf_direct_attack
1175,0,0.804267348,0.999956250,1,1,1,1,1,deberta_fallback
1176,0,0.637992780,0.999798238,1,1,0,1,1,deberta_fallback
1177,0,0.695344541,0.001100363,1,0,1,0,0,deberta_fallback
1178,0,0.588992248,0.999984503,1,1,0,1,1,deberta_fallback
1179,0,0.969602464,0.000930605,1,0,1,0,1,tfidf_direct_attack
1180,0,0.587705993,0.999688506,1,1,0,1,1,deberta_fallback
1181,0,0.693531594,0.001108503,1,0,1,0,0,deberta_fallback
1182,0,0.851418659,0.999974608,1,1,1,1,1,deberta_fallback
1183,0,0.949100996,0.999386668,1,1,1,1,1,tfidf_direct_attack
1184,0,0.722410377,0.999939680,1,1,1,1,1,deberta_fallback
1185,0,0.951318525,0.999906778,1,1,1,1,1,tfidf_direct_attack
1186,0,0.957695902,0.999965310,1,1,1,1,1,tfidf_direct_attack
1187,0,0.924940129,0.985127866,1,1,1,1,1,tfidf_direct_attack
1188,0,0.620667221,0.995991051,1,1,0,1,1,deberta_fallback
1189,0,0.940383849,0.999974012,1,1,1,1,1,tfidf_direct_attack
1190,0,0.725179267,0.996846020,1,1,1,1,1,deberta_fallback
1191,0,0.225622535,0.332236260,0,0,0,0,0,deberta_fallback
1192,0,0.329211500,0.999705136,0,1,0,1,1,deberta_fallback
1193,0,0.982000108,0.999292254,1,1,1,1,1,tfidf_direct_attack
1194,0,0.473773727,0.821221292,0,1,0,0,0,deberta_fallback
1195,0,0.718696915,0.999986053,1,1,1,1,1,deberta_fallback
1196,0,0.982706647,0.999968171,1,1,1,1,1,tfidf_direct_attack
1197,0,0.499702685,0.954959095,0,1,0,1,1,deberta_fallback
1198,0,0.755761328,0.999925494,1,1,1,1,1,deberta_fallback
1199,0,0.850054786,0.999976039,1,1,1,1,1,deberta_fallback
1200,0,0.976461293,0.999988198,1,1,1,1,1,tfidf_direct_attack
1201,0,0.785622098,0.999992490,1,1,1,1,1,deberta_fallback
1202,0,0.271492068,0.000250323,0,0,0,0,0,deberta_fallback
1203,0,0.823497533,0.999991298,1,1,1,1,1,deberta_fallback
1204,0,0.308869984,0.997081935,0,1,0,1,1,deberta_fallback
1205,0,0.986838963,0.845486045,1,1,1,0,1,tfidf_direct_attack
1206,0,0.614444426,0.999777019,1,1,0,1,1,deberta_fallback
1207,0,0.383173714,0.999970317,0,1,0,1,1,deberta_fallback
1208,0,0.658510339,0.999901533,1,1,1,1,1,deberta_fallback
1209,0,0.903589318,0.863098800,1,1,1,0,0,deberta_fallback
1210,0,0.570450979,0.994210958,1,1,0,1,1,deberta_fallback
1211,0,0.450719635,0.999988079,0,1,0,1,1,deberta_fallback
1212,0,0.899754377,0.999984145,1,1,1,1,1,deberta_fallback
1213,0,0.661218381,0.998328507,1,1,1,1,1,deberta_fallback
1214,0,0.872576548,0.741303861,1,1,1,0,0,deberta_fallback
1215,0,0.918663785,0.003638764,1,0,1,0,1,tfidf_direct_attack
1216,0,0.766278270,0.000948717,1,0,1,0,0,deberta_fallback
1217,0,0.689437221,0.997665524,1,1,1,1,1,deberta_fallback
1218,0,0.960223933,0.996810853,1,1,1,1,1,tfidf_direct_attack
1219,0,0.757916231,0.011561091,1,0,1,0,0,deberta_fallback
1220,0,0.355118418,0.000548010,0,0,0,0,0,deberta_fallback
1221,0,0.736373221,0.999208152,1,1,1,1,1,deberta_fallback
1222,0,0.833106312,0.999751031,1,1,1,1,1,deberta_fallback
1223,0,0.776249936,0.999854445,1,1,1,1,1,deberta_fallback
1224,0,0.578504701,0.999057114,1,1,0,1,1,deberta_fallback
1225,0,0.859236670,0.999765813,1,1,1,1,1,deberta_fallback
1226,0,0.308491188,0.999825537,0,1,0,1,1,deberta_fallback
1227,0,0.860675743,0.999979377,1,1,1,1,1,deberta_fallback
1228,0,0.541656564,0.999988317,1,1,0,1,1,deberta_fallback
1229,0,0.833347517,0.999852777,1,1,1,1,1,deberta_fallback
1230,0,0.947360241,0.999983311,1,1,1,1,1,tfidf_direct_attack
1231,0,0.695063260,0.998798132,1,1,1,1,1,deberta_fallback
1232,0,0.819656984,0.220264122,1,0,1,0,0,deberta_fallback
1233,0,0.259872447,0.967551410,0,1,0,1,1,deberta_fallback
1234,0,0.751885192,0.196403235,1,0,1,0,0,deberta_fallback
1235,0,0.825647949,0.999964952,1,1,1,1,1,deberta_fallback
1236,0,0.458831319,0.000916587,0,0,0,0,0,deberta_fallback
1237,0,0.796107520,0.860814393,1,1,1,0,0,deberta_fallback
1238,0,0.863765930,0.999770582,1,1,1,1,1,deberta_fallback
1239,0,0.794253496,0.999712169,1,1,1,1,1,deberta_fallback
1240,0,0.192911123,0.963303745,0,1,0,1,1,deberta_fallback
1241,0,0.726047372,0.999985933,1,1,1,1,1,deberta_fallback
1242,0,0.845979989,0.989347339,1,1,1,1,1,deberta_fallback
1243,0,0.908585859,0.001824676,1,0,1,0,0,deberta_fallback
1244,0,0.794596282,0.999934077,1,1,1,1,1,deberta_fallback
1245,0,0.879897600,0.999982476,1,1,1,1,1,deberta_fallback
1246,0,0.871734324,0.999990344,1,1,1,1,1,deberta_fallback
1247,0,0.968997956,0.967268586,1,1,1,1,1,tfidf_direct_attack
1248,0,0.941504132,0.999229908,1,1,1,1,1,tfidf_direct_attack
1249,0,0.983101977,0.951857924,1,1,1,1,1,tfidf_direct_attack
1250,0,0.404071295,0.150303259,0,0,0,0,0,deberta_fallback
1251,0,0.701988235,0.999970198,1,1,1,1,1,deberta_fallback
1252,0,0.844371242,0.999961615,1,1,1,1,1,deberta_fallback
1253,0,0.854713499,0.999984741,1,1,1,1,1,deberta_fallback
1254,0,0.376368922,0.850476444,0,1,0,0,0,deberta_fallback
1255,0,0.931005053,0.997658610,1,1,1,1,1,tfidf_direct_attack
1256,0,0.932302567,0.999991298,1,1,1,1,1,tfidf_direct_attack
1257,0,0.880319633,0.999670148,1,1,1,1,1,deberta_fallback
1258,0,0.731111698,0.999309897,1,1,1,1,1,deberta_fallback
1259,0,0.637294432,0.990193784,1,1,0,1,1,deberta_fallback
1260,0,0.695556695,0.918221474,1,1,1,1,1,deberta_fallback
1261,0,0.854011864,0.999990582,1,1,1,1,1,deberta_fallback
1262,0,0.961684966,0.999964237,1,1,1,1,1,tfidf_direct_attack
1263,0,0.973633872,0.999722779,1,1,1,1,1,tfidf_direct_attack
1264,0,0.958764810,0.999959230,1,1,1,1,1,tfidf_direct_attack
1265,0,0.616618030,0.978792250,1,1,0,1,1,deberta_fallback
1266,0,0.982357248,0.999953270,1,1,1,1,1,tfidf_direct_attack
1267,0,0.788814655,0.996665299,1,1,1,1,1,deberta_fallback
1268,0,0.513106697,0.999495625,1,1,0,1,1,deberta_fallback
1269,0,0.914222350,0.986373067,1,1,1,1,1,deberta_fallback
1270,0,0.939041485,0.999951243,1,1,1,1,1,tfidf_direct_attack
1271,0,0.314122485,0.999915481,0,1,0,1,1,deberta_fallback
1272,0,0.912895494,0.954404116,1,1,1,1,1,deberta_fallback
1273,0,0.634612768,0.000468214,1,0,0,0,0,deberta_fallback
1274,0,0.973640992,0.999780238,1,1,1,1,1,tfidf_direct_attack
1275,0,0.909617504,0.998564780,1,1,1,1,1,deberta_fallback
1276,0,0.702236597,0.004719740,1,0,1,0,0,deberta_fallback
1277,0,0.859675692,0.997748911,1,1,1,1,1,deberta_fallback
1278,0,0.760404197,0.471943080,1,0,1,0,0,deberta_fallback
1279,0,0.918473191,0.999942780,1,1,1,1,1,tfidf_direct_attack
1280,0,0.238831147,0.002511987,0,0,0,0,0,deberta_fallback
1281,0,0.776621421,0.975007772,1,1,1,1,1,deberta_fallback
1282,0,0.341844131,0.999659061,0,1,0,1,1,deberta_fallback
1283,0,0.776905785,0.999894857,1,1,1,1,1,deberta_fallback
1284,0,0.411238270,0.999961853,0,1,0,1,1,deberta_fallback
1285,0,0.865366881,0.999532580,1,1,1,1,1,deberta_fallback
1286,0,0.927207788,0.001497653,1,0,1,0,1,tfidf_direct_attack
1287,0,0.526239451,0.002006579,1,0,0,0,0,deberta_fallback
1288,0,0.761883855,0.893160462,1,1,1,1,1,deberta_fallback
1289,0,0.477832608,0.000428312,0,0,0,0,0,deberta_fallback
1290,0,0.882561939,0.999806106,1,1,1,1,1,deberta_fallback
1291,0,0.334810751,0.999819577,0,1,0,1,1,deberta_fallback
1292,0,0.917288033,0.999978662,1,1,1,1,1,deberta_fallback
1293,0,0.981915603,0.999876857,1,1,1,1,1,tfidf_direct_attack
1294,0,0.744267496,0.999989510,1,1,1,1,1,deberta_fallback
1295,0,0.971058969,0.999705136,1,1,1,1,1,tfidf_direct_attack
1296,0,0.909515386,0.999723017,1,1,1,1,1,deberta_fallback
1297,0,0.769191166,0.999942183,1,1,1,1,1,deberta_fallback
1298,0,0.917957055,0.999865294,1,1,1,1,1,tfidf_direct_attack
1299,0,0.845898179,0.999893427,1,1,1,1,1,deberta_fallback
1300,0,0.958066641,0.992301583,1,1,1,1,1,tfidf_direct_attack
1301,0,0.910179119,0.999973655,1,1,1,1,1,deberta_fallback
1302,0,0.803787495,0.999992013,1,1,1,1,1,deberta_fallback
1303,0,0.488435850,0.999991775,0,1,0,1,1,deberta_fallback
1304,0,0.968279236,0.999313354,1,1,1,1,1,tfidf_direct_attack
1305,0,0.550233848,0.999566376,1,1,0,1,1,deberta_fallback
1306,0,0.446104232,0.000253653,0,0,0,0,0,deberta_fallback
1307,0,0.744590183,0.999596179,1,1,1,1,1,deberta_fallback
1308,0,0.938357604,0.999862552,1,1,1,1,1,tfidf_direct_attack
1309,0,0.900593186,0.999981761,1,1,1,1,1,deberta_fallback
1310,0,0.943821566,0.999974608,1,1,1,1,1,tfidf_direct_attack
1311,0,0.470219671,0.999346673,0,1,0,1,1,deberta_fallback
1312,0,0.986462413,0.999950886,1,1,1,1,1,tfidf_direct_attack
1313,0,0.930379330,0.999856949,1,1,1,1,1,tfidf_direct_attack
1314,0,0.639615094,0.951674819,1,1,0,1,1,deberta_fallback
1315,0,0.935978645,0.999672771,1,1,1,1,1,tfidf_direct_attack
1316,0,0.831612184,0.000873916,1,0,1,0,0,deberta_fallback
1317,0,0.768432159,0.001744134,1,0,1,0,0,deberta_fallback
1318,0,0.748257029,0.000257746,1,0,1,0,0,deberta_fallback
1319,0,0.339900859,0.675354481,0,1,0,0,0,deberta_fallback
1320,0,0.967245271,0.001742075,1,0,1,0,1,tfidf_direct_attack
1321,0,0.622758053,0.265341103,1,0,0,0,0,deberta_fallback
1322,0,0.785863853,0.999643326,1,1,1,1,1,deberta_fallback
1323,0,0.861310305,0.999973655,1,1,1,1,1,deberta_fallback
1324,0,0.486692428,0.994836569,0,1,0,1,1,deberta_fallback
1325,0,0.230036184,0.000500477,0,0,0,0,0,deberta_fallback
1326,0,0.769198281,0.999986768,1,1,1,1,1,deberta_fallback
1327,0,0.896060887,0.999952912,1,1,1,1,1,deberta_fallback
1328,0,0.959508946,0.999969602,1,1,1,1,1,tfidf_direct_attack
1329,0,0.806715385,0.000654602,1,0,1,0,0,deberta_fallback
1330,0,0.901252180,0.995383799,1,1,1,1,1,deberta_fallback
1331,0,0.763348894,0.999979138,1,1,1,1,1,deberta_fallback
1332,1,0.933910604,0.999993324,1,1,1,1,1,tfidf_direct_attack
1333,1,0.684806874,0.999993086,1,1,1,1,1,deberta_fallback
1334,1,0.852605775,0.999992967,1,1,1,1,1,deberta_fallback
1335,1,0.835543134,0.999992967,1,1,1,1,1,deberta_fallback
1336,1,0.985899537,0.999993324,1,1,1,1,1,tfidf_direct_attack
1337,1,0.848121987,0.999989510,1,1,1,1,1,deberta_fallback
1338,1,0.884695232,0.999993324,1,1,1,1,1,deberta_fallback
1339,1,0.963828470,0.999982715,1,1,1,1,1,tfidf_direct_attack
1340,1,0.805389531,0.999989390,1,1,1,1,1,deberta_fallback
1341,1,0.782765258,0.999987006,1,1,1,1,1,deberta_fallback
1342,1,0.953115547,0.999991536,1,1,1,1,1,tfidf_direct_attack
1343,1,0.628702064,0.999975324,1,1,0,1,1,deberta_fallback
1344,1,0.934166928,0.999993324,1,1,1,1,1,tfidf_direct_attack
1345,1,0.902265557,0.999993086,1,1,1,1,1,deberta_fallback
1346,1,0.719818260,0.999724925,1,1,1,1,1,deberta_fallback
1347,1,0.464238434,0.999980330,0,1,0,1,1,deberta_fallback
1348,1,0.898764479,0.999988556,1,1,1,1,1,deberta_fallback
1349,1,0.947033930,0.999992490,1,1,1,1,1,tfidf_direct_attack
1350,1,0.835673156,0.999983311,1,1,1,1,1,deberta_fallback
1351,1,0.986843837,0.999993443,1,1,1,1,1,tfidf_direct_attack
1352,1,0.906776724,0.999989271,1,1,1,1,1,deberta_fallback
1353,1,0.718868925,0.999942064,1,1,1,1,1,deberta_fallback
1354,1,0.848381944,0.999988198,1,1,1,1,1,deberta_fallback
1355,1,0.973555104,0.999992490,1,1,1,1,1,tfidf_direct_attack
1356,1,0.904160067,0.999991179,1,1,1,1,1,deberta_fallback
1357,1,0.841294226,0.999953508,1,1,1,1,1,deberta_fallback
1358,1,0.848521452,0.999991298,1,1,1,1,1,deberta_fallback
1359,1,0.804972784,0.999991417,1,1,1,1,1,deberta_fallback
1360,1,0.855092117,0.999992371,1,1,1,1,1,deberta_fallback
1361,1,0.833517021,0.999974847,1,1,1,1,1,deberta_fallback
1362,1,0.568720908,0.998009145,1,1,0,1,1,deberta_fallback
1363,1,0.875126683,0.999845982,1,1,1,1,1,deberta_fallback
1364,1,0.797617602,0.999983668,1,1,1,1,1,deberta_fallback
1365,1,0.802027884,0.999991179,1,1,1,1,1,deberta_fallback
1366,1,0.936837178,0.999993205,1,1,1,1,1,tfidf_direct_attack
1367,1,0.644437144,0.999971271,1,1,0,1,1,deberta_fallback
1368,1,0.953783228,0.999992490,1,1,1,1,1,tfidf_direct_attack
1369,1,0.460793416,0.999919295,0,1,0,1,1,deberta_fallback
1370,1,0.482788299,0.999984145,0,1,0,1,1,deberta_fallback
1371,1,0.554700131,0.999696612,1,1,0,1,1,deberta_fallback
1372,1,0.946100580,0.999993086,1,1,1,1,1,tfidf_direct_attack
1373,1,0.799840361,0.999992490,1,1,1,1,1,deberta_fallback
1374,1,0.811148146,0.999974608,1,1,1,1,1,deberta_fallback
1375,1,0.966403242,0.999991775,1,1,1,1,1,tfidf_direct_attack
1376,1,0.598086801,0.999960423,1,1,0,1,1,deberta_fallback
1377,1,0.944090647,0.999992490,1,1,1,1,1,tfidf_direct_attack
1378,1,0.855001212,0.999971151,1,1,1,1,1,deberta_fallback
1379,1,0.728559518,0.999886036,1,1,1,1,1,deberta_fallback
1380,1,0.637158602,0.999964237,1,1,0,1,1,deberta_fallback
1381,1,0.875554551,0.999989986,1,1,1,1,1,deberta_fallback
1382,1,0.667891746,0.999976873,1,1,1,1,1,deberta_fallback
1383,1,0.952646223,0.999990821,1,1,1,1,1,tfidf_direct_attack
1384,1,0.970116684,0.999992490,1,1,1,1,1,tfidf_direct_attack
1385,1,0.497763087,0.999749601,0,1,0,1,1,deberta_fallback
1386,1,0.801006636,0.999989867,1,1,1,1,1,deberta_fallback
1387,1,0.618139463,0.999992609,1,1,0,1,1,deberta_fallback
1388,1,0.846830688,0.998908520,1,1,1,1,1,deberta_fallback
1389,1,0.939905011,0.999991775,1,1,1,1,1,tfidf_direct_attack
1390,1,0.773239873,0.999992847,1,1,1,1,1,deberta_fallback
1391,1,0.768823067,0.999938250,1,1,1,1,1,deberta_fallback
1392,1,0.520431001,0.999959588,1,1,0,1,1,deberta_fallback
1393,1,0.666833923,0.999990225,1,1,1,1,1,deberta_fallback
1394,1,0.863292358,0.999992728,1,1,1,1,1,deberta_fallback
1395,1,0.851320942,0.999992609,1,1,1,1,1,deberta_fallback
1396,1,0.696172154,0.999976873,1,1,1,1,1,deberta_fallback
1397,1,0.809242687,0.999992967,1,1,1,1,1,deberta_fallback
1398,1,0.921382264,0.999968529,1,1,1,1,1,tfidf_direct_attack
1399,1,0.894871921,0.999993205,1,1,1,1,1,deberta_fallback
1400,1,0.899903434,0.999992490,1,1,1,1,1,deberta_fallback
1401,1,0.654953492,0.999989986,1,1,1,1,1,deberta_fallback
1402,1,0.985485999,0.999992847,1,1,1,1,1,tfidf_direct_attack
1403,1,0.988383776,0.999993324,1,1,1,1,1,tfidf_direct_attack
1404,1,0.893753506,0.999992371,1,1,1,1,1,deberta_fallback
1405,1,0.949678345,0.999992490,1,1,1,1,1,tfidf_direct_attack
1406,1,0.884284560,0.999992609,1,1,1,1,1,deberta_fallback
1407,1,0.864114056,0.999947309,1,1,1,1,1,deberta_fallback
1408,1,0.560512759,0.999954581,1,1,0,1,1,deberta_fallback
1409,1,0.965781928,0.999992490,1,1,1,1,1,tfidf_direct_attack
1410,1,0.723955017,0.999986291,1,1,1,1,1,deberta_fallback
1411,1,0.663262882,0.996719658,1,1,1,1,1,deberta_fallback
1412,1,0.848289432,0.999865532,1,1,1,1,1,deberta_fallback
1413,1,0.839964869,0.999988198,1,1,1,1,1,deberta_fallback
1414,1,0.859187465,0.999992967,1,1,1,1,1,deberta_fallback
1415,1,0.822391669,0.999992132,1,1,1,1,1,deberta_fallback
1416,1,0.852128707,0.999992371,1,1,1,1,1,deberta_fallback
1417,1,0.951774214,0.999978900,1,1,1,1,1,tfidf_direct_attack
1418,1,0.697530077,0.999723017,1,1,1,1,1,deberta_fallback
1419,1,0.673047653,0.999969840,1,1,1,1,1,deberta_fallback
1420,1,0.839126242,0.999993324,1,1,1,1,1,deberta_fallback
1421,1,0.871049694,0.999991655,1,1,1,1,1,deberta_fallback
1422,1,0.686297953,0.999975801,1,1,1,1,1,deberta_fallback
1423,1,0.591125736,0.999974608,1,1,0,1,1,deberta_fallback
1424,1,0.877577987,0.999988556,1,1,1,1,1,deberta_fallback
1425,1,0.557427462,0.999910831,1,1,0,1,1,deberta_fallback
1426,1,0.947191898,0.999992728,1,1,1,1,1,tfidf_direct_attack
1427,1,0.909298145,0.999993324,1,1,1,1,1,deberta_fallback
1428,1,0.806423423,0.999987602,1,1,1,1,1,deberta_fallback
1429,1,0.966572041,0.999993086,1,1,1,1,1,tfidf_direct_attack
1430,1,0.818807822,0.999984026,1,1,1,1,1,deberta_fallback
1431,1,0.607089989,0.999990702,1,1,0,1,1,deberta_fallback
1432,1,0.786014496,0.999980807,1,1,1,1,1,deberta_fallback
1433,1,0.433003212,0.999991059,0,1,0,1,1,deberta_fallback
1434,1,0.788941945,0.999992251,1,1,1,1,1,deberta_fallback
1435,1,0.826145429,0.999980807,1,1,1,1,1,deberta_fallback
1436,1,0.674789188,0.999974847,1,1,1,1,1,deberta_fallback
1437,1,0.982471667,0.999993086,1,1,1,1,1,tfidf_direct_attack
1438,1,0.891085081,0.999992609,1,1,1,1,1,deberta_fallback
1439,1,0.487357044,0.999982476,0,1,0,1,1,deberta_fallback
1440,1,0.909603044,0.999990106,1,1,1,1,1,deberta_fallback
1441,1,0.830794328,0.999984741,1,1,1,1,1,deberta_fallback
1442,1,0.881982012,0.999985218,1,1,1,1,1,deberta_fallback
1443,1,0.728369351,0.999988556,1,1,1,1,1,deberta_fallback
1444,1,0.956942013,0.999973893,1,1,1,1,1,tfidf_direct_attack
1445,1,0.836010302,0.999992728,1,1,1,1,1,deberta_fallback
1446,1,0.820150356,0.999991179,1,1,1,1,1,deberta_fallback
1447,1,0.914225555,0.999966383,1,1,1,1,1,deberta_fallback
1448,1,0.601328947,0.999986053,1,1,0,1,1,deberta_fallback
1449,1,0.973411925,0.999993205,1,1,1,1,1,tfidf_direct_attack
1450,1,0.760723759,0.999731123,1,1,1,1,1,deberta_fallback
1451,1,0.624223138,0.999990582,1,1,0,1,1,deberta_fallback
1452,1,0.601285564,0.999986053,1,1,0,1,1,deberta_fallback
1453,1,0.665181047,0.999961615,1,1,1,1,1,deberta_fallback
1454,1,0.967216893,0.999993086,1,1,1,1,1,tfidf_direct_attack
1455,1,0.849748939,0.999991775,1,1,1,1,1,deberta_fallback
1456,1,0.901187968,0.999991894,1,1,1,1,1,deberta_fallback
1457,1,0.975568290,0.999992371,1,1,1,1,1,tfidf_direct_attack
1458,1,0.972780968,0.999992609,1,1,1,1,1,tfidf_direct_attack
1459,1,0.816890416,0.999988317,1,1,1,1,1,deberta_fallback
1460,1,0.786139877,0.999992609,1,1,1,1,1,deberta_fallback
1461,1,0.418229087,0.999915004,0,1,0,1,1,deberta_fallback
1462,1,0.709034746,0.999970913,1,1,1,1,1,deberta_fallback
1463,1,0.736904947,0.999963760,1,1,1,1,1,deberta_fallback
1464,1,0.834005648,0.999987006,1,1,1,1,1,deberta_fallback
1465,1,0.947847514,0.999990463,1,1,1,1,1,tfidf_direct_attack
1466,1,0.640745075,0.999987841,1,1,0,1,1,deberta_fallback
1467,1,0.623945813,0.999945760,1,1,0,1,1,deberta_fallback
1468,1,0.699557694,0.999991298,1,1,1,1,1,deberta_fallback
1469,1,0.921170399,0.999993205,1,1,1,1,1,tfidf_direct_attack
1470,1,0.771145141,0.999570549,1,1,1,1,1,deberta_fallback
1471,1,0.693372439,0.999990821,1,1,1,1,1,deberta_fallback
1472,1,0.817582640,0.998981774,1,1,1,1,1,deberta_fallback
1473,1,0.767920152,0.999988914,1,1,1,1,1,deberta_fallback
1474,1,0.838610837,0.999987721,1,1,1,1,1,deberta_fallback
1475,1,0.926844332,0.999991894,1,1,1,1,1,tfidf_direct_attack
1476,1,0.885054885,0.999983191,1,1,1,1,1,deberta_fallback
1477,1,0.826619019,0.999992609,1,1,1,1,1,deberta_fallback
1478,1,0.922631528,0.999990940,1,1,1,1,1,tfidf_direct_attack
1479,1,0.880224875,0.999969363,1,1,1,1,1,deberta_fallback
1480,1,0.681983023,0.999993086,1,1,1,1,1,deberta_fallback
1481,1,0.845201149,0.999989867,1,1,1,1,1,deberta_fallback
1482,1,0.848150858,0.999986768,1,1,1,1,1,deberta_fallback
1483,1,0.919530865,0.999984860,1,1,1,1,1,tfidf_direct_attack
1484,1,0.506774761,0.999972939,1,1,0,1,1,deberta_fallback
1485,1,0.867114119,0.999993205,1,1,1,1,1,deberta_fallback
1486,1,0.619646088,0.999788463,1,1,0,1,1,deberta_fallback
1487,1,0.411671448,0.999977231,0,1,0,1,1,deberta_fallback
1488,1,0.602458840,0.999913692,1,1,0,1,1,deberta_fallback
1489,1,0.876201511,0.999991655,1,1,1,1,1,deberta_fallback
1490,1,0.877391829,0.999984145,1,1,1,1,1,deberta_fallback
1491,1,0.601993038,0.999967575,1,1,0,1,1,deberta_fallback
1492,1,0.931747067,0.999990463,1,1,1,1,1,tfidf_direct_attack
1493,1,0.863024428,0.999925852,1,1,1,1,1,deberta_fallback
1494,1,0.909221001,0.999993086,1,1,1,1,1,deberta_fallback
1495,1,0.798120271,0.999990582,1,1,1,1,1,deberta_fallback
1496,1,0.968369553,0.999990940,1,1,1,1,1,tfidf_direct_attack
1497,1,0.759923164,0.999956131,1,1,1,1,1,deberta_fallback
1498,1,0.878013454,0.999992847,1,1,1,1,1,deberta_fallback
1499,1,0.969550763,0.999985099,1,1,1,1,1,tfidf_direct_attack
1500,1,0.579600872,0.999991655,1,1,0,1,1,deberta_fallback
1501,1,0.909006344,0.999992490,1,1,1,1,1,deberta_fallback
1502,1,0.769487630,0.997751057,1,1,1,1,1,deberta_fallback
1503,1,0.884154586,0.999981761,1,1,1,1,1,deberta_fallback
1504,1,0.812313704,0.999979615,1,1,1,1,1,deberta_fallback
1505,1,0.702780194,0.999880195,1,1,1,1,1,deberta_fallback
1506,1,0.552219370,0.999954939,1,1,0,1,1,deberta_fallback
1507,1,0.925854157,0.999991059,1,1,1,1,1,tfidf_direct_attack
1508,1,0.910721952,0.999992967,1,1,1,1,1,deberta_fallback
1509,1,0.942467870,0.999897242,1,1,1,1,1,tfidf_direct_attack
1510,1,0.700896736,0.999990940,1,1,1,1,1,deberta_fallback
1511,1,0.380802947,0.999979854,0,1,0,1,1,deberta_fallback
1512,1,0.946255934,0.999992967,1,1,1,1,1,tfidf_direct_attack
1513,1,0.893966103,0.999984384,1,1,1,1,1,deberta_fallback
1514,1,0.937063539,0.999991655,1,1,1,1,1,tfidf_direct_attack
1515,1,0.770649467,0.999988556,1,1,1,1,1,deberta_fallback
1516,1,0.583104166,0.999984264,1,1,0,1,1,deberta_fallback
1517,1,0.706819910,0.999992490,1,1,1,1,1,deberta_fallback
1518,1,0.926803966,0.999992132,1,1,1,1,1,tfidf_direct_attack
1519,1,0.807986882,0.999989390,1,1,1,1,1,deberta_fallback
1520,1,0.791379991,0.999710619,1,1,1,1,1,deberta_fallback
1521,1,0.973955743,0.999992609,1,1,1,1,1,tfidf_direct_attack
1522,1,0.972135990,0.999991179,1,1,1,1,1,tfidf_direct_attack
1523,1,0.528594749,0.999988198,1,1,0,1,1,deberta_fallback
1524,1,0.823593031,0.999992251,1,1,1,1,1,deberta_fallback
1525,1,0.902762567,0.999989510,1,1,1,1,1,deberta_fallback
1526,1,0.937854158,0.999993324,1,1,1,1,1,tfidf_direct_attack
1527,1,0.858918397,0.999642372,1,1,1,1,1,deberta_fallback
1528,1,0.750091406,0.999974966,1,1,1,1,1,deberta_fallback
1529,1,0.919856086,0.999978900,1,1,1,1,1,tfidf_direct_attack
1530,1,0.577194270,0.999992609,1,1,0,1,1,deberta_fallback
1531,1,0.934590371,0.999992609,1,1,1,1,1,tfidf_direct_attack
1532,1,0.552472158,0.999990821,1,1,0,1,1,deberta_fallback
1533,1,0.684390399,0.999594152,1,1,1,1,1,deberta_fallback
1534,1,0.568701101,0.999975920,1,1,0,1,1,deberta_fallback
1535,1,0.903232024,0.999966979,1,1,1,1,1,deberta_fallback
1536,1,0.894041489,0.999965787,1,1,1,1,1,deberta_fallback
1537,1,0.807990884,0.999979854,1,1,1,1,1,deberta_fallback
1538,1,0.697855246,0.999786198,1,1,1,1,1,deberta_fallback
1539,1,0.653720872,0.999987006,1,1,0,1,1,deberta_fallback
1540,1,0.860970834,0.999971509,1,1,1,1,1,deberta_fallback
1541,1,0.546914183,0.999989510,1,1,0,1,1,deberta_fallback
1542,1,0.828053672,0.999992847,1,1,1,1,1,deberta_fallback
1543,1,0.742997955,0.999989629,1,1,1,1,1,deberta_fallback
1544,1,0.903248132,0.999989390,1,1,1,1,1,deberta_fallback
1545,1,0.607155788,0.999893069,1,1,0,1,1,deberta_fallback
1546,1,0.982882358,0.999993324,1,1,1,1,1,tfidf_direct_attack
1547,1,0.830523927,0.999981880,1,1,1,1,1,deberta_fallback
1548,1,0.797047814,0.999992967,1,1,1,1,1,deberta_fallback
1549,1,0.477925783,0.999980569,0,1,0,1,1,deberta_fallback
1550,1,0.873074783,0.999977231,1,1,1,1,1,deberta_fallback
1551,1,0.954375413,0.999989390,1,1,1,1,1,tfidf_direct_attack
1552,1,0.817946299,0.999992371,1,1,1,1,1,deberta_fallback
1553,1,0.961316200,0.999992609,1,1,1,1,1,tfidf_direct_attack
1554,1,0.968839009,0.999993205,1,1,1,1,1,tfidf_direct_attack
1555,1,0.692877232,0.999991655,1,1,1,1,1,deberta_fallback
1556,1,0.747378696,0.999983788,1,1,1,1,1,deberta_fallback
1557,1,0.893841384,0.999992847,1,1,1,1,1,deberta_fallback
1558,1,0.995478537,0.999992967,1,1,1,1,1,tfidf_direct_attack
1559,1,0.880686034,0.999992728,1,1,1,1,1,deberta_fallback
1560,1,0.717149198,0.999329686,1,1,1,1,1,deberta_fallback
1561,1,0.796771189,0.999983191,1,1,1,1,1,deberta_fallback
1562,1,0.747687365,0.999985337,1,1,1,1,1,deberta_fallback
1563,1,0.694800996,0.999984622,1,1,1,1,1,deberta_fallback
1564,1,0.857997397,0.999989152,1,1,1,1,1,deberta_fallback
1565,1,0.929698292,0.999993086,1,1,1,1,1,tfidf_direct_attack
1566,1,0.734071731,0.999975920,1,1,1,1,1,deberta_fallback
1567,1,0.988368031,0.999990225,1,1,1,1,1,tfidf_direct_attack
1568,1,0.681384998,0.999901414,1,1,1,1,1,deberta_fallback
1569,1,0.823735006,0.996891439,1,1,1,1,1,deberta_fallback
1570,1,0.823745680,0.999986887,1,1,1,1,1,deberta_fallback
1571,1,0.833528653,0.999938726,1,1,1,1,1,deberta_fallback
1572,1,0.924947061,0.999992728,1,1,1,1,1,tfidf_direct_attack
1573,1,0.934583189,0.999988437,1,1,1,1,1,tfidf_direct_attack
1574,1,0.723522466,0.999984860,1,1,1,1,1,deberta_fallback
1575,1,0.843191926,0.999789417,1,1,1,1,1,deberta_fallback
1576,1,0.783800942,0.999987602,1,1,1,1,1,deberta_fallback
1577,1,0.590317649,0.999980927,1,1,0,1,1,deberta_fallback
1578,1,0.968732306,0.999992251,1,1,1,1,1,tfidf_direct_attack
1579,1,0.967925662,0.999991417,1,1,1,1,1,tfidf_direct_attack
1580,1,0.912339585,0.999992967,1,1,1,1,1,deberta_fallback
1581,1,0.751807415,0.999861836,1,1,1,1,1,deberta_fallback
1582,1,0.941233132,0.999935031,1,1,1,1,1,tfidf_direct_attack
1583,1,0.922153135,0.999988914,1,1,1,1,1,tfidf_direct_attack
1584,1,0.947545007,0.999992728,1,1,1,1,1,tfidf_direct_attack
1585,1,0.871456085,0.999993086,1,1,1,1,1,deberta_fallback
1586,1,0.813461539,0.999992967,1,1,1,1,1,deberta_fallback
1587,1,0.785259310,0.999990106,1,1,1,1,1,deberta_fallback
1588,1,0.752995018,0.999992132,1,1,1,1,1,deberta_fallback
1589,1,0.983806464,0.999992728,1,1,1,1,1,tfidf_direct_attack
1590,1,0.938637421,0.999970555,1,1,1,1,1,tfidf_direct_attack
1591,1,0.549967358,0.999989271,1,1,0,1,1,deberta_fallback
1592,1,0.931171209,0.999978304,1,1,1,1,1,tfidf_direct_attack
1593,1,0.704354043,0.999991655,1,1,1,1,1,deberta_fallback
1594,1,0.723761342,0.998947799,1,1,1,1,1,deberta_fallback
1595,1,0.793687842,0.999915004,1,1,1,1,1,deberta_fallback
1596,1,0.645738239,0.999991894,1,1,0,1,1,deberta_fallback
1597,1,0.884167470,0.999990940,1,1,1,1,1,deberta_fallback
1598,1,0.902890081,0.999983549,1,1,1,1,1,deberta_fallback
1599,1,0.955842602,0.999991179,1,1,1,1,1,tfidf_direct_attack
1600,1,0.486786097,0.999989510,0,1,0,1,1,deberta_fallback
1601,1,0.919035316,0.998912811,1,1,1,1,1,tfidf_direct_attack
1602,1,0.873625578,0.999992013,1,1,1,1,1,deberta_fallback
1603,1,0.941939296,0.999976039,1,1,1,1,1,tfidf_direct_attack
1604,1,0.785986794,0.999956012,1,1,1,1,1,deberta_fallback
1605,1,0.964987447,0.999988556,1,1,1,1,1,tfidf_direct_attack
1606,1,0.965577763,0.999990582,1,1,1,1,1,tfidf_direct_attack
1607,1,0.945872173,0.999988914,1,1,1,1,1,tfidf_direct_attack
1608,1,0.911229730,0.999988556,1,1,1,1,1,deberta_fallback
1609,1,0.753971825,0.999945283,1,1,1,1,1,deberta_fallback
1610,1,0.940546431,0.999990225,1,1,1,1,1,tfidf_direct_attack
1611,1,0.737892108,0.999382973,1,1,1,1,1,deberta_fallback
1612,1,0.676890592,0.999987602,1,1,1,1,1,deberta_fallback
1613,1,0.833036467,0.999988675,1,1,1,1,1,deberta_fallback
1614,1,0.658466252,0.999991775,1,1,1,1,1,deberta_fallback
1615,1,0.822409789,0.999977589,1,1,1,1,1,deberta_fallback
1616,1,0.979150596,0.999992847,1,1,1,1,1,tfidf_direct_attack
1617,1,0.898186786,0.999979854,1,1,1,1,1,deberta_fallback
1618,1,0.346409419,0.999205530,0,1,0,1,1,deberta_fallback
1619,1,0.775498516,0.999992490,1,1,1,1,1,deberta_fallback
1620,1,0.754554047,0.999989867,1,1,1,1,1,deberta_fallback
1621,1,0.887263776,0.999987245,1,1,1,1,1,deberta_fallback
1622,1,0.533918790,0.999985337,1,1,0,1,1,deberta_fallback
1623,1,0.940229082,0.999988198,1,1,1,1,1,tfidf_direct_attack
1624,1,0.656252355,0.999724567,1,1,1,1,1,deberta_fallback
1625,1,0.916739261,0.999991417,1,1,1,1,1,deberta_fallback
1626,1,0.882842478,0.999984145,1,1,1,1,1,deberta_fallback
1627,1,0.890758561,0.999892950,1,1,1,1,1,deberta_fallback
1628,1,0.617895290,0.999932408,1,1,0,1,1,deberta_fallback
1629,1,0.915296639,0.999988914,1,1,1,1,1,deberta_fallback
1630,1,0.617397355,0.999992728,1,1,0,1,1,deberta_fallback
1631,1,0.945164710,0.999993086,1,1,1,1,1,tfidf_direct_attack
1632,1,0.601902085,0.999978900,1,1,0,1,1,deberta_fallback
1633,1,0.821401452,0.999984026,1,1,1,1,1,deberta_fallback
1634,1,0.661834926,0.999991655,1,1,1,1,1,deberta_fallback
1635,1,0.797379633,0.999991894,1,1,1,1,1,deberta_fallback
1636,1,0.832913314,0.999991417,1,1,1,1,1,deberta_fallback
1637,1,0.810593848,0.999926567,1,1,1,1,1,deberta_fallback
1638,1,0.674563808,0.999981642,1,1,1,1,1,deberta_fallback
1639,1,0.765869277,0.999988675,1,1,1,1,1,deberta_fallback
1640,1,0.717687170,0.999920487,1,1,1,1,1,deberta_fallback
1641,1,0.659907140,0.999989510,1,1,1,1,1,deberta_fallback
1642,1,0.789889792,0.999982476,1,1,1,1,1,deberta_fallback
1643,1,0.832850884,0.999989390,1,1,1,1,1,deberta_fallback
1644,1,0.766528342,0.999989867,1,1,1,1,1,deberta_fallback
1645,1,0.777996413,0.999979973,1,1,1,1,1,deberta_fallback
1646,1,0.980182926,0.999990582,1,1,1,1,1,tfidf_direct_attack
1647,1,0.753495288,0.999969244,1,1,1,1,1,deberta_fallback
1648,1,0.394203447,0.996986210,0,1,0,1,1,deberta_fallback
1649,1,0.681483148,0.999973416,1,1,1,1,1,deberta_fallback
1650,1,0.861006437,0.999989510,1,1,1,1,1,deberta_fallback
1651,1,0.959479391,0.999992847,1,1,1,1,1,tfidf_direct_attack
1652,1,0.195098342,0.996475518,0,1,0,1,1,deberta_fallback
1653,1,0.853610832,0.999990582,1,1,1,1,1,deberta_fallback
1654,1,0.713357810,0.999901175,1,1,1,1,1,deberta_fallback
1655,1,0.648409279,0.999921441,1,1,0,1,1,deberta_fallback
1656,1,0.818038703,0.999991894,1,1,1,1,1,deberta_fallback
1657,1,0.942712868,0.999991536,1,1,1,1,1,tfidf_direct_attack
1658,1,0.683334412,0.999992967,1,1,1,1,1,deberta_fallback
1659,1,0.794116908,0.999991417,1,1,1,1,1,deberta_fallback
1660,1,0.768251985,0.999992967,1,1,1,1,1,deberta_fallback
1661,1,0.737688117,0.999991655,1,1,1,1,1,deberta_fallback
1662,1,0.754818909,0.999991536,1,1,1,1,1,deberta_fallback
1663,1,0.892803233,0.999984980,1,1,1,1,1,deberta_fallback
1664,1,0.907086731,0.999989271,1,1,1,1,1,deberta_fallback
1665,0,0.626609666,0.991014540,1,1,0,1,1,deberta_fallback
1666,0,0.936148232,0.999866128,1,1,1,1,1,tfidf_direct_attack
1667,0,0.883224020,0.998923838,1,1,1,1,1,deberta_fallback
1668,0,0.238133550,0.993355036,0,1,0,1,1,deberta_fallback
1669,0,0.885447110,0.999633193,1,1,1,1,1,deberta_fallback
1670,0,0.698471599,0.999988675,1,1,1,1,1,deberta_fallback
1671,0,0.775377944,0.999976873,1,1,1,1,1,deberta_fallback
1672,0,0.725397131,0.995698094,1,1,1,1,1,deberta_fallback
1673,0,0.439187155,0.057789326,0,0,0,0,0,deberta_fallback
1674,0,0.905119878,0.999990582,1,1,1,1,1,deberta_fallback
1675,0,0.844202321,0.999844074,1,1,1,1,1,deberta_fallback
1676,0,0.755015019,0.833415687,1,1,1,0,0,deberta_fallback
1677,0,0.789381219,0.049023140,1,0,1,0,0,deberta_fallback
1678,0,0.423085922,0.924709439,0,1,0,1,1,deberta_fallback
1679,0,0.643235824,0.996081889,1,1,0,1,1,deberta_fallback
1680,0,0.640595281,0.999973536,1,1,0,1,1,deberta_fallback
1681,0,0.757228153,0.999135315,1,1,1,1,1,deberta_fallback
1682,0,0.372924259,0.999679327,0,1,0,1,1,deberta_fallback
1683,0,0.878441316,0.999975801,1,1,1,1,1,deberta_fallback
1684,0,0.565234383,0.999962568,1,1,0,1,1,deberta_fallback
1685,0,0.796521161,0.999976635,1,1,1,1,1,deberta_fallback
1686,0,0.763221974,0.998867750,1,1,1,1,1,deberta_fallback
1687,0,0.898446988,0.999963880,1,1,1,1,1,deberta_fallback
1688,0,0.788169610,0.999975920,1,1,1,1,1,deberta_fallback
1689,0,0.697537346,0.999702513,1,1,1,1,1,deberta_fallback
1690,0,0.692264856,0.998590410,1,1,1,1,1,deberta_fallback
1691,0,0.781084842,0.999256194,1,1,1,1,1,deberta_fallback
1692,0,0.705212604,0.999980092,1,1,1,1,1,deberta_fallback
1693,0,0.697038668,0.999925852,1,1,1,1,1,deberta_fallback
1694,0,0.939568736,0.999980092,1,1,1,1,1,tfidf_direct_attack
1695,0,0.819133118,0.985020876,1,1,1,1,1,deberta_fallback
1696,0,0.387853285,0.999570072,0,1,0,1,1,deberta_fallback
1697,0,0.328144475,0.999510407,0,1,0,1,1,deberta_fallback
1698,0,0.578809864,0.998206258,1,1,0,1,1,deberta_fallback
1699,0,0.667635930,0.000228586,1,0,1,0,0,deberta_fallback
1700,0,0.968833769,0.999991059,1,1,1,1,1,tfidf_direct_attack
1701,0,0.245146402,0.997705400,0,1,0,1,1,deberta_fallback
1702,0,0.773324196,0.999911547,1,1,1,1,1,deberta_fallback
1703,0,0.856448480,0.999930263,1,1,1,1,1,deberta_fallback
1704,0,0.905119878,0.999990702,1,1,1,1,1,deberta_fallback
1705,0,0.837774187,0.997599542,1,1,1,1,1,deberta_fallback
1706,0,0.327060532,0.998836935,0,1,0,1,1,deberta_fallback
1707,0,0.759364504,0.999953866,1,1,1,1,1,deberta_fallback
1708,0,0.356904070,0.999543309,0,1,0,1,1,deberta_fallback
1709,0,0.937880029,0.994144857,1,1,1,1,1,tfidf_direct_attack
1710,0,0.938546969,0.985724807,1,1,1,1,1,tfidf_direct_attack
1711,0,0.520025491,0.997242093,1,1,0,1,1,deberta_fallback
1712,0,0.953674332,0.999932051,1,1,1,1,1,tfidf_direct_attack
1713,0,0.781879007,0.000525868,1,0,1,0,0,deberta_fallback
1714,0,0.877459423,0.999729335,1,1,1,1,1,deberta_fallback
1715,0,0.626137098,0.012184028,1,0,0,0,0,deberta_fallback
1716,0,0.603529590,0.994345963,1,1,0,1,1,deberta_fallback
1717,0,0.525658917,0.999832988,1,1,0,1,1,deberta_fallback
1718,0,0.811989976,0.999990344,1,1,1,1,1,deberta_fallback
1719,0,0.752156254,0.999728739,1,1,1,1,1,deberta_fallback
1720,0,0.625249689,0.999863148,1,1,0,1,1,deberta_fallback
1721,0,0.977599467,0.999955535,1,1,1,1,1,tfidf_direct_attack
1722,0,0.584068041,0.999576032,1,1,0,1,1,deberta_fallback
1723,0,0.233311147,0.000688856,0,0,0,0,0,deberta_fallback
1724,0,0.351430235,0.998148084,0,1,0,1,1,deberta_fallback
1725,0,0.878291930,0.999964833,1,1,1,1,1,deberta_fallback
1726,0,0.635685365,0.976273179,1,1,0,1,1,deberta_fallback
1727,0,0.781434120,0.999265254,1,1,1,1,1,deberta_fallback
1728,0,0.894899701,0.999937892,1,1,1,1,1,deberta_fallback
1729,0,0.658532081,0.999728858,1,1,1,1,1,deberta_fallback
1730,0,0.845091674,0.999927044,1,1,1,1,1,deberta_fallback
1731,0,0.781099993,0.999907613,1,1,1,1,1,deberta_fallback
1732,0,0.354759084,0.996387839,0,1,0,1,1,deberta_fallback
1733,0,0.850021056,0.971757114,1,1,1,1,1,deberta_fallback
1734,0,0.762238276,0.999986649,1,1,1,1,1,deberta_fallback
1735,0,0.960768091,0.975761712,1,1,1,1,1,tfidf_direct_attack
1736,0,0.791588286,0.999961972,1,1,1,1,1,deberta_fallback
1737,0,0.830798042,0.999913216,1,1,1,1,1,deberta_fallback
1738,0,0.494211353,0.999383330,0,1,0,1,1,deberta_fallback
1739,0,0.941427975,0.961176991,1,1,1,1,1,tfidf_direct_attack
1740,0,0.793841208,0.999930143,1,1,1,1,1,deberta_fallback
1741,0,0.761021899,0.999758184,1,1,1,1,1,deberta_fallback
1742,0,0.502562363,0.650404096,1,1,0,0,0,deberta_fallback
1743,0,0.776299152,0.998766541,1,1,1,1,1,deberta_fallback
1744,0,0.863609550,0.998503447,1,1,1,1,1,deberta_fallback
1745,0,0.899699713,0.999955058,1,1,1,1,1,deberta_fallback
1746,0,0.233609306,0.259154499,0,0,0,0,0,deberta_fallback
1747,0,0.775562340,0.999959707,1,1,1,1,1,deberta_fallback
1748,0,0.972646092,0.999604762,1,1,1,1,1,tfidf_direct_attack
1749,0,0.950004838,0.999978542,1,1,1,1,1,tfidf_direct_attack
1750,0,0.590730588,0.999953985,1,1,0,1,1,deberta_fallback
1751,0,0.614970362,0.999565780,1,1,0,1,1,deberta_fallback
1752,0,0.886999334,0.999964833,1,1,1,1,1,deberta_fallback
1753,0,0.661715434,0.999836445,1,1,1,1,1,deberta_fallback
1754,0,0.668440318,0.999987841,1,1,1,1,1,deberta_fallback
1755,0,0.932200917,0.999834657,1,1,1,1,1,tfidf_direct_attack
1756,0,0.246262401,0.633935452,0,1,0,0,0,deberta_fallback
1757,0,0.907894969,0.999258816,1,1,1,1,1,deberta_fallback
1758,0,0.678347255,0.998567581,1,1,1,1,1,deberta_fallback
1759,0,0.316092875,0.011450588,0,0,0,0,0,deberta_fallback
1760,0,0.819569878,0.999921083,1,1,1,1,1,deberta_fallback
1761,0,0.670010108,0.004598286,1,0,1,0,0,deberta_fallback
1762,0,0.740051897,0.999789536,1,1,1,1,1,deberta_fallback
1763,0,0.644575801,0.999968410,1,1,0,1,1,deberta_fallback
1764,0,0.817916636,0.999975681,1,1,1,1,1,deberta_fallback
1765,0,0.980593216,0.999980092,1,1,1,1,1,tfidf_direct_attack
1766,0,0.275285059,0.998060048,0,1,0,1,1,deberta_fallback
1767,0,0.364451662,0.999247551,0,1,0,1,1,deberta_fallback
1768,0,0.758949183,0.999805391,1,1,1,1,1,deberta_fallback
1769,0,0.906119783,0.999870062,1,1,1,1,1,deberta_fallback
1770,0,0.723178912,0.999808490,1,1,1,1,1,deberta_fallback
1771,0,0.746409462,0.999880314,1,1,1,1,1,deberta_fallback
1772,0,0.359202166,0.999325633,0,1,0,1,1,deberta_fallback
1773,0,0.775099424,0.000697902,1,0,1,0,0,deberta_fallback
1774,0,0.985698859,0.999981403,1,1,1,1,1,tfidf_direct_attack
1775,0,0.891619031,0.998563349,1,1,1,1,1,deberta_fallback
1776,0,0.971858417,0.999933243,1,1,1,1,1,tfidf_direct_attack
1777,0,0.909495647,0.999984860,1,1,1,1,1,deberta_fallback
1778,0,0.849988857,0.999950528,1,1,1,1,1,deberta_fallback
1779,0,0.782147725,0.997159958,1,1,1,1,1,deberta_fallback
1780,0,0.354976038,0.999625564,0,1,0,1,1,deberta_fallback
1781,0,0.712084796,0.999842644,1,1,1,1,1,deberta_fallback
1782,0,0.620644257,0.999986768,1,1,0,1,1,deberta_fallback
1783,0,0.161688839,0.736367941,0,1,0,0,0,deberta_fallback
1784,0,0.584715594,0.147311151,1,0,0,0,0,deberta_fallback
1785,0,0.639567263,0.997588873,1,1,0,1,1,deberta_fallback
1786,0,0.774641566,0.952967942,1,1,1,1,1,deberta_fallback
1787,0,0.910585881,0.999788582,1,1,1,1,1,deberta_fallback
1788,0,0.753152347,0.999960184,1,1,1,1,1,deberta_fallback
1789,0,0.468963444,0.999760091,0,1,0,1,1,deberta_fallback
1790,0,0.318389958,0.000847072,0,0,0,0,0,deberta_fallback
1791,0,0.537511673,0.814638197,1,1,0,0,0,deberta_fallback
1792,0,0.321262594,0.993026137,0,1,0,1,1,deberta_fallback
1793,0,0.863712826,0.999982595,1,1,1,1,1,deberta_fallback
1794,0,0.829591735,0.999966860,1,1,1,1,1,deberta_fallback
1795,0,0.918405395,0.998474419,1,1,1,1,1,tfidf_direct_attack
1796,0,0.871456010,0.879507422,1,1,1,1,1,deberta_fallback
1797,0,0.852734221,0.999952197,1,1,1,1,1,deberta_fallback
1798,0,0.787830966,0.999806106,1,1,1,1,1,deberta_fallback
1799,0,0.501268364,0.009660630,1,0,0,0,0,deberta_fallback
1800,0,0.883318321,0.999971986,1,1,1,1,1,deberta_fallback
1801,0,0.937161361,0.988383353,1,1,1,1,1,tfidf_direct_attack
1802,0,0.699119336,0.999990344,1,1,1,1,1,deberta_fallback
1803,0,0.851821546,0.001160039,1,0,1,0,0,deberta_fallback
1804,0,0.802223559,0.999930263,1,1,1,1,1,deberta_fallback
1805,0,0.662639848,0.999503613,1,1,1,1,1,deberta_fallback
1806,0,0.257880748,0.995176435,0,1,0,1,1,deberta_fallback
1807,0,0.210467459,0.002423929,0,0,0,0,0,deberta_fallback
1808,0,0.662520495,0.000256481,1,0,1,0,0,deberta_fallback
1809,0,0.637054823,0.999967456,1,1,0,1,1,deberta_fallback
1810,0,0.930932685,0.999982357,1,1,1,1,1,tfidf_direct_attack
1811,0,0.913672173,0.999964237,1,1,1,1,1,deberta_fallback
1812,0,0.224562616,0.000781760,0,0,0,0,0,deberta_fallback
1813,0,0.646373257,0.972346783,1,1,0,1,1,deberta_fallback
1814,0,0.798843868,0.938022017,1,1,1,1,1,deberta_fallback
1815,0,0.792132560,0.999875069,1,1,1,1,1,deberta_fallback
1816,0,0.955465777,0.999982238,1,1,1,1,1,tfidf_direct_attack
1817,0,0.498010120,0.999780357,0,1,0,1,1,deberta_fallback
1818,0,0.591841332,0.999248445,1,1,0,1,1,deberta_fallback
1819,0,0.245732458,0.911905527,0,1,0,1,1,deberta_fallback
1820,0,0.793616245,0.998059332,1,1,1,1,1,deberta_fallback
1821,0,0.406112155,0.999439180,0,1,0,1,1,deberta_fallback
1822,0,0.903093157,0.999975443,1,1,1,1,1,deberta_fallback
1823,0,0.747598826,0.999956131,1,1,1,1,1,deberta_fallback
1824,0,0.506743794,0.999844670,1,1,0,1,1,deberta_fallback
1825,0,0.544893114,0.999004543,1,1,0,1,1,deberta_fallback
1826,0,0.696184033,0.999612272,1,1,1,1,1,deberta_fallback
1827,0,0.650435405,0.999977469,1,1,0,1,1,deberta_fallback
1828,0,0.239183520,0.739767909,0,1,0,0,0,deberta_fallback
1829,0,0.897311789,0.999958873,1,1,1,1,1,deberta_fallback
1830,0,0.818731885,0.998102367,1,1,1,1,1,deberta_fallback
1831,0,0.901184939,0.999981284,1,1,1,1,1,deberta_fallback
1832,0,0.825236581,0.999945998,1,1,1,1,1,deberta_fallback
1833,0,0.948194063,0.999528170,1,1,1,1,1,tfidf_direct_attack
1834,0,0.836711688,0.999976039,1,1,1,1,1,deberta_fallback
1835,0,0.639478761,0.981747925,1,1,0,1,1,deberta_fallback
1836,0,0.972130227,0.999970317,1,1,1,1,1,tfidf_direct_attack
1837,0,0.797746378,0.999958038,1,1,1,1,1,deberta_fallback
1838,0,0.247773518,0.012208645,0,0,0,0,0,deberta_fallback
1839,0,0.636056916,0.999971747,1,1,0,1,1,deberta_fallback
1840,0,0.823228990,0.936636865,1,1,1,1,1,deberta_fallback
1841,0,0.422507162,0.999879837,0,1,0,1,1,deberta_fallback
1842,0,0.840395552,0.999972224,1,1,1,1,1,deberta_fallback
1843,0,0.753550525,0.989423931,1,1,1,1,1,deberta_fallback
1844,0,0.383403903,0.987921596,0,1,0,1,1,deberta_fallback
1845,0,0.353837957,0.907133400,0,1,0,1,1,deberta_fallback
1846,0,0.268790276,0.999327660,0,1,0,1,1,deberta_fallback
1847,0,0.624150658,0.001260496,1,0,0,0,0,deberta_fallback
1848,0,0.892633881,0.999898314,1,1,1,1,1,deberta_fallback
1849,0,0.654461232,0.999979138,1,1,1,1,1,deberta_fallback
1850,0,0.582095445,0.859488010,1,1,0,0,0,deberta_fallback
1851,0,0.367674492,0.998418808,0,1,0,1,1,deberta_fallback
1852,0,0.867401482,0.999884844,1,1,1,1,1,deberta_fallback
1853,0,0.347070151,0.001879263,0,0,0,0,0,deberta_fallback
1854,0,0.715479849,0.999964595,1,1,1,1,1,deberta_fallback
1855,0,0.914871503,0.999936938,1,1,1,1,1,deberta_fallback
1856,0,0.585865315,0.999926448,1,1,0,1,1,deberta_fallback
1857,0,0.230928113,0.995606244,0,1,0,1,1,deberta_fallback
1858,0,0.624868194,0.999708474,1,1,0,1,1,deberta_fallback
1859,0,0.806765366,0.897291124,1,1,1,1,1,deberta_fallback
1860,0,0.921382511,0.999954939,1,1,1,1,1,tfidf_direct_attack
1861,0,0.724123826,0.999978423,1,1,1,1,1,deberta_fallback
1862,0,0.939278092,0.998273492,1,1,1,1,1,tfidf_direct_attack
1863,0,0.389479387,0.579251111,0,1,0,0,0,deberta_fallback
1864,0,0.844473925,0.999978065,1,1,1,1,1,deberta_fallback
1865,0,0.559208393,0.998082995,1,1,0,1,1,deberta_fallback
1866,0,0.812716392,0.999870539,1,1,1,1,1,deberta_fallback
1867,0,0.748136833,0.999779761,1,1,1,1,1,deberta_fallback
1868,0,0.748494018,0.464455277,1,0,1,0,0,deberta_fallback
1869,0,0.308763381,0.106138043,0,0,0,0,0,deberta_fallback
1870,0,0.309010243,0.997746885,0,1,0,1,1,deberta_fallback
1871,0,0.980557962,0.261585921,1,0,1,0,1,tfidf_direct_attack
1872,0,0.767600274,0.990874290,1,1,1,1,1,deberta_fallback
1873,0,0.896570414,0.999983549,1,1,1,1,1,deberta_fallback
1874,0,0.619998695,0.999629498,1,1,0,1,1,deberta_fallback
1875,0,0.474820115,0.037532475,0,0,0,0,0,deberta_fallback
1876,0,0.476844722,0.912570417,0,1,0,1,1,deberta_fallback
1877,0,0.641229568,0.999977708,1,1,0,1,1,deberta_fallback
1878,0,0.729781944,0.999926686,1,1,1,1,1,deberta_fallback
1879,0,0.448252035,0.999398947,0,1,0,1,1,deberta_fallback
1880,0,0.636494271,0.999895573,1,1,0,1,1,deberta_fallback
1881,0,0.558568688,0.994775176,1,1,0,1,1,deberta_fallback
1882,0,0.428127372,0.999716222,0,1,0,1,1,deberta_fallback
1883,0,0.740851051,0.999655843,1,1,1,1,1,deberta_fallback
1884,0,0.894306592,0.999663234,1,1,1,1,1,deberta_fallback
1885,0,0.578851968,0.589036524,1,1,0,0,0,deberta_fallback
1886,0,0.598127684,0.975033581,1,1,0,1,1,deberta_fallback
1887,0,0.470306308,0.997201800,0,1,0,1,1,deberta_fallback
1888,0,0.702920245,0.487984031,1,0,1,0,0,deberta_fallback
1889,0,0.661590808,0.999467552,1,1,1,1,1,deberta_fallback
1890,0,0.748783559,0.998499274,1,1,1,1,1,deberta_fallback
1891,0,0.721229459,0.999800146,1,1,1,1,1,deberta_fallback
1892,0,0.312583090,0.047316905,0,0,0,0,0,deberta_fallback
1893,0,0.576476831,0.999955058,1,1,0,1,1,deberta_fallback
1894,0,0.425052358,0.999762356,0,1,0,1,1,deberta_fallback
1895,0,0.800198627,0.999985218,1,1,1,1,1,deberta_fallback
1896,0,0.738229197,0.997225821,1,1,1,1,1,deberta_fallback
1897,0,0.674400597,0.015373928,1,0,1,0,0,deberta_fallback
1898,0,0.613181781,0.503531456,1,1,0,0,0,deberta_fallback
1899,0,0.123805781,0.000429267,0,0,0,0,0,deberta_fallback
1900,0,0.642333599,0.999966979,1,1,0,1,1,deberta_fallback
1901,0,0.571180419,0.022111937,1,0,0,0,0,deberta_fallback
1902,0,0.715751359,0.995838881,1,1,1,1,1,deberta_fallback
1903,0,0.768502487,0.999980569,1,1,1,1,1,deberta_fallback
1904,0,0.307627390,0.688759446,0,1,0,0,0,deberta_fallback
1905,0,0.806506967,0.999919772,1,1,1,1,1,deberta_fallback
1906,0,0.116975892,0.000691675,0,0,0,0,0,deberta_fallback
1907,0,0.316878350,0.999055564,0,1,0,1,1,deberta_fallback
1908,0,0.630401244,0.999811709,1,1,0,1,1,deberta_fallback
1909,0,0.799037289,0.999726713,1,1,1,1,1,deberta_fallback
1910,0,0.873343217,0.999976993,1,1,1,1,1,deberta_fallback
1911,0,0.667475393,0.999032736,1,1,1,1,1,deberta_fallback
1912,0,0.627381542,0.999733031,1,1,0,1,1,deberta_fallback
1913,0,0.740914295,0.999249399,1,1,1,1,1,deberta_fallback
1914,0,0.936877288,0.997971475,1,1,1,1,1,tfidf_direct_attack
1915,0,0.924323538,0.988413274,1,1,1,1,1,tfidf_direct_attack
1916,0,0.526831746,0.240953088,1,0,0,0,0,deberta_fallback
1917,0,0.334969219,0.998879492,0,1,0,1,1,deberta_fallback
1918,0,0.367502970,0.356675148,0,0,0,0,0,deberta_fallback
1919,0,0.666230024,0.998732388,1,1,1,1,1,deberta_fallback
1920,0,0.163452705,0.000194888,0,0,0,0,0,deberta_fallback
1921,0,0.801942417,0.999919415,1,1,1,1,1,deberta_fallback
1922,0,0.780728627,0.999966621,1,1,1,1,1,deberta_fallback
1923,0,0.898418958,0.999573290,1,1,1,1,1,deberta_fallback
1924,0,0.748445253,0.999977112,1,1,1,1,1,deberta_fallback
1925,0,0.912353419,0.999980092,1,1,1,1,1,deberta_fallback
1926,0,0.851508788,0.999952674,1,1,1,1,1,deberta_fallback
1927,0,0.822530635,0.999600828,1,1,1,1,1,deberta_fallback
1928,0,0.698676303,0.999742448,1,1,1,1,1,deberta_fallback
1929,0,0.821553072,0.999920607,1,1,1,1,1,deberta_fallback
1930,0,0.944466769,0.999938250,1,1,1,1,1,tfidf_direct_attack
1931,0,0.660297169,0.999491334,1,1,1,1,1,deberta_fallback
1932,0,0.942612826,0.999954462,1,1,1,1,1,tfidf_direct_attack
1933,0,0.755438953,0.999834418,1,1,1,1,1,deberta_fallback
1934,0,0.813477481,0.999970555,1,1,1,1,1,deberta_fallback
1935,0,0.952476637,0.999241710,1,1,1,1,1,tfidf_direct_attack
1936,0,0.876551009,0.999568522,1,1,1,1,1,deberta_fallback
1937,0,0.737381496,0.999963045,1,1,1,1,1,deberta_fallback
1938,0,0.768318582,0.028726535,1,0,1,0,0,deberta_fallback
1939,0,0.552095919,0.000355532,1,0,0,0,0,deberta_fallback
1940,0,0.731143672,0.979930639,1,1,1,1,1,deberta_fallback
1941,0,0.615466264,0.250899523,1,0,0,0,0,deberta_fallback
1942,0,0.736484684,0.998026013,1,1,1,1,1,deberta_fallback
1943,0,0.606717092,0.997816563,1,1,0,1,1,deberta_fallback
1944,0,0.664749587,0.992302895,1,1,1,1,1,deberta_fallback
1945,0,0.907433806,0.999746144,1,1,1,1,1,deberta_fallback
1946,0,0.730618405,0.032535683,1,0,1,0,0,deberta_fallback
1947,0,0.830798042,0.999895215,1,1,1,1,1,deberta_fallback
1948,0,0.398324451,0.537737787,0,1,0,0,0,deberta_fallback
1949,0,0.553537959,0.999968052,1,1,0,1,1,deberta_fallback
1950,0,0.385597948,0.001893051,0,0,0,0,0,deberta_fallback
1951,0,0.772922505,0.999577820,1,1,1,1,1,deberta_fallback
1952,0,0.385015227,0.011354705,0,0,0,0,0,deberta_fallback
1953,0,0.409430549,0.088330179,0,0,0,0,0,deberta_fallback
1954,0,0.602446846,0.885379136,1,1,0,1,1,deberta_fallback
1955,0,0.359301522,0.999592721,0,1,0,1,1,deberta_fallback
1956,0,0.769302305,0.067446329,1,0,1,0,0,deberta_fallback
1957,0,0.784046828,0.999973893,1,1,1,1,1,deberta_fallback
1958,0,0.897182220,0.999968767,1,1,1,1,1,deberta_fallback
1959,0,0.808719612,0.999875665,1,1,1,1,1,deberta_fallback
1960,0,0.901520654,0.999987841,1,1,1,1,1,deberta_fallback
1961,0,0.929980844,0.999620795,1,1,1,1,1,tfidf_direct_attack
1962,0,0.798925342,0.999274552,1,1,1,1,1,deberta_fallback
1963,0,0.441474045,0.996505141,0,1,0,1,1,deberta_fallback
1964,0,0.800203368,0.999289513,1,1,1,1,1,deberta_fallback
1965,0,0.880877912,0.999979615,1,1,1,1,1,deberta_fallback
1966,0,0.778786425,0.999762833,1,1,1,1,1,deberta_fallback
1967,0,0.865788119,0.999957561,1,1,1,1,1,deberta_fallback
1968,0,0.675249869,0.999987006,1,1,1,1,1,deberta_fallback
1969,0,0.340972577,0.999298334,0,1,0,1,1,deberta_fallback
1970,0,0.801168595,0.998900414,1,1,1,1,1,deberta_fallback
1971,0,0.732410599,0.998467147,1,1,1,1,1,deberta_fallback
1972,0,0.340237432,0.015857337,0,0,0,0,0,deberta_fallback
1973,0,0.533736453,0.999829412,1,1,0,1,1,deberta_fallback
1974,0,0.905302802,0.998035848,1,1,1,1,1,deberta_fallback
1975,0,0.790099875,0.999927402,1,1,1,1,1,deberta_fallback
1976,0,0.870583453,0.999728978,1,1,1,1,1,deberta_fallback
1977,0,0.619047819,0.999942660,1,1,0,1,1,deberta_fallback
1978,0,0.976321158,0.998125494,1,1,1,1,1,tfidf_direct_attack
1979,0,0.367881099,0.920219421,0,1,0,1,1,deberta_fallback
1980,0,0.517289262,0.999832153,1,1,0,1,1,deberta_fallback
1981,0,0.793585613,0.999807656,1,1,1,1,1,deberta_fallback
1982,0,0.387936990,0.973016739,0,1,0,1,1,deberta_fallback
1983,0,0.313191889,0.087272249,0,0,0,0,0,deberta_fallback
1984,0,0.738684864,0.998521864,1,1,1,1,1,deberta_fallback
1985,0,0.543123103,0.999460280,1,1,0,1,1,deberta_fallback
1986,0,0.819792888,0.000477816,1,0,1,0,0,deberta_fallback
1987,0,0.556257369,0.971318960,1,1,0,1,1,deberta_fallback
1988,0,0.608812762,0.998607457,1,1,0,1,1,deberta_fallback
1989,0,0.358880236,0.999365747,0,1,0,1,1,deberta_fallback
1990,0,0.432824077,0.991385341,0,1,0,1,1,deberta_fallback
1991,0,0.313284064,0.001417770,0,0,0,0,0,deberta_fallback
1992,0,0.312490500,0.999373376,0,1,0,1,1,deberta_fallback
1993,0,0.819229509,0.999199688,1,1,1,1,1,deberta_fallback
1994,0,0.936485462,0.999967933,1,1,1,1,1,tfidf_direct_attack
1995,0,0.684415107,0.999091744,1,1,1,1,1,deberta_fallback
1996,0,0.955359014,0.999967098,1,1,1,1,1,tfidf_direct_attack
1997,0,0.748547608,0.985302448,1,1,1,1,1,deberta_fallback
